{"type":"FeatureCollection","features":[{"id":"60","type":"Feature","properties":{"ST_NAME":"ASSAM","AC_NO":126,"AC_NAME":"Sadiya","DIST_NAME":"TINSUKIA","PC_NAME":"LAKHIMPUR"},"geometry":{"type":"Polygon","coordinates":[[[95.9710082663185,27.96129547500624],[95.94782720546124,27.93708376320518],[95.95251129016395,27.920406486070533],[95.92966099186134,27.90309874551076],[95.93742005289317,27.89838962368225],[95.91526665273392,27.889204853021624],[95.92493437911838,27.881876115790135],[95.91526604659083,27.883636541393344],[95.91055802553251,27.87035140719172],[95.90099647760542,27.867774236192076],[95.90457119910161,27.862001965518346],[95.89008651677938,27.860051093183472],[95.87062296188026,27.83284349862862],[95.8376518983165,27.824102108125828],[95.83804291005231,27.81028481808994],[95.81692530405957,27.803229450478796],[95.79952631198978,27.773158926243525],[95.77576125297952,27.75353831823884],[95.77883450620755,27.733089230483642],[95.75277948548495,27.724639155572618],[95.76535178285854,27.71474662565629],[95.76803902817869,27.686832547983727],[95.7905167994108,27.680045120785735],[95.77351938880878,27.67193484301862],[95.77375666413877,27.651696608511713],[95.76223809701065,27.6260194649264],[95.7688695754706,27.583664461445778],[95.75848821725748,27.575540008564587],[95.72590011919522,27.575525011470177],[95.72735065101182,27.60156328231966],[95.71306931439739,27.60216712311427],[95.70752201273075,27.591034978481503],[95.69449938254053,27.593237435259482],[95.6827639744779,27.581852927370733],[95.69193835257295,27.604430629470016],[95.68103035856427,27.614592357950983],[95.65866378400648,27.607884513559497],[95.65073725392119,27.594174567502364],[95.63680959638583,27.597465646422506],[95.63786776388628,27.628101991713606],[95.62306149838952,27.640485333431457],[95.60382564014122,27.633441666899444],[95.5721767985205,27.603232332306334],[95.56522431335145,27.6048849831555],[95.55794617737422,27.62728618161202],[95.54052000329557,27.619219106376704],[95.53099004315601,27.623774308337715],[95.52969198959369,27.637466100680058],[95.5103112415706,27.645777989362784],[95.45917553462328,27.622160000983285],[95.48952666892069,27.689510751520004],[95.4659414806149,27.6964613238311],[95.4419164437889,27.692618793222778],[95.45367855542105,27.72756083166712],[95.4493768570564,27.766849831354705],[95.48941549922597,27.8526727061805],[95.51336255313936,27.857886489769726],[95.51412011325266,27.879429959824847],[95.54336611115718,27.8991390845012],[95.54523080146038,27.911604929124223],[95.56295133353728,27.919109368702436],[95.57470996569242,27.939776887393464],[95.58640397436398,27.93728993907945],[95.60479409936823,27.954846560720227],[95.82083170541893,27.971272038473842],[95.9710082663185,27.96129547500624]]]}},{"id":"61","type":"Feature","properties":{"ST_NAME":"ASSAM","AC_NO":114,"AC_NAME":"Jonai","DIST_NAME":"DHEMAJI","PC_NAME":"LAKHIMPUR"},"geometry":{"type":"Polygon","coordinates":[[[95.51412011325266,27.879429959824847],[95.51336255313936,27.857886489769726],[95.48941549922597,27.8526727061805],[95.4493768570564,27.766849831354705],[95.398662586809,27.7258147277675],[95.31803898680982,27.69580161715095],[95.28680143663706,27.694384875561582],[95.25683270846281,27.659082142426996],[95.21795662080149,27.654223655797125],[95.19140893077758,27.66725964721502],[95.20399777927418,27.708451115027003],[95.11929683837843,27.680575356567488],[95.10418486993586,27.662681422609637],[95.06064169475849,27.66039067578913],[95.03879528537419,27.668156236221364],[95.02627639064298,27.65886638337696],[94.98202347050682,27.651011697431954],[94.95495879980882,27.628092478685005],[94.94582378324105,27.60906637471345],[94.91913954195638,27.600856830678254],[94.8790773276566,27.57394853589625],[94.86925682534229,27.557084020810976],[94.81505722261278,27.51527746168557],[94.8181752557835,27.50573719801332],[94.79311522069094,27.48267414259766],[94.77106919418804,27.482521121152843],[94.74998078918213,27.45434661690291],[94.74679888076378,27.43782906026297],[94.73133836837104,27.442550510897433],[94.71889457422526,27.42698160411777],[94.68855209860055,27.415149823805393],[94.7015780113162,27.447942260427055],[94.70159901228465,27.472304174298245],[94.67908723049135,27.48811033482417],[94.67934282321278,27.5387200921586],[94.67247477089404,27.55740271896036],[94.68378424744515,27.590615596732448],[94.64909727831679,27.63951939680277],[94.68293330083122,27.646294863017545],[94.68813248752434,27.665395125984332],[94.7099369642196,27.65685307560898],[94.72524004848952,27.669282249476282],[94.75420291463286,27.66091970288204],[94.7940213838798,27.695565484859287],[94.82121532222942,27.692203854124614],[94.8406773087109,27.70065111056033],[94.85209841181234,27.727266177791932],[95.30895205789119,27.86802548968467],[95.379490817847,27.83925041007842],[95.51412011325266,27.879429959824847]]]}},{"id":"62","type":"Feature","properties":{"ST_NAME":"ASSAM","AC_NO":121,"AC_NAME":"Chabua","DIST_NAME":"TINSUKIA","PC_NAME":"LAKHIMPUR"},"geometry":{"type":"Polygon","coordinates":[[[95.4493768570564,27.766849831354705],[95.45367855542105,27.72756083166712],[95.43948852787332,27.69741556567584],[95.48952666892069,27.689510751520004],[95.48641068080832,27.67357303097066],[95.45917553462328,27.622160000983285],[95.36685315145183,27.5882041707859],[95.36563886074487,27.579234767970206],[95.38047955228956,27.567777475250352],[95.4178875102005,27.561919089094715],[95.40991552837897,27.542232389013577],[95.42433759630308,27.51270468207548],[95.42178174283322,27.484875578645074],[95.36313955304797,27.489128322414217],[95.34027321803467,27.486055941528548],[95.32654742772166,27.474769537983832],[95.27591217550656,27.469959105728208],[95.24886395340877,27.47449992213376],[95.22761393123801,27.49002306691108],[95.23543782979209,27.503015034716157],[95.26068394630715,27.510615020966497],[95.26883975764878,27.5256673805452],[95.26307092328454,27.536646328365407],[95.26773529035142,27.547037478396987],[95.2783253767148,27.54706593564447],[95.28172925130394,27.555537605076438],[95.27537846564371,27.57340475812316],[95.28817651353535,27.56885262554829],[95.29955697267621,27.583730259443996],[95.31930910832875,27.58779469776715],[95.28860667275978,27.670221775714424],[95.27406899338939,27.682861777648952],[95.28680143663706,27.694384875561582],[95.31803898680982,27.69580161715095],[95.398662586809,27.7258147277675],[95.4493768570564,27.766849831354705]]]}},{"id":"63","type":"Feature","properties":{"ST_NAME":"ASSAM","AC_NO":116,"AC_NAME":"Dibrugarh","DIST_NAME":"DIBRUGARH","PC_NAME":"DIBRUGARH"},"geometry":{"type":"Polygon","coordinates":[[[95.21795662080149,27.654223655797125],[95.19133320516335,27.60512490249232],[95.06471968946215,27.58984019676774],[95.0399300247509,27.572469197895202],[94.99250498351824,27.536535299864227],[95.0085731237507,27.51869412823146],[94.99648853052133,27.496394605326827],[94.96744832807792,27.50828046097456],[94.92893392975714,27.470584340494952],[94.91014617760408,27.419137676762432],[94.88306841187779,27.422721145964147],[94.86368972869809,27.447237919494455],[94.82505358915188,27.471901741172474],[94.81512460251844,27.466538409320208],[94.81631501172848,27.47542192957843],[94.80106811530135,27.493800944358156],[94.8790773276566,27.57394853589625],[94.91913954195638,27.600856830678254],[94.94582378324105,27.60906637471345],[94.95495879980882,27.628092478685005],[94.98202347050682,27.651011697431954],[95.02627639064298,27.65886638337696],[95.03879528537419,27.668156236221364],[95.06064169475849,27.66039067578913],[95.10418486993586,27.662681422609637],[95.11929683837843,27.680575356567488],[95.20399777927418,27.708451115027003],[95.19140893077758,27.66725964721502],[95.21795662080149,27.654223655797125]]]}},{"id":"64","type":"Feature","properties":{"ST_NAME":"ASSAM","AC_NO":124,"AC_NAME":"Margherita","DIST_NAME":"TINSUKIA","PC_NAME":"DIBRUGARH"},"geometry":{"type":"Polygon","coordinates":[[[95.79572290458844,27.641622897578713],[95.78940968720735,27.625908940944896],[95.77855978040958,27.618749705234734],[95.79039782180212,27.611870291780576],[95.79253674147748,27.597841434434713],[95.81811290198891,27.596842850617122],[95.81454719349824,27.57407413701185],[95.82351379492576,27.574280104243485],[95.86000472403884,27.543610111717328],[95.8740702485432,27.54688123378196],[95.87615039662359,27.511771103054002],[95.88663120636517,27.49749916615366],[95.87326994545168,27.491919592315412],[95.87056375231538,27.466647285743704],[95.853181033478,27.45709088553599],[95.85689024229089,27.445345035445087],[95.84679251586198,27.43873298863656],[95.84501855456273,27.42071415503426],[95.86010222313917,27.408160354017184],[95.85701542612105,27.419932901382367],[95.88358978554021,27.43493984699637],[95.88595287742339,27.398241508139165],[95.90819489317983,27.434641550866957],[95.93922865967494,27.43741459330886],[95.95481221820938,27.41967610806597],[95.96089082135438,27.429011105078473],[95.96170347753355,27.417989249704135],[95.96900609395612,27.428044012820976],[95.97532704910407,27.419316577997733],[95.97017373143262,27.415224780499273],[95.9826328185498,27.412213890758494],[96.01677389290091,27.36208876908148],[95.98890834264597,27.356294281555904],[95.98696037871855,27.34604064326112],[95.96533463418609,27.327988315308573],[95.97566190896998,27.32447834050305],[95.95504227647996,27.31764874229566],[95.95997079241818,27.3108930377835],[95.8969827430592,27.282268263669494],[95.90433640410185,27.273976974857533],[95.89330922114368,27.267502895742098],[95.89189577377101,27.255296093639856],[95.8564545998999,27.270895254512425],[95.85909493478346,27.28726872986806],[95.80496531549699,27.273164344758754],[95.80088587108617,27.28438529114834],[95.77955862772853,27.26974334977581],[95.7422621650669,27.266278243945862],[95.7199939646498,27.24968679720797],[95.68158143163782,27.251013982509335],[95.59564733855387,27.223235240214194],[95.60140819323357,27.299878772687237],[95.63265226349125,27.320207841418778],[95.6785778659758,27.319965205230062],[95.73287740856563,27.36765789639486],[95.72196970683655,27.393197687423367],[95.72138504318525,27.434926933631118],[95.71732364187261,27.44255015566523],[95.69648565309046,27.43932239890961],[95.6754296794362,27.49910456302524],[95.67710964089724,27.516428270148594],[95.70818938253404,27.51948142712621],[95.73518222977611,27.545608775824405],[95.7431252552264,27.567401787062863],[95.7688695754706,27.583664461445778],[95.76223809701065,27.6260194649264],[95.77375666413877,27.651696608511713],[95.79572290458844,27.641622897578713]]]}},{"id":"65","type":"Feature","properties":{"ST_NAME":"ASSAM","AC_NO":121,"AC_NAME":"Chabua","DIST_NAME":"DIBRUGARH","PC_NAME":"LAKHIMPUR"},"geometry":{"type":"Polygon","coordinates":[[[95.27406899338939,27.682861777648952],[95.28860667275978,27.670221775714424],[95.31930910832875,27.58779469776715],[95.29955697267621,27.583730259443996],[95.28817651353535,27.56885262554829],[95.27537846564371,27.57340475812316],[95.28172925130394,27.555537605076438],[95.2783253767148,27.54706593564447],[95.26773529035142,27.547037478396987],[95.26307092328454,27.536646328365407],[95.26883975764878,27.5256673805452],[95.26068394630715,27.510615020966497],[95.23543782979209,27.503015034716157],[95.20036514413613,27.47044772178498],[95.18345574838412,27.465744221618593],[95.1171268821999,27.48152406888073],[95.10997612979463,27.497615123838955],[95.13304668285821,27.526064187512304],[95.17928334644932,27.552094613575605],[95.17743286543447,27.584839887051203],[95.213012426982,27.599331203672136],[95.22439605353509,27.624418740032866],[95.21795662080149,27.654223655797125],[95.25683270846281,27.659082142426996],[95.27406899338939,27.682861777648952]]]}},{"id":"66","type":"Feature","properties":{"ST_NAME":"ASSAM","AC_NO":125,"AC_NAME":"Doom Dooma","DIST_NAME":"TINSUKIA","PC_NAME":"LAKHIMPUR"},"geometry":{"type":"Polygon","coordinates":[[[95.75848821725748,27.575540008564587],[95.7431252552264,27.567401787062863],[95.73518222977611,27.545608775824405],[95.70818938253404,27.51948142712621],[95.67710964089724,27.516428270148594],[95.67045907072958,27.48903251044203],[95.63874415591812,27.496858587154122],[95.62759464267867,27.505228053132214],[95.62095434276875,27.5321288637561],[95.5916759683713,27.557793843111426],[95.54479914306609,27.581672621394432],[95.53368152788028,27.582844406544154],[95.51424508304422,27.53597210033223],[95.49457603845349,27.51813528861271],[95.47965792607249,27.517003829962846],[95.46102459021273,27.535129290784198],[95.46343588126098,27.56924637751837],[95.42862789576083,27.576451129715906],[95.4178875102005,27.561919089094715],[95.38047955228956,27.567777475250352],[95.36563886074487,27.579234767970206],[95.36685315145183,27.5882041707859],[95.46714558380171,27.620416122905795],[95.49123289238412,27.64051385543013],[95.5103112415706,27.645777989362784],[95.52969198959369,27.637466100680058],[95.53099004315601,27.623774308337715],[95.54052000329557,27.619219106376704],[95.55794617737422,27.62728618161202],[95.56522431335145,27.6048849831555],[95.5721767985205,27.603232332306334],[95.60382564014122,27.633441666899444],[95.62306149838952,27.640485333431457],[95.63786776388628,27.628101991713606],[95.63680959638583,27.597465646422506],[95.65073725392119,27.594174567502364],[95.65866378400648,27.607884513559497],[95.68103035856427,27.614592357950983],[95.69193835257295,27.604430629470016],[95.6827639744779,27.581852927370733],[95.69449938254053,27.593237435259482],[95.70752201273075,27.591034978481503],[95.71306931439739,27.60216712311427],[95.72735065101182,27.60156328231966],[95.72590011919522,27.575525011470177],[95.75848821725748,27.575540008564587]]]}},{"id":"67","type":"Feature","properties":{"ST_NAME":"ASSAM","AC_NO":117,"AC_NAME":"Lahowal","DIST_NAME":"DIBRUGARH","PC_NAME":"DIBRUGARH"},"geometry":{"type":"Polygon","coordinates":[[[95.21695360602416,27.64316361341008],[95.22439605353509,27.624418740032866],[95.213012426982,27.599331203672136],[95.17743286543447,27.584839887051203],[95.17928334644932,27.552094613575605],[95.13304668285821,27.526064187512304],[95.10997612979463,27.497615123838955],[95.1171268821999,27.48152406888073],[95.1405097302399,27.472452026439896],[95.0836245450368,27.371864209965395],[95.06709851138726,27.369938587895547],[95.0540643392979,27.355903545012666],[95.04210681487768,27.390505507523187],[95.03350740664155,27.37057676570521],[94.98101450491555,27.35140293909444],[94.96545140415901,27.40457512394289],[94.94297478226048,27.404950895767286],[94.91186679651548,27.39268135066385],[94.90516630228308,27.412365838412768],[94.92893392975714,27.470584340494952],[94.96744832807792,27.50828046097456],[94.99648853052133,27.496394605326827],[95.0085731237507,27.51869412823146],[94.99250498351824,27.536535299864227],[95.06471968946215,27.58984019676774],[95.19133320516335,27.60512490249232],[95.21695360602416,27.64316361341008]]]}},{"id":"68","type":"Feature","properties":{"ST_NAME":"ASSAM","AC_NO":123,"AC_NAME":"Digboi","DIST_NAME":"TINSUKIA","PC_NAME":"DIBRUGARH"},"geometry":{"type":"Polygon","coordinates":[[[95.6754296794362,27.49910456302524],[95.69648565309046,27.43932239890961],[95.71732364187261,27.44255015566523],[95.72138504318525,27.434926933631118],[95.72196970683655,27.393197687423367],[95.73287740856563,27.36765789639486],[95.7253246556084,27.35663672360596],[95.6785778659758,27.319965205230062],[95.63265226349125,27.320207841418778],[95.60140819323357,27.299878772687237],[95.59564733855387,27.223235240214194],[95.57893609762289,27.22913730464296],[95.57443685867418,27.243831129702926],[95.55424276828916,27.248479983464506],[95.53439469655808,27.264347252923415],[95.51789927313303,27.257530100433826],[95.50856543444729,27.26178979146573],[95.50428744311108,27.24917577184442],[95.48791057461341,27.243088616146792],[95.47599195036827,27.256460284914283],[95.48836698774636,27.253727829775585],[95.53328174055991,27.293374081548677],[95.53192519239377,27.32163160761263],[95.56432450747008,27.335386787770062],[95.58091933206157,27.352734976238196],[95.60473021692604,27.409072986029514],[95.59802204068467,27.420597542642554],[95.58233361760244,27.42491502770639],[95.54557403131656,27.425071525930207],[95.53439665348282,27.44071741557633],[95.49910647668258,27.459730158320212],[95.486017003482,27.476483370611106],[95.47965792607249,27.517003829962846],[95.49457603845349,27.51813528861271],[95.51424508304422,27.53597210033223],[95.53368152788028,27.582844406544154],[95.5916759683713,27.557793843111426],[95.62095434276875,27.5321288637561],[95.62759464267867,27.505228053132214],[95.63874415591812,27.496858587154122],[95.67045907072958,27.48903251044203],[95.6754296794362,27.49910456302524]]]}},{"id":"69","type":"Feature","properties":{"ST_NAME":"ASSAM","AC_NO":122,"AC_NAME":"Tinsukia","DIST_NAME":"TINSUKIA","PC_NAME":"DIBRUGARH"},"geometry":{"type":"Polygon","coordinates":[[[95.47965792607249,27.517003829962846],[95.486017003482,27.476483370611106],[95.49910647668258,27.459730158320212],[95.53439665348282,27.44071741557633],[95.54557403131656,27.425071525930207],[95.58233361760244,27.42491502770639],[95.59802204068467,27.420597542642554],[95.60473021692604,27.409072986029514],[95.58091933206157,27.352734976238196],[95.56432450747008,27.335386787770062],[95.53192519239377,27.32163160761263],[95.53328174055991,27.293374081548677],[95.48836698774636,27.253727829775585],[95.47027568137764,27.26334980225164],[95.4559310369878,27.247939481022286],[95.45448373373739,27.232654143074285],[95.44453956025257,27.25049986977325],[95.46173229281112,27.267097993977302],[95.44813932337115,27.295376939194455],[95.46691991871933,27.306609266504495],[95.44952895849468,27.330509126694892],[95.47314843974874,27.342884473439767],[95.47066138621409,27.364813685203444],[95.44725289940186,27.3694075634084],[95.43768915802826,27.363417739537113],[95.39385630042796,27.391802606005513],[95.37505053305574,27.392135397430707],[95.37305720462638,27.38098523398139],[95.34773835544081,27.392008671263227],[95.31182955568949,27.391709453328644],[95.29286640785847,27.412099272163744],[95.26718439264567,27.40595601226022],[95.2554697193521,27.41084886558275],[95.2488140230488,27.433088111427253],[95.23578956633548,27.435009520173253],[95.21831128733612,27.45829413346752],[95.22761393123801,27.49002306691108],[95.24886395340877,27.47449992213376],[95.27591217550656,27.469959105728208],[95.32654742772166,27.474769537983832],[95.34027321803467,27.486055941528548],[95.36313955304797,27.489128322414217],[95.42178174283322,27.484875578645074],[95.42433759630308,27.51270468207548],[95.40991552837897,27.542232389013577],[95.42862789576083,27.576451129715906],[95.46343588126098,27.56924637751837],[95.46102459021273,27.535129290784198],[95.47965792607249,27.517003829962846]]]}},{"id":"70","type":"Feature","properties":{"ST_NAME":"ASSAM","AC_NO":113,"AC_NAME":"Dhemaji","DIST_NAME":"DHEMAJI","PC_NAME":"LAKHIMPUR"},"geometry":{"type":"Polygon","coordinates":[[[94.25589854058524,27.6118030009078],[94.27091552263335,27.604269188572232],[94.27754587873937,27.589325892475983],[94.28727781401994,27.589054426720452],[94.29876146407037,27.60208449700201],[94.3363392751375,27.579090563478758],[94.36413508476642,27.57430658657978],[94.43255185298568,27.600867667508908],[94.4321466508473,27.589154147146246],[94.46160318364008,27.55543445103916],[94.47714217896845,27.576287022328245],[94.49872063085252,27.572388016993443],[94.52196107664241,27.591558467549305],[94.57137472306505,27.602855119768037],[94.5871112850578,27.61857526643547],[94.63332544851067,27.624354228964535],[94.64909727831679,27.63951939680277],[94.68378424744515,27.590615596732448],[94.67247477089404,27.55740271896036],[94.67934282321278,27.5387200921586],[94.67908723049135,27.48811033482417],[94.70159901228465,27.472304174298245],[94.7015780113162,27.447942260427055],[94.68855209860055,27.415149823805393],[94.69062455477945,27.392554923970636],[94.66251627120903,27.37295316395739],[94.66585399976236,27.351261512608744],[94.63836452350404,27.33733462938966],[94.63756540122233,27.320375774522404],[94.62146741249114,27.332355599431423],[94.60712513421765,27.329118945682865],[94.61330254497653,27.31499579172248],[94.58651219897888,27.31087997962743],[94.52899630393631,27.28219442843016],[94.49072709318085,27.285921137150808],[94.48497147075682,27.338038298528716],[94.49206449747862,27.338240963449778],[94.50699742079439,27.367483420723318],[94.49747328016781,27.372969594571202],[94.49239278509901,27.397843816239174],[94.4595273505069,27.412837571496766],[94.41898447735178,27.389604225854384],[94.38450776881854,27.39929512866729],[94.37585539680919,27.39559682953012],[94.37820128735956,27.389920037180048],[94.39547163320935,27.381025738547066],[94.37170415502277,27.361658749251944],[94.37045344177295,27.3517772576144],[94.39897491795813,27.318319121230502],[94.36879118076843,27.288680676272236],[94.33399586761527,27.295665250151217],[94.31977244644133,27.277557198406043],[94.2983727959678,27.290992397980858],[94.2988779379665,27.29793987932203],[94.32406437367194,27.308529140107794],[94.32623558440474,27.317626539832986],[94.3047641716293,27.320439426738233],[94.29814777030339,27.351107638606663],[94.27274675096186,27.363860485672944],[94.24715967807674,27.391791779067376],[94.26544559144094,27.399961940890933],[94.28973568005767,27.383145644755757],[94.3053817432729,27.397772713140228],[94.30744461177949,27.43553421972848],[94.27840116188418,27.46561425339513],[94.27921502405417,27.49333780159833],[94.25692066235877,27.537388799653456],[94.25821901269734,27.555913704254124],[94.24757344266033,27.56844863749467],[94.22590364124011,27.574470526693517],[94.22624241675419,27.598868249769964],[94.20929644917186,27.60770409336925],[94.25107205902839,27.637861867131505],[94.26698440340755,27.629263679275425],[94.25589854058524,27.6118030009078]]]}},{"id":"71","type":"Feature","properties":{"ST_NAME":"ASSAM","AC_NO":118,"AC_NAME":"Duliajan","DIST_NAME":"DIBRUGARH","PC_NAME":"DIBRUGARH"},"geometry":{"type":"Polygon","coordinates":[[[95.22761393123801,27.49002306691108],[95.21831128733612,27.45829413346752],[95.23578956633548,27.435009520173253],[95.2488140230488,27.433088111427253],[95.2554697193521,27.41084886558275],[95.26718439264567,27.40595601226022],[95.29286640785847,27.412099272163744],[95.31182955568949,27.391709453328644],[95.34773835544081,27.392008671263227],[95.37305720462638,27.38098523398139],[95.37505053305574,27.392135397430707],[95.39385630042796,27.391802606005513],[95.43768915802826,27.363417739537113],[95.44725289940186,27.3694075634084],[95.47066138621409,27.364813685203444],[95.47314843974874,27.342884473439767],[95.44952895849468,27.330509126694892],[95.46691991871933,27.306609266504495],[95.44813932337115,27.295376939194455],[95.46173229281112,27.267097993977302],[95.43731657609919,27.245378205539794],[95.4240818821732,27.245865417754885],[95.41752320832944,27.27366331830757],[95.3881358720729,27.26675383062485],[95.4004143825178,27.290837576992658],[95.39266464925424,27.301570446918618],[95.38095778117673,27.298247442065872],[95.36658561033772,27.266187949314485],[95.35490013713166,27.309085922977033],[95.33419404202147,27.306608924762145],[95.32191243251282,27.290706305651554],[95.24233444367968,27.35314190867217],[95.22411359356755,27.338662820133095],[95.15003884861403,27.333519398601425],[95.15148853596725,27.305359638736377],[95.138169353433,27.312116211094292],[95.13457992442403,27.324212272478462],[95.12017967495211,27.32298017699361],[95.11581041232074,27.29714745698959],[95.06326413583128,27.340495651053516],[95.0540643392979,27.355903545012666],[95.06709851138726,27.369938587895547],[95.0836245450368,27.371864209965395],[95.1405097302399,27.472452026439896],[95.18345574838412,27.465744221618593],[95.22761393123801,27.49002306691108]]]}},{"id":"72","type":"Feature","properties":{"ST_NAME":"ASSAM","AC_NO":115,"AC_NAME":"Moran","DIST_NAME":"DIBRUGARH","PC_NAME":"DIBRUGARH"},"geometry":{"type":"Polygon","coordinates":[[[94.74679888076378,27.43782906026297],[94.74998078918213,27.45434661690291],[94.77106919418804,27.482521121152843],[94.79311522069094,27.48267414259766],[94.80106811530135,27.493800944358156],[94.81631501172848,27.47542192957843],[94.81512460251844,27.466538409320208],[94.82505358915188,27.471901741172474],[94.86368972869809,27.447237919494455],[94.88306841187779,27.422721145964147],[94.91014617760408,27.419137676762432],[94.90516630228308,27.412365838412768],[94.91186679651548,27.39268135066385],[94.94297478226048,27.404950895767286],[94.96545140415901,27.40457512394289],[94.97393552020816,27.367506655607713],[94.96150905779683,27.357866711979227],[94.98242713930108,27.330531965877583],[94.9602573840711,27.324526106194924],[94.93909350795906,27.333885396593814],[94.92560846076191,27.316265290011188],[94.92952139389729,27.298674789110294],[94.93909500353163,27.285965430560225],[95.0192071509893,27.25081637087885],[95.01701906627693,27.2420367322095],[94.9718645802862,27.217978547272196],[94.96756884262805,27.226410272416217],[94.93844681806627,27.20368407695861],[94.89161712982673,27.16221724932666],[94.83522296546755,27.09115409018915],[94.82286934004804,27.099966706997975],[94.80822410445893,27.09672783642054],[94.81707531657264,27.114038363979375],[94.78813848670188,27.119597820882802],[94.75383914785846,27.13842130669798],[94.75503817976823,27.150922402047286],[94.77848779977222,27.170904990772783],[94.76871437516832,27.18430242331823],[94.77732107870486,27.18611493765428],[94.78105007620013,27.199618456926316],[94.76721444269242,27.220385946953968],[94.77465075862568,27.2387758687114],[94.75879027904818,27.249092597145705],[94.74095099239446,27.247411533115837],[94.7462377928399,27.273076091588393],[94.72651261256709,27.271970458769715],[94.7170370317337,27.261017182097305],[94.71880780043972,27.245502399216377],[94.69422639892923,27.272128373425744],[94.67865470425124,27.2431800178436],[94.64192051122268,27.246392080530143],[94.6147941137574,27.176323513119712],[94.59311343773504,27.145644334918188],[94.56800399748653,27.179189902492055],[94.57991934280346,27.202035972182443],[94.58638387021949,27.26668415295137],[94.61343551693562,27.305503736208493],[94.60712513421765,27.329118945682865],[94.62146741249114,27.332355599431423],[94.63756540122233,27.320375774522404],[94.63836452350404,27.33733462938966],[94.66585399976236,27.351261512608744],[94.66251627120903,27.37295316395739],[94.69062455477945,27.392554923970636],[94.68855209860055,27.415149823805393],[94.69492539159359,27.422583146794864],[94.71889457422526,27.42698160411777],[94.73133836837104,27.442550510897433],[94.74679888076378,27.43782906026297]]]}},{"id":"73","type":"Feature","properties":{"ST_NAME":"ASSAM","AC_NO":111,"AC_NAME":"Lakhimpur","DIST_NAME":"LAKHIMPUR","PC_NAME":"LAKHIMPUR"},"geometry":{"type":"Polygon","coordinates":[[[94.26773048547358,27.52086312123612],[94.27921502405417,27.49333780159833],[94.27840116188418,27.46561425339513],[94.30744461177949,27.43553421972848],[94.3053817432729,27.397772713140228],[94.28973568005767,27.383145644755757],[94.26544559144094,27.399961940890933],[94.24715967807674,27.391791779067376],[94.27274675096186,27.363860485672944],[94.29814777030339,27.351107638606663],[94.3047641716293,27.320439426738233],[94.32623558440474,27.317626539832986],[94.32406437367194,27.308529140107794],[94.2988779379665,27.29793987932203],[94.2983727959678,27.290992397980858],[94.31738728069848,27.26421458673383],[94.33708797602935,27.25411466865711],[94.31248231530668,27.22929725446477],[94.28939208327807,27.236901457636236],[94.27884985613599,27.231957698189262],[94.27359594299844,27.180459310848562],[94.25490133722701,27.15532095200041],[94.26295558273404,27.14823957149906],[94.26151278778497,27.140478580522142],[94.25415254190636,27.141161322437142],[94.2576464809004,27.124832294274995],[94.24453079875741,27.119261615631103],[94.26406163283815,27.119015401939293],[94.25238033788236,27.10750521289532],[94.26481294715984,27.10084946802857],[94.26532712015052,27.09174746557312],[94.2356618664021,27.073200678668456],[94.22418078481542,27.03194242630201],[94.20274383226212,27.028670305090543],[94.18787535076689,27.03526205869713],[94.18970217601469,27.00509209822178],[94.1339234501072,26.988099396470034],[94.13478025760287,26.96942424213512],[94.10784422862832,26.970760827150514],[94.07755227421814,26.960406059192337],[94.0597927088665,26.98301008444787],[94.04058889436203,26.97564027787655],[94.02429974843471,26.95644830744351],[94.0102615983941,26.993002327595377],[94.04770363971124,27.016555080952287],[94.05612418987954,27.038574432664007],[94.10792271426192,27.052414679693754],[94.12465209451858,27.081596138650923],[94.14967909751238,27.094525292408377],[94.16516688004754,27.180821600036836],[94.13097396337776,27.20935602286221],[94.12549069434016,27.222528373085993],[94.13617860625772,27.23512154102633],[94.13698165767744,27.25040030133289],[94.12946404393057,27.255585041316635],[94.13677012903827,27.265777858461433],[94.11909173559519,27.31268309604809],[94.12786969163301,27.33436885863597],[94.12093552745267,27.353133054846637],[94.12420117534401,27.371805095728632],[94.11927553903496,27.38128400855021],[94.08096910533999,27.39641191567739],[94.1551049457367,27.456958194165395],[94.15640445799937,27.47515479136058],[94.26773048547358,27.52086312123612]]]}},{"id":"74","type":"Feature","properties":{"ST_NAME":"ASSAM","AC_NO":119,"AC_NAME":"Tingkhong","DIST_NAME":"DIBRUGARH","PC_NAME":"DIBRUGARH"},"geometry":{"type":"Polygon","coordinates":[[[95.0540643392979,27.355903545012666],[95.11581041232074,27.29714745698959],[95.12017967495211,27.32298017699361],[95.1286383150063,27.325737287046195],[95.15148853596725,27.305359638736377],[95.15003884861403,27.333519398601425],[95.15823465190772,27.333583825133474],[95.19990992170557,27.269685696038096],[95.23653274628924,27.261419186246485],[95.23080295509237,27.224892308533242],[95.23598262829574,27.201793727198776],[95.22000249661801,27.16474549450902],[95.21182014088686,27.17371146011584],[95.21074455621635,27.163189192527284],[95.19949277746974,27.16389295969236],[95.19653861066843,27.156080703761518],[95.1825955108742,27.1623284603902],[95.18570708601328,27.15217914255345],[95.17547129026786,27.13850254515637],[95.17376374480102,27.146277144674514],[95.1604499033404,27.133877831896484],[95.16291562855349,27.126736672559446],[95.15569994419712,27.136128909621505],[95.15299384818758,27.123753659104125],[95.14598884890631,27.136323819688585],[95.13145210213287,27.138024792909903],[95.12373440541853,27.129695871966987],[95.11704363015946,27.135520848308545],[95.11660089481552,27.12752287787856],[95.10076348374781,27.138089157388777],[95.09977446242158,27.132931263067405],[95.0612909540144,27.13654095739929],[95.04909409391735,27.15531529166742],[95.03223899743182,27.14714840607411],[94.97747682469577,27.148120751271676],[94.9841151182182,27.168683840686754],[94.9718645802862,27.217978547272196],[95.01701906627693,27.2420367322095],[95.0192071509893,27.25081637087885],[94.93909500353163,27.285965430560225],[94.92560846076191,27.316265290011188],[94.93909350795906,27.333885396593814],[94.9602573840711,27.324526106194924],[94.98242713930108,27.330531965877583],[94.96150905779683,27.357866711979227],[94.96438476234698,27.364842950941465],[94.97393552020816,27.367506655607713],[94.98101450491555,27.35140293909444],[94.99324992614322,27.35115882801756],[95.03350740664155,27.37057676570521],[95.04210681487768,27.390505507523187],[95.0540643392979,27.355903545012666]]]}},{"id":"75","type":"Feature","properties":{"ST_NAME":"ASSAM","AC_NO":120,"AC_NAME":"Naharkatia","DIST_NAME":"DIBRUGARH","PC_NAME":"DIBRUGARH"},"geometry":{"type":"Polygon","coordinates":[[[95.46591913875733,27.259979901351414],[95.48791057461341,27.243088616146792],[95.45577413137113,27.20384065702075],[95.46648685558398,27.181777191764013],[95.45944521522455,27.176682399273375],[95.46342625221985,27.162807005838715],[95.45344256342361,27.157887998432443],[95.46204371454587,27.149905875855552],[95.45370745783299,27.130027796445688],[95.44481052688434,27.13523766528607],[95.43958670955908,27.125977193292897],[95.41995736823799,27.125743093469055],[95.37486328970914,27.092854726164717],[95.36301271086796,27.10276399606164],[95.37168080752332,27.113311987858026],[95.36103114017504,27.127598158328396],[95.36681462359604,27.13817476925027],[95.35881374026195,27.165555712626087],[95.34396739737753,27.171410466419957],[95.34342701544449,27.18264691082635],[95.31399989497925,27.18377553930975],[95.30318747552161,27.195030185094993],[95.28363340925449,27.197566421653107],[95.27867122000089,27.188589147071525],[95.2585917293249,27.191958268259498],[95.25770121164169,27.184157449906422],[95.25427570565932,27.19326630789385],[95.2379535258346,27.1897158842807],[95.2419459977097,27.18372340291279],[95.23241552765455,27.178445971604333],[95.23847029516804,27.170258227135548],[95.22747451563646,27.17300770284328],[95.22000249661801,27.16474549450902],[95.23598262829574,27.201793727198776],[95.23080295509237,27.224892308533242],[95.23653274628924,27.261419186246485],[95.19990992170557,27.269685696038096],[95.15823465190772,27.333583825133474],[95.22411359356755,27.338662820133095],[95.24233444367968,27.35314190867217],[95.32191243251282,27.290706305651554],[95.33419404202147,27.306608924762145],[95.35490013713166,27.309085922977033],[95.36658561033772,27.266187949314485],[95.38095778117673,27.298247442065872],[95.39266464925424,27.301570446918618],[95.4004143825178,27.290837576992658],[95.3881358720729,27.26675383062485],[95.41752320832944,27.27366331830757],[95.4240818821732,27.245865417754885],[95.44453956025257,27.25049986977325],[95.45448373373739,27.232654143074285],[95.46591913875733,27.259979901351414]]]}},{"id":"76","type":"Feature","properties":{"ST_NAME":"ASSAM","AC_NO":112,"AC_NAME":"Dhakuakhana","DIST_NAME":"DHEMAJI","PC_NAME":"LAKHIMPUR"},"geometry":{"type":"Polygon","coordinates":[[[94.61330254497653,27.31499579172248],[94.58638387021949,27.26668415295137],[94.57991934280346,27.202035972182443],[94.56800399748653,27.179189902492055],[94.56105948750542,27.183509630465153],[94.55595642484917,27.174204376730643],[94.52667695777546,27.162639735535436],[94.53295992376155,27.14749838983886],[94.51052566532724,27.14229770577458],[94.50596907571236,27.120807307411383],[94.49512455045772,27.122108809873737],[94.47929108831312,27.139089714318914],[94.46861890104151,27.114516087447555],[94.43189515903441,27.118241876161733],[94.41990321036491,27.093472195285642],[94.36997531181123,27.098959058014145],[94.33949592249888,27.082314657395557],[94.32188030892917,27.087725362835272],[94.31241534639116,27.07127288023929],[94.2976329471029,27.087444509056922],[94.27739604629056,27.0954309034135],[94.26532712015052,27.09174746557312],[94.26481294715984,27.10084946802857],[94.25238033788236,27.10750521289532],[94.26406163283815,27.119015401939293],[94.25022744274236,27.11588142918464],[94.24453079875741,27.119261615631103],[94.2576464809004,27.124832294274995],[94.25415254190636,27.141161322437142],[94.26151278778497,27.140478580522142],[94.26295558273404,27.14823957149906],[94.25490133722701,27.15532095200041],[94.27359594299844,27.180459310848562],[94.27884985613599,27.231957698189262],[94.28939208327807,27.236901457636236],[94.31248231530668,27.22929725446477],[94.33708797602935,27.25411466865711],[94.31738728069848,27.26421458673383],[94.30378594486552,27.28573347741809],[94.31977244644133,27.277557198406043],[94.34242652526399,27.297561309706737],[94.36879118076843,27.288680676272236],[94.39897491795813,27.318319121230502],[94.37045344177295,27.3517772576144],[94.37170415502277,27.361658749251944],[94.39547163320935,27.381025738547066],[94.37585539680919,27.39559682953012],[94.41898447735178,27.389604225854384],[94.4595273505069,27.412837571496766],[94.49239278509901,27.397843816239174],[94.49747328016781,27.372969594571202],[94.50699742079439,27.367483420723318],[94.49206449747862,27.338240963449778],[94.48497147075682,27.338038298528716],[94.49072709318085,27.285921137150808],[94.52899630393631,27.28219442843016],[94.58651219897888,27.31087997962743],[94.61330254497653,27.31499579172248]]]}},{"id":"77","type":"Feature","properties":{"ST_NAME":"ASSAM","AC_NO":110,"AC_NAME":"Naoboicha","DIST_NAME":"LAKHIMPUR","PC_NAME":"LAKHIMPUR"},"geometry":{"type":"Polygon","coordinates":[[[94.08096910533999,27.39641191567739],[94.11927553903496,27.38128400855021],[94.12420117534401,27.371805095728632],[94.12093552745267,27.353133054846637],[94.12786969163301,27.33436885863597],[94.11909173559519,27.31268309604809],[94.13677012903827,27.265777858461433],[94.12946404393057,27.255585041316635],[94.13698165767744,27.25040030133289],[94.13617860625772,27.23512154102633],[94.12549069434016,27.222528373085993],[94.13097396337776,27.20935602286221],[94.16516688004754,27.180821600036836],[94.14967909751238,27.094525292408377],[94.12465209451858,27.081596138650923],[94.10792271426192,27.052414679693754],[94.05612418987954,27.038574432664007],[93.99670542561495,27.040422104196807],[93.97238293802224,27.05806447619466],[93.95031286904373,27.06100516395719],[93.940773997522,27.04020626330845],[93.9255427573924,27.040766951034016],[93.90522671264273,27.06619467844172],[93.90399414321519,27.098847794789947],[93.88761559838122,27.10669696699148],[93.87191742305072,27.09376802637337],[93.83587527632301,27.104033044689288],[93.82033664072344,27.122344047339936],[93.809481981908,27.122962163972716],[93.81276532485992,27.129743033314412],[93.79712051709822,27.128723653573786],[93.80599213033258,27.151607041531804],[93.86951390124563,27.202640877774343],[93.98431075603662,27.322784871224883],[94.05949101060173,27.361467579465284],[94.08096910533999,27.39641191567739]]]}},{"id":"78","type":"Feature","properties":{"ST_NAME":"ASSAM","AC_NO":107,"AC_NAME":"Thowra","DIST_NAME":"SIBSAGAR","PC_NAME":"JORHAT"},"geometry":{"type":"Polygon","coordinates":[[[94.7462377928399,27.273076091588393],[94.74095099239446,27.247411533115837],[94.75879027904818,27.249092597145705],[94.77465075862568,27.2387758687114],[94.76721444269242,27.220385946953968],[94.78105007620013,27.199618456926316],[94.77732107870486,27.18611493765428],[94.76871437516832,27.18430242331823],[94.77848779977222,27.170904990772783],[94.75503817976823,27.150922402047286],[94.75383914785846,27.13842130669798],[94.78813848670188,27.119597820882802],[94.81707531657264,27.114038363979375],[94.80822410445893,27.09672783642054],[94.82286934004804,27.099966706997975],[94.83522296546755,27.09115409018915],[94.84156194482796,27.103018606723367],[94.86217274237822,27.081087182627414],[94.85255156850013,27.029574371959768],[94.79725990821822,26.986264234506848],[94.78917767311117,26.986187462081773],[94.7853348709076,26.996480372870963],[94.77186355096217,26.99422066794949],[94.76230359753305,27.006930216256535],[94.7710128291788,27.019594748998543],[94.75556223540889,27.042810104602722],[94.7471409774742,27.040031286714566],[94.71865214757861,27.056472228310724],[94.70104129142254,27.053711046127944],[94.66264088756697,27.08825215601223],[94.64278794600693,27.084698508329552],[94.6307288053901,27.09409191810761],[94.5535966011023,27.097427093485635],[94.6147941137574,27.176323513119712],[94.64192051122268,27.246392080530143],[94.67865470425124,27.2431800178436],[94.69422639892923,27.272128373425744],[94.71880780043972,27.245502399216377],[94.7170370317337,27.261017182097305],[94.72651261256709,27.271970458769715],[94.7462377928399,27.273076091588393]]]}},{"id":"79","type":"Feature","properties":{"ST_NAME":"ASSAM","AC_NO":105,"AC_NAME":"Mahmara","DIST_NAME":"SIBSAGAR","PC_NAME":"JORHAT"},"geometry":{"type":"Polygon","coordinates":[[[94.96756884262805,27.226410272416217],[94.9841151182182,27.168683840686754],[94.97747682469577,27.148120751271676],[95.03223899743182,27.14714840607411],[95.04909409391735,27.15531529166742],[95.0612909540144,27.13654095739929],[95.11295430759526,27.135458588243296],[95.10254950315709,27.106757931133643],[95.03612946820044,27.07269009577135],[94.98041067491278,27.05841447254994],[94.96860212948474,27.03787752282949],[94.9554434381642,27.046424968237773],[94.94530824418018,27.023066826372997],[94.94820359531974,27.00558542942406],[94.93976734388787,27.0028132925994],[94.94606146236663,26.97354726589367],[94.86218821701266,26.9282370919683],[94.78397301044612,26.92056860615628],[94.76000412549007,26.94020198813132],[94.76646940294063,26.951277732681262],[94.79725990821822,26.986264234506848],[94.85255156850013,27.029574371959768],[94.86217274237822,27.081087182627414],[94.84156194482796,27.103018606723367],[94.93844681806627,27.20368407695861],[94.96756884262805,27.226410272416217]]]}},{"id":"80","type":"Feature","properties":{"ST_NAME":"ASSAM","AC_NO":106,"AC_NAME":"Sonari","DIST_NAME":"SIBSAGAR","PC_NAME":"JORHAT"},"geometry":{"type":"Polygon","coordinates":[[[95.21182014088686,27.17371146011584],[95.22000249661801,27.16474549450902],[95.22747451563646,27.17300770284328],[95.23847029516804,27.170258227135548],[95.23241552765455,27.178445971604333],[95.2419459977097,27.18372340291279],[95.2379535258346,27.1897158842807],[95.25427570565932,27.19326630789385],[95.25770121164169,27.184157449906422],[95.2585917293249,27.191958268259498],[95.27867122000089,27.188589147071525],[95.28363340925449,27.197566421653107],[95.30318747552161,27.195030185094993],[95.31399989497925,27.18377553930975],[95.33294230444386,27.187338149635934],[95.34342701544449,27.18264691082635],[95.34396739737753,27.171410466419957],[95.35881374026195,27.165555712626087],[95.36681462359604,27.13817476925027],[95.36103114017504,27.127598158328396],[95.37168080752332,27.113311987858026],[95.29081794199448,27.066233649663275],[95.2762983030243,27.05282785702002],[95.27639582730563,27.04208035692301],[95.25869155407202,27.03037576592891],[95.24666602022074,27.024183795146087],[95.23134967994383,27.043312700620675],[95.23020712995515,27.035979690710235],[95.2109965561462,27.0286253497801],[95.20432920283048,27.03827083053443],[95.19620790567035,27.037188635846917],[95.14605740692383,26.99667676142343],[95.11193808267643,26.98089678016231],[95.09228866938662,26.955840456571877],[95.03415610022392,26.935590676568495],[95.01645776791173,26.92103753425488],[94.99107093807339,26.920750646924887],[94.98198141820797,26.912971543601884],[94.9610654465132,26.936991918342414],[94.9457548574008,26.935183169467734],[94.95453418130751,26.951517017996025],[94.93976734388787,27.0028132925994],[94.94820359531974,27.00558542942406],[94.94530824418018,27.023066826372997],[94.9554434381642,27.046424968237773],[94.96860212948474,27.03787752282949],[94.98041067491278,27.05841447254994],[95.07933154401559,27.09188102119225],[95.10254950315709,27.106757931133643],[95.11704363015946,27.135520848308545],[95.12373440541853,27.129695871966987],[95.13145210213287,27.138024792909903],[95.14598884890631,27.136323819688585],[95.15299384818758,27.123753659104125],[95.15569994419712,27.136128909621505],[95.16291562855349,27.126736672559446],[95.1604499033404,27.133877831896484],[95.17376374480102,27.146277144674514],[95.17547129026786,27.13850254515637],[95.18570708601328,27.15217914255345],[95.1825955108742,27.1623284603902],[95.19653861066843,27.156080703761518],[95.19949277746974,27.16389295969236],[95.21074455621635,27.163189192527284],[95.21182014088686,27.17371146011584]]]}},{"id":"81","type":"Feature","properties":{"ST_NAME":"ASSAM","AC_NO":99,"AC_NAME":"Majuli","DIST_NAME":"JORHAT","PC_NAME":"LAKHIMPUR"},"geometry":{"type":"Polygon","coordinates":[[[94.56105948750542,27.183509630465153],[94.59311343773504,27.145644334918188],[94.54315082984698,27.075625098019884],[94.50464775219206,27.042078273193795],[94.47331325060611,27.028202567694393],[94.46084470082235,26.993699393012605],[94.40008018745073,26.96040708981542],[94.40276829162343,26.945932944849574],[94.29728007831301,26.884997795012282],[94.11979309437584,26.847813824948105],[94.10324407495415,26.853888832603616],[94.04693080281436,26.850198862987213],[94.03572703077793,26.84129105923506],[94.00593597716369,26.75368495469695],[93.99431049143607,26.767028271437653],[93.97175230192727,26.76927139196124],[93.97252067189157,26.779533084584216],[93.98743727880742,26.786726234628077],[93.97304051780571,26.79678688470699],[93.98002806574272,26.810653295713053],[94.00776274485486,26.83758704220827],[93.98610521108668,26.870068403334187],[93.97290574450454,26.8735015166817],[93.95660865576491,26.892166530261193],[93.96744705573707,26.908402619785136],[93.96223261474341,26.926885135740463],[93.9772670553304,26.923883082738143],[93.99696759148122,26.942892578929445],[94.0096783304906,26.930403660400657],[94.02383161893414,26.93246040452408],[94.02429974843471,26.95644830744351],[94.04058889436203,26.97564027787655],[94.0597927088665,26.98301008444787],[94.07755227421814,26.960406059192337],[94.10784422862832,26.970760827150514],[94.13478025760287,26.96942424213512],[94.1339234501072,26.988099396470034],[94.18970217601469,27.00509209822178],[94.18787535076689,27.03526205869713],[94.20274383226212,27.028670305090543],[94.22418078481542,27.03194242630201],[94.2356618664021,27.073200678668456],[94.25439311954688,27.088332059876734],[94.27739604629056,27.0954309034135],[94.31241534639116,27.07127288023929],[94.32188030892917,27.087725362835272],[94.33949592249888,27.082314657395557],[94.36997531181123,27.098959058014145],[94.41990321036491,27.093472195285642],[94.43189515903441,27.118241876161733],[94.46861890104151,27.114516087447555],[94.47929108831312,27.139089714318914],[94.49512455045772,27.122108809873737],[94.50596907571236,27.120807307411383],[94.51052566532724,27.14229770577458],[94.53295992376155,27.14749838983886],[94.52667695777546,27.162639735535436],[94.55595642484917,27.174204376730643],[94.56105948750542,27.183509630465153]]]}},{"id":"82","type":"Feature","properties":{"ST_NAME":"ASSAM","AC_NO":108,"AC_NAME":"Sibsagar","DIST_NAME":"SIBSAGAR","PC_NAME":"JORHAT"},"geometry":{"type":"Polygon","coordinates":[[[94.5535966011023,27.097427093485635],[94.6307288053901,27.09409191810761],[94.64278794600693,27.084698508329552],[94.66264088756697,27.08825215601223],[94.70104129142254,27.053711046127944],[94.71865214757861,27.056472228310724],[94.7471409774742,27.040031286714566],[94.75556223540889,27.042810104602722],[94.7710128291788,27.019594748998543],[94.76230359753305,27.006930216256535],[94.77186355096217,26.99422066794949],[94.7853348709076,26.996480372870963],[94.78917767311117,26.986187462081773],[94.79725990821822,26.986264234506848],[94.75349474348769,26.937219668053274],[94.71771919898191,26.96787726522365],[94.70836534678341,26.957994009116305],[94.70592583141206,26.96270263451902],[94.68288522307466,26.925180967227902],[94.67787807221532,26.933793473190292],[94.59576652590448,26.927429190504768],[94.59567445691073,26.93471837735126],[94.58525584787913,26.9330355785292],[94.57532726953792,26.943035885897473],[94.573626900661,26.962125907384745],[94.55663560634821,26.97203073283208],[94.56186868669062,26.989611753979318],[94.54841464452028,26.98813013889486],[94.53540808161773,27.013917616704703],[94.50464775219206,27.042078273193795],[94.54315082984698,27.075625098019884],[94.5535966011023,27.097427093485635]]]}},{"id":"83","type":"Feature","properties":{"ST_NAME":"ASSAM","AC_NO":109,"AC_NAME":"Bihpuria","DIST_NAME":"LAKHIMPUR","PC_NAME":"TEZPUR"},"geometry":{"type":"Polygon","coordinates":[[[94.05612418987954,27.038574432664007],[94.04770363971124,27.016555080952287],[94.0102615983941,26.993002327595377],[94.02429974843471,26.95644830744351],[94.02383161893414,26.93246040452408],[94.0096783304906,26.930403660400657],[93.99696759148122,26.942892578929445],[93.9772670553304,26.923883082738143],[93.92014684400169,26.92659371582738],[93.91743357320092,26.90868359407267],[93.89166999937106,26.892528087401388],[93.89670909055212,26.871604903143805],[93.89117430205243,26.86478736124775],[93.83516169305773,26.85081613245859],[93.82374237780857,26.82504379923199],[93.80024551461884,26.821632838884454],[93.7703692511401,26.844565874815316],[93.78908146203992,26.85946721663879],[93.78078356231163,26.885356346618153],[93.73924137958608,26.89867760658632],[93.73909380803286,26.90932454898882],[93.7488297012298,26.91398242654782],[93.74396147044558,26.958014759173864],[93.69811672061024,26.994345558600685],[93.72499705277181,27.02212181247171],[93.76706846493778,27.039712134407523],[93.77303544063312,27.059069473077784],[93.77911401679847,27.048758440049994],[93.78163593884756,27.0605940730581],[93.78603399777086,27.051566386979232],[93.79352459588347,27.060294070015345],[93.81089796087224,27.059707470123726],[93.8078361551145,27.067643892751505],[93.81545586079937,27.0610708495401],[93.83058936170971,27.066106321849304],[93.83749442832527,27.075164418503164],[93.83017719252348,27.098236749526393],[93.83587527632301,27.104033044689288],[93.87191742305072,27.09376802637337],[93.88761559838122,27.10669696699148],[93.90399414321519,27.098847794789947],[93.90522671264273,27.06619467844172],[93.9255427573924,27.040766951034016],[93.940773997522,27.04020626330845],[93.95031286904373,27.06100516395719],[93.97238293802224,27.05806447619466],[93.99670542561495,27.040422104196807],[94.05612418987954,27.038574432664007]]]}},{"id":"84","type":"Feature","properties":{"ST_NAME":"ASSAM","AC_NO":103,"AC_NAME":"Amguri","DIST_NAME":"SIBSAGAR","PC_NAME":"JORHAT"},"geometry":{"type":"Polygon","coordinates":[[[94.50464775219206,27.042078273193795],[94.53540808161773,27.013917616704703],[94.54841464452028,26.98813013889486],[94.56186868669062,26.989611753979318],[94.55663560634821,26.97203073283208],[94.573626900661,26.962125907384745],[94.57532726953792,26.943035885897473],[94.58525584787913,26.9330355785292],[94.59567445691073,26.93471837735126],[94.60370659348456,26.92572271253323],[94.62187406343736,26.932989553025493],[94.64244823429863,26.92646083829709],[94.67787807221532,26.933793473190292],[94.68288522307466,26.925180967227902],[94.67840985393167,26.905708227552736],[94.6969264505953,26.89119019836903],[94.67156711752853,26.88284528837943],[94.65849158292025,26.819015703811715],[94.66936216513187,26.776320970636334],[94.6879666642302,26.7627005044248],[94.699365031571,26.737799750957777],[94.68559757386902,26.72912869643227],[94.61951516689152,26.711993851435125],[94.62086316160566,26.723029572556754],[94.6080013463851,26.72869354866839],[94.60950078693185,26.737009924068786],[94.59606685000517,26.734157091076952],[94.5940761484955,26.72531246829584],[94.58281064879247,26.726121833855586],[94.57048156317364,26.74370051946346],[94.57267016589549,26.752300817129083],[94.5639155769424,26.748794637462595],[94.55699406982052,26.7568291752263],[94.54785092697875,26.747916506141905],[94.53753196103122,26.761940672624007],[94.53265347257974,26.754107066787753],[94.51267627708859,26.775275679628976],[94.52204150031503,26.78736365161126],[94.51560932061369,26.79643644408668],[94.52082590649047,26.807953674822272],[94.48695616119795,26.831985184069026],[94.49485063944553,26.869954912489277],[94.47878622060767,26.898005849890126],[94.47877240432308,26.93444144731501],[94.40276829162343,26.945932944849574],[94.40008018745073,26.96040708981542],[94.46084470082235,26.993699393012605],[94.47331325060611,27.028202567694393],[94.50464775219206,27.042078273193795]]]}},{"id":"85","type":"Feature","properties":{"ST_NAME":"ASSAM","AC_NO":104,"AC_NAME":"Nazira","DIST_NAME":"SIBSAGAR","PC_NAME":"JORHAT"},"geometry":{"type":"Polygon","coordinates":[[[94.9457548574008,26.935183169467734],[94.9309923277338,26.932487717833965],[94.92346538711797,26.94642421210773],[94.87899004755269,26.92197429597701],[94.85037567409813,26.874898123349737],[94.81850460280526,26.848495615380386],[94.81442765221442,26.819662756131322],[94.79529186602684,26.814710132966297],[94.8034636888982,26.802583541397382],[94.77014953936981,26.789216108436733],[94.75837364203,26.766437329619123],[94.7402874734882,26.775939571753895],[94.699365031571,26.737799750957777],[94.6879666642302,26.7627005044248],[94.66936216513187,26.776320970636334],[94.65849158292025,26.819015703811715],[94.66079214314294,26.85408299893129],[94.67156711752853,26.88284528837943],[94.6969264505953,26.89119019836903],[94.67840985393167,26.905708227552736],[94.70592583141206,26.96270263451902],[94.70836534678341,26.957994009116305],[94.71771919898191,26.96787726522365],[94.75349474348769,26.937219668053274],[94.77275973887089,26.93617727556085],[94.78397301044612,26.92056860615628],[94.83808028877439,26.922425151299763],[94.86218821701266,26.9282370919683],[94.94606146236663,26.97354726589367],[94.95453418130751,26.951517017996025],[94.9457548574008,26.935183169467734]]]}},{"id":"86","type":"Feature","properties":{"ST_NAME":"ASSAM","AC_NO":102,"AC_NAME":"Teok","DIST_NAME":"JORHAT","PC_NAME":"JORHAT"},"geometry":{"type":"Polygon","coordinates":[[[94.40276829162343,26.945932944849574],[94.47877240432308,26.93444144731501],[94.47878622060767,26.898005849890126],[94.49485063944553,26.869954912489277],[94.4915449330523,26.853841300735496],[94.47961523095819,26.8673067445107],[94.47742748439094,26.791559883781645],[94.45454344892107,26.771188940817012],[94.40367282074413,26.745328274380427],[94.35016179203313,26.77222216562052],[94.3430722115134,26.75572564412323],[94.35918953027266,26.7551207619137],[94.35938503389224,26.747830217990213],[94.34983668621413,26.73614024097941],[94.33754195469749,26.73544629620966],[94.29505470590999,26.78660038170233],[94.29008075802062,26.812480258557116],[94.30099954749119,26.843064249815313],[94.28759173676929,26.849757151071742],[94.29728007831301,26.884997795012282],[94.40276829162343,26.945932944849574]]]}},{"id":"87","type":"Feature","properties":{"ST_NAME":"ASSAM","AC_NO":78,"AC_NAME":"Gohpur","DIST_NAME":"SONITPUR","PC_NAME":"TEZPUR"},"geometry":{"type":"Polygon","coordinates":[[[93.69811672061024,26.994345558600685],[93.74396147044558,26.958014759173864],[93.7488297012298,26.91398242654782],[93.73909380803286,26.90932454898882],[93.73924137958608,26.89867760658632],[93.78078356231163,26.885356346618153],[93.78908146203992,26.85946721663879],[93.75946735093754,26.833257783220176],[93.74993766599056,26.802998432831487],[93.71336403072547,26.815862303002916],[93.68958954142425,26.797105129598094],[93.67033656008425,26.800505711769233],[93.6489967217214,26.78783216512238],[93.64955452262319,26.752190240986863],[93.67048631878862,26.71174254937921],[93.64997625699874,26.70600511934083],[93.57536179471111,26.718930575985326],[93.55967273670751,26.725184587398815],[93.55931017952122,26.734798623357847],[93.53773413961892,26.750608100583406],[93.44027304376601,26.748073300242652],[93.44320740929459,26.773606142209758],[93.42146854893446,26.813573386302778],[93.42282793356236,26.834257328413003],[93.40875883964878,26.85267512016071],[93.4142680523288,26.873888505750017],[93.46886690638269,26.915940889160765],[93.48618733547721,26.94173098040045],[93.48859428639724,26.936106303762983],[93.52372309154748,26.948463557946866],[93.58660774315291,26.950384103343765],[93.65927784869382,26.96674148982794],[93.69811672061024,26.994345558600685]]]}},{"id":"88","type":"Feature","properties":{"ST_NAME":"ASSAM","AC_NO":74,"AC_NAME":"Rangapara","DIST_NAME":"SONITPUR","PC_NAME":"TEZPUR"},"geometry":{"type":"Polygon","coordinates":[[[92.71206568778132,27.02662168454316],[92.76973589839304,27.033160077775392],[92.88803346317383,26.99942098239245],[92.91833713485096,26.98276786284663],[92.91737598261557,26.962952788140683],[92.9790632201915,26.93762224686924],[92.85688800447787,26.863341526590204],[92.84472644546912,26.845442969217686],[92.84072785640552,26.827714317162076],[92.86899321646382,26.707720264079],[92.84483306099702,26.709810620363896],[92.79304206753744,26.736048230441554],[92.7549204310331,26.721300771613357],[92.72576185892274,26.741915272571816],[92.70954886039164,26.741556357639865],[92.6963757367509,26.729651396794566],[92.69414765738856,26.74426151115989],[92.67143179154402,26.768020358552747],[92.61114155274055,26.75422189672321],[92.59717287802596,26.757295034838023],[92.59392083957516,26.80992442757031],[92.61356178304993,26.89676989811238],[92.61153001130106,26.97196571904277],[92.64455761074521,26.986280275714194],[92.64644576166262,27.014614827812125],[92.66103505132662,27.038118671539507],[92.71206568778132,27.02662168454316]]]}},{"id":"89","type":"Feature","properties":{"ST_NAME":"ASSAM","AC_NO":93,"AC_NAME":"Bokakhat","DIST_NAME":"GOLAGHAT","PC_NAME":"KALIABOR"},"geometry":{"type":"Polygon","coordinates":[[[93.96223261474341,26.926885135740463],[93.96744705573707,26.908402619785136],[93.95660865576491,26.892166530261193],[93.97290574450454,26.8735015166817],[93.98610521108668,26.870068403334187],[94.00776274485486,26.83758704220827],[93.98002806574272,26.810653295713053],[93.97304051780571,26.79678688470699],[93.98743727880742,26.786726234628077],[93.97252067189157,26.779533084584216],[93.97175230192727,26.76927139196124],[93.99431049143607,26.767028271437653],[94.00187511274629,26.752999762129377],[93.94012591098209,26.74940076613251],[93.92586249425875,26.711526217461028],[93.8683017743075,26.66269064535703],[93.87098458686927,26.65069891522279],[93.90409058291414,26.63120595788871],[93.8920248709511,26.62336891754154],[93.89439267348314,26.59239009422754],[93.87685667419623,26.58945062144909],[93.86319937355233,26.602504741400764],[93.84646360541115,26.589657221803407],[93.82824835627667,26.58949995465923],[93.80712841024797,26.599636638819902],[93.75131146585153,26.579091253458614],[93.7520557043074,26.58527311496232],[93.73960477763842,26.584010118772028],[93.7133222967866,26.605356275771555],[93.67434420622021,26.599837740719238],[93.6672613463341,26.604802220546105],[93.62453352979861,26.591233309769507],[93.61640664964722,26.565681588334712],[93.60890459237311,26.566670252630104],[93.61034292938274,26.57727348798113],[93.58261812572596,26.567635168528284],[93.58303716213538,26.596670238540753],[93.58952412403914,26.599979354263837],[93.55829504548001,26.61149859228624],[93.5242396549362,26.593356872621598],[93.50875091012648,26.593268257923796],[93.4954442614436,26.61019876885814],[93.47016396529483,26.591105377611143],[93.49156606372293,26.58677073078462],[93.46368001881785,26.569233242220378],[93.45551636898529,26.57153385010713],[93.46578285139753,26.585655879914952],[93.4554885115856,26.575330082717187],[93.45279979947122,26.580476783177062],[93.40864114807056,26.569036225941147],[93.39761963443863,26.571253961301352],[93.40633034456982,26.57495017131339],[93.40282690873494,26.579901599279424],[93.32158860503017,26.58514304781346],[93.2946333062821,26.57212698447279],[93.30202616607477,26.581604349561132],[93.29162158107118,26.590953770799956],[93.29665535995696,26.610075551845284],[93.2871623862352,26.637212661135436],[93.3073039337296,26.63798588474083],[93.31776795582658,26.652641277273176],[93.3067590587836,26.66785043904656],[93.31710805039626,26.67798710072418],[93.31508093084034,26.686103480391353],[93.30420498956869,26.700137588878647],[93.33228157473496,26.709222527597603],[93.34568552017066,26.731715455104222],[93.36920571986815,26.744329677072983],[93.3968545469998,26.7504968931172],[93.53773413961892,26.750608100583406],[93.55931017952122,26.734798623357847],[93.55967273670751,26.725184587398815],[93.57536179471111,26.718930575985326],[93.64997625699874,26.70600511934083],[93.67048631878862,26.71174254937921],[93.64955452262319,26.752190240986863],[93.6489967217214,26.78783216512238],[93.67033656008425,26.800505711769233],[93.68958954142425,26.797105129598094],[93.71336403072547,26.815862303002916],[93.74993766599056,26.802998432831487],[93.7703692511401,26.844565874815316],[93.80024551461884,26.821632838884454],[93.82374237780857,26.82504379923199],[93.83516169305773,26.85081613245859],[93.89117430205243,26.86478736124775],[93.89670909055212,26.871604903143805],[93.89166999937106,26.892528087401388],[93.91743357320092,26.90868359407267],[93.92014684400169,26.92659371582738],[93.96223261474341,26.926885135740463]]]}},{"id":"90","type":"Feature","properties":{"ST_NAME":"ASSAM","AC_NO":77,"AC_NAME":"Behali","DIST_NAME":"SONITPUR","PC_NAME":"TEZPUR"},"geometry":{"type":"Polygon","coordinates":[[[93.3235151902739,26.960121627910837],[93.44842575964117,26.950633858565766],[93.4622175916686,26.937734069471787],[93.48618733547721,26.94173098040045],[93.46886690638269,26.915940889160765],[93.45064251294167,26.907660099034388],[93.40872745960462,26.861759950061696],[93.42282793356236,26.834257328413003],[93.42146854893446,26.813573386302778],[93.44320740929459,26.773606142209758],[93.44027304376601,26.748073300242652],[93.36920571986815,26.744329677072983],[93.34568552017066,26.731715455104222],[93.33228157473496,26.709222527597603],[93.27041874363016,26.684125989922563],[93.2441746539372,26.685264236655257],[93.2319860550125,26.666732309248744],[93.21592595921572,26.701087466313595],[93.21871381529041,26.72619240365657],[93.19528114121175,26.73373335930711],[93.18496282727273,26.75905709091205],[93.19196961260758,26.784687172974714],[93.18169326283385,26.801899506257257],[93.19384913902661,26.827875775146936],[93.15681138253933,26.93339128917671],[93.3235151902739,26.960121627910837]]]}},{"id":"91","type":"Feature","properties":{"ST_NAME":"ASSAM","AC_NO":98,"AC_NAME":"Jorhat","DIST_NAME":"JORHAT","PC_NAME":"JORHAT"},"geometry":{"type":"Polygon","coordinates":[[[94.29728007831301,26.884997795012282],[94.28759173676929,26.849757151071742],[94.30099954749119,26.843064249815313],[94.29008075802062,26.812480258557116],[94.30373416010349,26.774013386708475],[94.29510687288393,26.76221824387693],[94.3082195108218,26.72833878230898],[94.3238292827952,26.714156716459343],[94.32290884646613,26.6988641650492],[94.31249989165673,26.696261741985836],[94.28047252268885,26.72473408281172],[94.26827746393388,26.716825915983293],[94.26690665072141,26.7052352717904],[94.2510055973305,26.699529110280253],[94.22474633607459,26.70021242236544],[94.2079844471246,26.712690479781884],[94.18335485454298,26.709095750168785],[94.20177434870726,26.744965535531094],[94.18861450355655,26.76254200520941],[94.23656204190479,26.805859833664442],[94.21611064379124,26.8132447056787],[94.22129120102818,26.830828243128963],[94.2074312930198,26.842117162976763],[94.22658962521109,26.857512301851273],[94.21328674198963,26.865099060873035],[94.29728007831301,26.884997795012282]]]}},{"id":"92","type":"Feature","properties":{"ST_NAME":"ASSAM","AC_NO":101,"AC_NAME":"Mariani","DIST_NAME":"JORHAT","PC_NAME":"JORHAT"},"geometry":{"type":"Polygon","coordinates":[[[94.5940761484955,26.72531246829584],[94.59114885523553,26.720701743990332],[94.60348163257135,26.712907768578702],[94.59335165015858,26.714321164690034],[94.59416442235027,26.69684796686022],[94.57720780859353,26.700416082836],[94.56761094788698,26.692055405932308],[94.57196282482454,26.686480839519163],[94.56097916095956,26.685724673355026],[94.56204154717972,26.705096262682446],[94.52098695978043,26.699294865665593],[94.51808163426006,26.682438645926823],[94.50824312751837,26.685658022799544],[94.49271460299661,26.666150197873378],[94.46042148796136,26.662024686590087],[94.45303238913351,26.652523913947505],[94.46581040822383,26.633078421032337],[94.45143919426346,26.63636971938712],[94.40842036520775,26.612962232620987],[94.40766534298126,26.629083890609138],[94.39348963983508,26.63688424761],[94.31636130712866,26.58640945153502],[94.2885617221458,26.64157910439218],[94.26542603298509,26.642869280792752],[94.26862995320982,26.67785248480436],[94.2510055973305,26.699529110280253],[94.26690665072141,26.7052352717904],[94.26827746393388,26.716825915983293],[94.28047252268885,26.72473408281172],[94.31249989165673,26.696261741985836],[94.32290884646613,26.6988641650492],[94.3238292827952,26.714156716459343],[94.29764319397827,26.74932216088905],[94.29510687288393,26.76221824387693],[94.30373416010349,26.774013386708475],[94.31526623774675,26.769311271498054],[94.33754195469749,26.73544629620966],[94.34983668621413,26.73614024097941],[94.35938503389224,26.747830217990213],[94.35918953027266,26.7551207619137],[94.3430722115134,26.75572564412323],[94.35016179203313,26.77222216562052],[94.40367282074413,26.745328274380427],[94.45454344892107,26.771188940817012],[94.47742748439094,26.791559883781645],[94.47961523095819,26.8673067445107],[94.4915449330523,26.853841300735496],[94.48695616119795,26.831985184069026],[94.52082590649047,26.807953674822272],[94.51560932061369,26.79643644408668],[94.52204150031503,26.78736365161126],[94.51267627708859,26.775275679628976],[94.52209416641273,26.77204896518765],[94.52129802628292,26.76421156960828],[94.53265347257974,26.754107066787753],[94.53753196103122,26.761940672624007],[94.54785092697875,26.747916506141905],[94.55699406982052,26.7568291752263],[94.5639155769424,26.748794637462595],[94.57267016589549,26.752300817129083],[94.57048156317364,26.74370051946346],[94.58281064879247,26.726121833855586],[94.5940761484955,26.72531246829584]]]}},{"id":"93","type":"Feature","properties":{"ST_NAME":"ASSAM","AC_NO":97,"AC_NAME":"Dergaon","DIST_NAME":"JORHAT","PC_NAME":"KALIABOR"},"geometry":{"type":"Polygon","coordinates":[[[94.21328674198963,26.865099060873035],[94.22658962521109,26.857512301851273],[94.2074312930198,26.842117162976763],[94.22129120102818,26.830828243128963],[94.21611064379124,26.8132447056787],[94.23656204190479,26.805859833664442],[94.19613435571603,26.77444925303064],[94.18861450355655,26.76254200520941],[94.20177434870726,26.744965535531094],[94.2004179660164,26.734181467200983],[94.16042835578406,26.688259330703602],[94.15989514414565,26.709146273182],[94.14597468658258,26.669752258759786],[94.11385083564761,26.62213906946255],[94.11784981861427,26.604635041074346],[94.15724119982156,26.56190260022487],[94.14793277327891,26.53479100919776],[94.11233094002091,26.527614279875195],[94.10984672654524,26.54141867633092],[94.11641750346507,26.544878150606223],[94.10576977685378,26.54926149482219],[94.1148819812185,26.554097813163594],[94.10693313445665,26.569654365056977],[94.09739636824787,26.56803004375155],[94.10120521474892,26.575033458427413],[94.09067803506332,26.580492849565417],[94.077995626497,26.57420749408061],[94.07681684282312,26.58563452461368],[94.08244730839664,26.584749494593552],[94.0688245435179,26.594006633699223],[94.08499627845555,26.607212585292643],[94.07750754463751,26.614470799487833],[94.08774976783758,26.619625166668186],[94.08304019185141,26.62811299691731],[94.0946813086955,26.6280229100293],[94.0976304222063,26.642408888159707],[94.08504593991825,26.64944976769266],[94.08220971560593,26.661615466280807],[94.06788100900144,26.66056437644488],[94.0660331944764,26.66807130804449],[94.05668068316703,26.66282618757856],[94.05399100967742,26.678682577938673],[94.04749058132535,26.674398390273552],[94.04341249129351,26.68118142698131],[94.04847585517666,26.688139590469802],[94.0359829535505,26.709303669828557],[94.0440650420681,26.712919823091397],[94.03829486681474,26.721369014868174],[94.04607138908341,26.72487017002237],[94.04110241624358,26.729954115789837],[94.04629317718843,26.7380927455838],[94.02099676608793,26.739073137915057],[94.02076144408545,26.74709383960908],[94.00491529790276,26.74436276043309],[94.00187511274629,26.752999762129377],[94.02586613991048,26.801590602624287],[94.03572703077793,26.84129105923506],[94.04693080281436,26.850198862987213],[94.10324407495415,26.853888832603616],[94.11979309437584,26.847813824948105],[94.21328674198963,26.865099060873035]]]}},{"id":"94","type":"Feature","properties":{"ST_NAME":"ASSAM","AC_NO":71,"AC_NAME":"Dhekiajuli","DIST_NAME":"SONITPUR","PC_NAME":"TEZPUR"},"geometry":{"type":"Polygon","coordinates":[[[92.61153001130106,26.97196571904277],[92.61356178304993,26.89676989811238],[92.59392083957516,26.80992442757031],[92.59706451961193,26.71425805026888],[92.57930374197417,26.691382323635366],[92.57947192778732,26.674181552037055],[92.56455381810429,26.667337775118256],[92.54363089465011,26.680006717236267],[92.53313926156773,26.667396447787894],[92.51662248823732,26.6642333882603],[92.50557557055618,26.68419946633236],[92.47858886838162,26.687409546013782],[92.33307574195197,26.68476603742272],[92.33521996672812,26.704104790703582],[92.34624373136319,26.704600652598117],[92.33162222978211,26.722047433742148],[92.34210752174477,26.729048639683015],[92.33165694451242,26.72529483259052],[92.33725150825057,26.732874718093797],[92.32335798987941,26.739029646700885],[92.33409604259833,26.74192613728144],[92.32818200369655,26.75686334226947],[92.336303541875,26.76591049956994],[92.32852679927242,26.771274626422894],[92.34010525405427,26.77157568437036],[92.3274220091185,26.802895047668358],[92.33608497694019,26.823343724433414],[92.32955195355987,26.832646697487178],[92.34503390579016,26.861715374265145],[92.3492761859473,26.910968302844935],[92.36485785860333,26.932351454356194],[92.39830276056404,26.925131196047914],[92.411931449277,26.943040074040255],[92.42600170421531,26.941313139190072],[92.4472897074541,26.95910634638085],[92.50371058257736,26.96356921674601],[92.56232667043957,26.957858372465978],[92.61153001130106,26.97196571904277]]]}},{"id":"95","type":"Feature","properties":{"ST_NAME":"ASSAM","AC_NO":75,"AC_NAME":"Sootea","DIST_NAME":"SONITPUR","PC_NAME":"TEZPUR"},"geometry":{"type":"Polygon","coordinates":[[[92.9790632201915,26.93762224686924],[93.0226325143791,26.91342881738609],[93.06309482806392,26.92223500763953],[93.08816207841727,26.914598090729328],[93.10702516318082,26.925582653017102],[93.15681138253933,26.93339128917671],[93.18600666047905,26.855814080555433],[93.15928284992367,26.845423691350334],[93.15684977010085,26.860102977070767],[93.11414133305612,26.867588481423354],[93.10672354855296,26.856538808219454],[93.06315980588039,26.874905945652927],[93.06613228647592,26.865544044522096],[93.04799280342519,26.848207893479525],[93.04901121099863,26.83002971709783],[93.0383043036008,26.825548666038173],[93.03490859485584,26.813227989080474],[93.02123236708013,26.81802434065088],[93.02550602908002,26.846545299725847],[93.00768028891429,26.850898754074308],[93.0035895400253,26.85936047250783],[92.94413360947857,26.84479259030587],[92.93034979760512,26.803499053038934],[92.9465297955137,26.793941234600368],[92.99869361911527,26.807357137422002],[93.01171003948679,26.78726643489813],[93.02989928832153,26.777507316709375],[93.03442571647372,26.737272693380135],[93.04789290943029,26.712588946322853],[92.93162045062337,26.678664993494692],[92.90897222278988,26.65799169486087],[92.9122287182808,26.644152249127046],[92.89632924949535,26.644690765866187],[92.86080633624346,26.72555593815605],[92.84072785640552,26.827714317162076],[92.84472644546912,26.845442969217686],[92.85688800447787,26.863341526590204],[92.9790632201915,26.93762224686924]]]}},{"id":"96","type":"Feature","properties":{"ST_NAME":"ASSAM","AC_NO":70,"AC_NAME":"Majbat","DIST_NAME":"DARRANG","PC_NAME":"MANGALDOI"},"geometry":{"type":"Polygon","coordinates":[[[92.36485785860333,26.932351454356194],[92.3492761859473,26.910968302844935],[92.34503390579016,26.861715374265145],[92.32955195355987,26.832646697487178],[92.33608497694019,26.823343724433414],[92.3274220091185,26.802895047668358],[92.34010525405427,26.77157568437036],[92.32852679927242,26.771274626422894],[92.336303541875,26.76591049956994],[92.32818200369655,26.75686334226947],[92.33409604259833,26.74192613728144],[92.32335798987941,26.739029646700885],[92.33725150825057,26.732874718093797],[92.33165694451242,26.72529483259052],[92.34210752174477,26.729048639683015],[92.33162222978211,26.722047433742148],[92.34624373136319,26.704600652598117],[92.33521996672812,26.704104790703582],[92.33254229109394,26.694147296460642],[92.33867851380245,26.690962621727635],[92.3279167729408,26.652515698640627],[92.33439751333464,26.643248570764968],[92.32586405688079,26.63483645084159],[92.33236729651361,26.629712030186113],[92.32017825692105,26.6138284946893],[92.33965553637398,26.598422049537987],[92.3245029311654,26.59127224411884],[92.34437053527205,26.58162460409227],[92.35921177270518,26.588258392910575],[92.35231532159486,26.570039145390297],[92.36541289498916,26.567297586414554],[92.36280493030335,26.56190582699236],[92.30188584325714,26.56970157946438],[92.22877006608576,26.643602691411104],[92.18388195748639,26.64023100445735],[92.12150532031433,26.61563674803756],[92.10757920241832,26.62765249456703],[92.10840941066584,26.683559897271493],[92.09840100939914,26.703416318308484],[92.04333875897663,26.738774160998787],[92.04473979930236,26.790162652984122],[92.03146093787205,26.827377934743936],[92.03401105816386,26.848560201092482],[92.05546043035463,26.847312903467753],[92.08918692353774,26.860215638740783],[92.1081704904758,26.89305505774479],[92.19502894542956,26.890145761717577],[92.25459537747474,26.91010249673286],[92.27508341486777,26.902227061629617],[92.30276897660707,26.90767197368268],[92.30262596641529,26.92306233266055],[92.36485785860333,26.932351454356194]]]}},{"id":"97","type":"Feature","properties":{"ST_NAME":"ASSAM","AC_NO":76,"AC_NAME":"Biswanath","DIST_NAME":"SONITPUR","PC_NAME":"TEZPUR"},"geometry":{"type":"Polygon","coordinates":[[[93.2319860550125,26.666732309248744],[93.21955020997427,26.630813373238652],[93.1074454019838,26.577414268753557],[93.07043631318538,26.598304263530963],[93.00524101725921,26.59790618582184],[92.99320779870101,26.61360886315856],[92.95180521683733,26.62041203298901],[92.93604871327756,26.616404830218812],[92.91600003337487,26.59449884524554],[92.89271385885758,26.59573497329046],[92.86962146126149,26.58175033291161],[92.83620036075808,26.582114423441965],[92.8451044008475,26.593150100496814],[92.83719661083501,26.60468229954853],[92.87984149548868,26.650642891955954],[92.9122287182808,26.644152249127046],[92.90897222278988,26.65799169486087],[92.93162045062337,26.678664993494692],[93.04789290943029,26.712588946322853],[93.03442571647372,26.737272693380135],[93.02989928832153,26.777507316709375],[93.01171003948679,26.78726643489813],[92.99869361911527,26.807357137422002],[92.9465297955137,26.793941234600368],[92.93034979760512,26.803499053038934],[92.94413360947857,26.84479259030587],[93.0035895400253,26.85936047250783],[93.00768028891429,26.850898754074308],[93.02550602908002,26.846545299725847],[93.02123236708013,26.81802434065088],[93.03490859485584,26.813227989080474],[93.0383043036008,26.825548666038173],[93.04901121099863,26.83002971709783],[93.04799280342519,26.848207893479525],[93.06613228647592,26.865544044522096],[93.06315980588039,26.874905945652927],[93.10672354855296,26.856538808219454],[93.11414133305612,26.867588481423354],[93.15684977010085,26.860102977070767],[93.15928284992367,26.845423691350334],[93.18600666047905,26.855814080555433],[93.19384913902661,26.827875775146936],[93.18169326283385,26.801899506257257],[93.19196961260758,26.784687172974714],[93.18496282727273,26.75905709091205],[93.19528114121175,26.73373335930711],[93.21871381529041,26.72619240365657],[93.21592595921572,26.701087466313595],[93.2319860550125,26.666732309248744]]]}},{"id":"98","type":"Feature","properties":{"ST_NAME":"ASSAM","AC_NO":69,"AC_NAME":"Udalguri","DIST_NAME":"DARRANG","PC_NAME":"MANGALDOI"},"geometry":{"type":"Polygon","coordinates":[[[91.86114159830618,26.913557335003077],[91.89783264186298,26.91554595728013],[91.95442464807911,26.887099887449892],[91.98595641685523,26.857576801228447],[92.03401105816386,26.848560201092482],[92.03146093787205,26.827377934743936],[92.04473979930236,26.790162652984122],[92.04333875897663,26.738774160998787],[92.09840100939914,26.703416318308484],[92.10840941066584,26.683559897271493],[92.10730238389795,26.61505212035911],[92.089914050593,26.603821073683662],[92.04018666488275,26.603456901314985],[92.00943913910504,26.628634198109808],[91.95378629580097,26.641489168590283],[91.9842797478122,26.667783891913132],[91.98652943518533,26.690113265115144],[91.96747610423887,26.700742919849915],[91.94601865433748,26.699844294778416],[91.92877644018063,26.708503461165833],[91.89271002524754,26.67439395301858],[91.86374572198753,26.69757735301249],[91.87929982053038,26.778563520989735],[91.880597076394,26.839867708528004],[91.87783983593971,26.881606001016166],[91.86114159830618,26.913557335003077]]]}},{"id":"99","type":"Feature","properties":{"ST_NAME":"ASSAM","AC_NO":64,"AC_NAME":"Panery","DIST_NAME":"DARRANG","PC_NAME":"MANGALDOI"},"geometry":{"type":"Polygon","coordinates":[[[91.70482686676655,26.81138521615486],[91.72753525474826,26.812067396892928],[91.80253943374794,26.851528527719438],[91.83242297544001,26.875840849375777],[91.86114159830618,26.913557335003077],[91.87783983593971,26.881606001016166],[91.880597076394,26.839867708528004],[91.87929982053038,26.778563520989735],[91.86374572198753,26.69757735301249],[91.89271002524754,26.67439395301858],[91.92877644018063,26.708503461165833],[91.94601865433748,26.699844294778416],[91.96747610423887,26.700742919849915],[91.98652943518533,26.690113265115144],[91.9842797478122,26.667783891913132],[91.95378629580097,26.641489168590283],[91.90856290915099,26.6315319981033],[91.90130440447473,26.60142481480341],[91.80723311961282,26.620944861516193],[91.79791182916762,26.609011427235657],[91.74579933167388,26.59764693825565],[91.75181135351119,26.60517393732738],[91.73705404530801,26.60544077337306],[91.74625667920242,26.627055966159958],[91.73296238990241,26.63024049969937],[91.74817119284631,26.63256606826951],[91.73882295331669,26.64028424522178],[91.74890731851798,26.646564624757673],[91.73260962543395,26.656525971696283],[91.74552624174271,26.687579973836762],[91.73764874539336,26.69336719663886],[91.74254866648783,26.700857269547384],[91.70482686676655,26.81138521615486]]]}},{"id":"100","type":"Feature","properties":{"ST_NAME":"ASSAM","AC_NO":96,"AC_NAME":"Khumtai","DIST_NAME":"GOLAGHAT","PC_NAME":"KALIABOR"},"geometry":{"type":"Polygon","coordinates":[[[94.00187511274629,26.752999762129377],[94.00491529790276,26.74436276043309],[94.02076144408545,26.74709383960908],[94.02099676608793,26.739073137915057],[94.04629317718843,26.7380927455838],[94.04110241624358,26.729954115789837],[94.04607138908341,26.72487017002237],[94.03829486681474,26.721369014868174],[94.0440650420681,26.712919823091397],[94.0359829535505,26.709303669828557],[94.04847585517666,26.688139590469802],[94.04341249129351,26.68118142698131],[94.04749058132535,26.674398390273552],[94.05399100967742,26.678682577938673],[94.05668068316703,26.66282618757856],[94.0660331944764,26.66807130804449],[94.06788100900144,26.66056437644488],[94.08220971560593,26.661615466280807],[94.08504593991825,26.64944976769266],[94.0976304222063,26.642408888159707],[94.0946813086955,26.6280229100293],[94.08304019185141,26.62811299691731],[94.08774976783758,26.619625166668186],[94.07750754463751,26.614470799487833],[94.08499627845555,26.607212585292643],[94.0688245435179,26.594006633699223],[94.08244730839664,26.584749494593552],[94.07681684282312,26.58563452461368],[94.077995626497,26.57420749408061],[94.09067803506332,26.580492849565417],[94.10120521474892,26.575033458427413],[94.09739636824787,26.56803004375155],[94.10693313445665,26.569654365056977],[94.1148819812185,26.554097813163594],[94.10576977685378,26.54926149482219],[94.11641750346507,26.544878150606223],[94.09610433384796,26.494941797525996],[94.10096467847717,26.467991231909878],[94.05754903166252,26.47368015071845],[94.02247991181855,26.459822946971485],[94.01021101422697,26.467389575568518],[93.99929667550123,26.545345975236614],[93.9639970576182,26.521486509894544],[93.94950028660901,26.502051709918533],[93.93109194493735,26.5025543086345],[93.84458782826573,26.566170871688428],[93.74263886449205,26.570247793500926],[93.80712841024797,26.599636638819902],[93.82824835627667,26.58949995465923],[93.84646360541115,26.589657221803407],[93.86319937355233,26.602504741400764],[93.87685667419623,26.58945062144909],[93.89439267348314,26.59239009422754],[93.8920248709511,26.62336891754154],[93.90409058291414,26.63120595788871],[93.87098458686927,26.65069891522279],[93.8683017743075,26.66269064535703],[93.92586249425875,26.711526217461028],[93.94012591098209,26.74940076613251],[94.00187511274629,26.752999762129377]]]}},{"id":"101","type":"Feature","properties":{"ST_NAME":"ASSAM","AC_NO":100,"AC_NAME":"Titabar","DIST_NAME":"JORHAT","PC_NAME":"JORHAT"},"geometry":{"type":"Polygon","coordinates":[[[94.2510055973305,26.699529110280253],[94.26862995320982,26.67785248480436],[94.26542603298509,26.642869280792752],[94.2885617221458,26.64157910439218],[94.31636130712866,26.58640945153502],[94.39348963983508,26.63688424761],[94.40766534298126,26.629083890609138],[94.40167065018039,26.593821944427248],[94.41334902773548,26.57743031805478],[94.40190401166086,26.554600606133135],[94.40598854353652,26.544320201316282],[94.39643249586305,26.54295544773578],[94.3958560861895,26.52755679790795],[94.38531868750749,26.530693541473795],[94.37580391242068,26.52169218394721],[94.37172641414276,26.50592912432967],[94.3477907267607,26.50458294354803],[94.35287630299905,26.499454240320972],[94.34655406631714,26.492130378314357],[94.35283831293788,26.49021867954849],[94.33953198711157,26.48064962408091],[94.32549527508695,26.482113584574336],[94.31573370894358,26.458249139686075],[94.2998657937714,26.463691175707254],[94.28969040908515,26.47993666584449],[94.28084432130845,26.535003888618633],[94.28434871222333,26.561345398271555],[94.25606613824175,26.54135263191847],[94.23704049472309,26.506121701555344],[94.20664610483391,26.48629985675302],[94.20211694903804,26.46907581429747],[94.18527149778146,26.45902336423694],[94.17126022937612,26.430251557263603],[94.17738646960993,26.382449160500414],[94.16137171223477,26.34708563949073],[94.13385952989347,26.35052288612235],[94.11656702294982,26.396567174835297],[94.1147303627161,26.425242703987635],[94.12687071211371,26.450180934002958],[94.10359372686906,26.461813054029278],[94.09610433384796,26.494941797525996],[94.11233094002091,26.527614279875195],[94.14793277327891,26.53479100919776],[94.15724119982156,26.56190260022487],[94.11784981861427,26.604635041074346],[94.11385083564761,26.62213906946255],[94.14597468658258,26.669752258759786],[94.15989514414565,26.709146273182],[94.16042835578406,26.688259330703602],[94.18335485454298,26.709095750168785],[94.2079844471246,26.712690479781884],[94.22474633607459,26.70021242236544],[94.2510055973305,26.699529110280253]]]}},{"id":"102","type":"Feature","properties":{"ST_NAME":"ASSAM","AC_NO":72,"AC_NAME":"Barchalla","DIST_NAME":"SONITPUR","PC_NAME":"TEZPUR"},"geometry":{"type":"Polygon","coordinates":[[[92.69414765738856,26.74426151115989],[92.71531972002913,26.67917823658638],[92.7177951714101,26.627423719629007],[92.67955700525164,26.62984704180758],[92.6823648226785,26.590783623565414],[92.67384105102377,26.559808020723608],[92.6352419446601,26.530631308388195],[92.601621366433,26.519086466667147],[92.59049987426982,26.50109874960765],[92.52145363997357,26.50791985821496],[92.47315018053644,26.49483005945973],[92.46003078869,26.498313733592],[92.44644377276194,26.518421390135074],[92.38324894048628,26.516534114258036],[92.34404293923029,26.504764804452236],[92.33135914031214,26.51594941013724],[92.35436720668127,26.534772887858537],[92.38088733788038,26.52725588115402],[92.3672247501222,26.56010072037202],[92.36113680122247,26.558784550866392],[92.36541289498916,26.567297586414554],[92.35231532159486,26.570039145390297],[92.35921177270518,26.588258392910575],[92.34437053527205,26.58162460409227],[92.3245029311654,26.59127224411884],[92.33965553637398,26.598422049537987],[92.32017825692105,26.6138284946893],[92.33236729651361,26.629712030186113],[92.32586405688079,26.63483645084159],[92.33439751333464,26.643248570764968],[92.3279167729408,26.652515698640627],[92.33307574195197,26.68476603742272],[92.47858886838162,26.687409546013782],[92.50557557055618,26.68419946633236],[92.51662248823732,26.6642333882603],[92.53313926156773,26.667396447787894],[92.54363089465011,26.680006717236267],[92.56455381810429,26.667337775118256],[92.57947192778732,26.674181552037055],[92.57930374197417,26.691382323635366],[92.59706451961193,26.71425805026888],[92.59717287802596,26.757295034838023],[92.61114155274055,26.75422189672321],[92.67143179154402,26.768020358552747],[92.69414765738856,26.74426151115989]]]}},{"id":"103","type":"Feature","properties":{"ST_NAME":"ASSAM","AC_NO":31,"AC_NAME":"Sidli","DIST_NAME":"KOKRAJHAR","PC_NAME":"KOKRAJHAR"},"geometry":{"type":"Polygon","coordinates":[[[90.33352270720724,26.865285386911125],[90.35739897008648,26.896299823378172],[90.41194397363552,26.902109202777524],[90.54609275587603,26.816955500895688],[90.63403285693084,26.793889995726772],[90.64642996007467,26.776523481773324],[90.66272172212985,26.78075700882897],[90.60623670016366,26.697968506841164],[90.61006143678594,26.674252325984128],[90.58671641782848,26.65232921342249],[90.56742059998078,26.677260535745177],[90.5420094165014,26.683558035674878],[90.51732725135162,26.678338837267574],[90.48441912684132,26.64611836497062],[90.51226675270851,26.60216796507956],[90.52096108708457,26.55835107674085],[90.47884313140543,26.573784735377274],[90.45236400299638,26.463471188944254],[90.43179082408733,26.519943364994333],[90.42557787302047,26.58386738017549],[90.40457385050286,26.607837039447872],[90.36870084197034,26.610785818410818],[90.373980114191,26.638439219494444],[90.36229391613136,26.653760008717484],[90.38926597194711,26.725886761864615],[90.33352270720724,26.865285386911125]]]}},{"id":"104","type":"Feature","properties":{"ST_NAME":"ASSAM","AC_NO":62,"AC_NAME":"Barama","DIST_NAME":"NALBARI","PC_NAME":"KOKRAJHAR"},"geometry":{"type":"Polygon","coordinates":[[[91.35415713604306,26.786534641260744],[91.3806010550947,26.801253927027176],[91.4031282134963,26.834882493032694],[91.43646742173416,26.8176953074925],[91.45830997392619,26.783779158981076],[91.46301893387675,26.740967132627134],[91.49981547240617,26.703690597143407],[91.51917482016188,26.665028560719577],[91.52040165101545,26.646934713766086],[91.51081765780873,26.632283314223628],[91.50010338586264,26.568890408065954],[91.3890070812119,26.528209755176135],[91.38847154392664,26.50290355495514],[91.35713699197868,26.48284885589004],[91.35219755467347,26.484160545872555],[91.35982993090664,26.499807369914265],[91.35033748958352,26.505946624237367],[91.3046795253399,26.50412886775308],[91.28332730780909,26.52304433712652],[91.2625530449871,26.52828035465467],[91.26117012779923,26.544554287650328],[91.29826913441309,26.541726715715413],[91.32347792546597,26.560468824576617],[91.33277326777215,26.542627822915733],[91.33900518284298,26.543940092960952],[91.38906004588449,26.609519426380473],[91.41624380660647,26.6082825429051],[91.4095776916572,26.642175309942672],[91.37478140543755,26.679273474791103],[91.38819382608426,26.721595538803115],[91.38661476046286,26.74615478641431],[91.35415713604306,26.786534641260744]]]}},{"id":"105","type":"Feature","properties":{"ST_NAME":"ASSAM","AC_NO":58,"AC_NAME":"Tamulpur","DIST_NAME":"NALBARI","PC_NAME":"KOKRAJHAR"},"geometry":{"type":"Polygon","coordinates":[[[91.707801159496,26.797080870385912],[91.70152574961372,26.796531722760847],[91.69702139891848,26.769680069079982],[91.69581378927501,26.70355700645075],[91.67083272365136,26.64457778673551],[91.67023121300014,26.52420938275685],[91.6132758896706,26.486610882786067],[91.60544474707746,26.57035448996777],[91.57873635359988,26.564505679793342],[91.55994122610673,26.577789225792174],[91.53769762304694,26.578632968836473],[91.50010338586264,26.568890408065954],[91.51917482016188,26.665028560719577],[91.49981547240617,26.703690597143407],[91.46301893387675,26.740967132627134],[91.45830997392619,26.783779158981076],[91.43646742173416,26.8176953074925],[91.49360368955871,26.78943867985123],[91.5915100892193,26.804386832286525],[91.62453241144169,26.820914805773725],[91.67993341129795,26.80430113768739],[91.70482686676655,26.81138521615486],[91.707801159496,26.797080870385912]]]}},{"id":"106","type":"Feature","properties":{"ST_NAME":"ASSAM","AC_NO":73,"AC_NAME":"Tezpur","DIST_NAME":"SONITPUR","PC_NAME":"TEZPUR"},"geometry":{"type":"Polygon","coordinates":[[[92.86899321646382,26.707720264079],[92.89632924949535,26.644690765866187],[92.87984149548868,26.650642891955954],[92.87548114693743,26.639305073270577],[92.8575239088014,26.632756993440523],[92.83719661083501,26.60468229954853],[92.8451044008475,26.593150100496814],[92.83620036075808,26.582114423441965],[92.79562590251345,26.557444068189227],[92.77137581574135,26.555918558994335],[92.75710653813627,26.515301904559294],[92.72929201901155,26.517633296239694],[92.72131377880788,26.536259332302393],[92.68876367710209,26.509942363349467],[92.66321914484769,26.522318271271274],[92.59909993091713,26.507743652247825],[92.601621366433,26.519086466667147],[92.6352419446601,26.530631308388195],[92.67384105102377,26.559808020723608],[92.6823648226785,26.590783623565414],[92.67955700525164,26.62984704180758],[92.7177951714101,26.627423719629007],[92.71531972002913,26.67917823658638],[92.6963757367509,26.729651396794566],[92.70954886039164,26.741556357639865],[92.72576185892274,26.741915272571816],[92.7549204310331,26.721300771613357],[92.79304206753744,26.736048230441554],[92.84483306099702,26.709810620363896],[92.86899321646382,26.707720264079]]]}},{"id":"107","type":"Feature","properties":{"ST_NAME":"ASSAM","AC_NO":89,"AC_NAME":"Kaliabor","DIST_NAME":"NAGAON","PC_NAME":"KALIABOR"},"geometry":{"type":"Polygon","coordinates":[[[93.30420498956869,26.700137588878647],[93.31508093084034,26.686103480391353],[93.31710805039626,26.67798710072418],[93.3067590587836,26.66785043904656],[93.31776795582658,26.652641277273176],[93.3073039337296,26.63798588474083],[93.2871623862352,26.637212661135436],[93.29665535995696,26.610075551845284],[93.29162158107118,26.590953770799956],[93.30202616607477,26.581604349561132],[93.28115454534606,26.568958034385844],[93.25079325680343,26.569819696421916],[93.23539002133248,26.552597398651073],[93.25560107742785,26.550885170414347],[93.24702317467984,26.54428160691066],[93.26212167937206,26.537954561553818],[93.25581292172899,26.531432387594634],[93.27291948214844,26.54563808313111],[93.27498652350931,26.534139540307592],[93.26367921342501,26.52757684559498],[93.28737811111102,26.520894501480086],[93.29197140925316,26.50397265461436],[93.283615232557,26.52004071840446],[93.27264004839958,26.517137952354688],[93.27291797398539,26.508464342855177],[93.26319838100056,26.508851549559438],[93.26951924801494,26.51491366543337],[93.24427668382197,26.522020394225876],[93.24486845031879,26.531904216006808],[93.23297719783949,26.5354276599586],[93.21885627329846,26.53564618262527],[93.21245384137177,26.527258750890667],[93.2183042676279,26.52222865472868],[93.21062186840459,26.519087549450887],[93.21732897535202,26.506811790032145],[93.20225854839333,26.500874774351416],[93.20880560389554,26.514127835131546],[93.19842387336314,26.534051011045392],[93.16111484447453,26.524268358497977],[93.19959624037426,26.543524051293957],[93.21070219944698,26.558975288079125],[93.19452291649947,26.565341992638878],[93.1522360771333,26.54876417962322],[93.14063084953415,26.554729718201997],[93.1144190616904,26.53080841997263],[93.08940631025308,26.54456285459213],[93.05797187869928,26.544116885286087],[93.04250721953264,26.536463276059408],[93.04741998924118,26.52620011304481],[93.01204404229878,26.506127264761517],[93.00881572886283,26.48081484033264],[93.06849209583362,26.491284234979503],[93.06647769808734,26.500277932980282],[93.07042375415301,26.491246553385793],[93.09085554075068,26.499905622646395],[93.0645133970757,26.479345618805326],[93.09028477612156,26.468577092558803],[93.0893661510271,26.460639625818146],[93.10258480554438,26.46008349585668],[93.10808129281747,26.467238856388178],[93.09834500391884,26.473149906842764],[93.12456609255116,26.483187553163077],[93.11903190210069,26.49259197513959],[93.13295895259364,26.48959153012504],[93.1271641476074,26.480500248487715],[93.13610188889112,26.484273021382876],[93.11045199026722,26.470716470888476],[93.12835895540155,26.464250418222264],[93.10387993900804,26.44865142192566],[93.11823540853732,26.441714472544902],[93.09935277610981,26.433052750284276],[93.10549544605806,26.441047978681297],[93.09920629093762,26.445724813949028],[93.06848036957348,26.435204635485604],[93.0785959268606,26.428465634981137],[93.09165642930083,26.433597250212983],[93.07737581034542,26.419236980102596],[93.06716174491868,26.423083964153648],[93.04983648106878,26.415724552845916],[93.0558657761847,26.428392898713355],[93.04370535032172,26.437426685792957],[93.02382683653934,26.42199093983004],[92.97935178026052,26.420666324791114],[92.96207022256277,26.41320685401314],[92.96603215076323,26.40646438572287],[92.95615016180057,26.406563098907952],[92.94727538744922,26.42044142772977],[92.91154998464413,26.408242523473746],[92.91238156525708,26.416255857022236],[92.94320487510498,26.428906610351817],[92.94144070022821,26.440796035408766],[92.91583047069975,26.446688155134325],[92.91977179723074,26.47351324733853],[92.90041551706253,26.463450221250753],[92.88912685621949,26.479851234746718],[92.86427466974027,26.474838693351046],[92.85907637607397,26.482486790632947],[92.86596181138856,26.499048779177883],[92.82380733514049,26.519975572414808],[92.83620036075808,26.582114423441965],[92.86962146126149,26.58175033291161],[92.89271385885758,26.59573497329046],[92.91600003337487,26.59449884524554],[92.93604871327756,26.616404830218812],[92.95180521683733,26.62041203298901],[92.99320779870101,26.61360886315856],[93.00524101725921,26.59790618582184],[93.07043631318538,26.598304263530963],[93.1074454019838,26.577414268753557],[93.21955020997427,26.630813373238652],[93.2441746539372,26.685264236655257],[93.27041874363016,26.684125989922563],[93.30420498956869,26.700137588878647]]]}},{"id":"108","type":"Feature","properties":{"ST_NAME":"ASSAM","AC_NO":56,"AC_NAME":"Kamalpur","DIST_NAME":"KAMRUP","PC_NAME":"MANGALDOI"},"geometry":{"type":"Polygon","coordinates":[[[91.707801159496,26.797080870385912],[91.74254866648783,26.700857269547384],[91.73764874539336,26.69336719663886],[91.74552624174271,26.687579973836762],[91.73260962543395,26.656525971696283],[91.74890731851798,26.646564624757673],[91.73882295331669,26.64028424522178],[91.7500660239279,26.63728699549847],[91.73296238990241,26.63024049969937],[91.74625667920242,26.627055966159958],[91.73705404530801,26.60544077337306],[91.75181135351119,26.60517393732738],[91.74465213578748,26.590411311432945],[91.7506876946814,26.58708110031256],[91.76265312953836,26.593902494904285],[91.74910882421295,26.581229605661804],[91.7666618845384,26.573560328446433],[91.76407987518616,26.566008618702824],[91.78540927871529,26.53584439050627],[91.7758471462289,26.523170710759757],[91.78521204300142,26.5188861552719],[91.77785787743915,26.51295800330928],[91.78749821317206,26.497607809852582],[91.77564397948612,26.489905492444564],[91.77728332846289,26.470084617111468],[91.76615521189359,26.468399669808946],[91.76448389921262,26.459679625614285],[91.78004652782505,26.412651338288697],[91.79515731815576,26.408604639992177],[91.79643243450931,26.392497053696104],[91.80430594776135,26.389145013331756],[91.79729101277007,26.378584209793473],[91.77279388942651,26.376113320673255],[91.74903861504009,26.36085590577551],[91.74635248847665,26.354706037653557],[91.77518299509921,26.330638390949048],[91.78247769119253,26.312938115201916],[91.74680245077252,26.270589696557295],[91.71822047539467,26.287446977496074],[91.66556004436063,26.275424594869207],[91.65297582647327,26.281025428680664],[91.64299764332662,26.304801451325943],[91.601782459493,26.3538356387038],[91.63016215485959,26.364199113898053],[91.6419481353982,26.380397469667514],[91.63580981547068,26.43970276017427],[91.62603721554513,26.44315117278842],[91.68337089624993,26.459354428963763],[91.7022897785505,26.45685362839231],[91.68194950966222,26.504643152259746],[91.694860733636,26.561439719167765],[91.67106900612981,26.565364250859545],[91.66747488805572,26.599705903704546],[91.67083272365136,26.64457778673551],[91.69581378927501,26.70355700645075],[91.70152574961372,26.796531722760847],[91.707801159496,26.797080870385912]]]}},{"id":"109","type":"Feature","properties":{"ST_NAME":"ASSAM","AC_NO":30,"AC_NAME":"Kokrajhar East","DIST_NAME":"KOKRAJHAR","PC_NAME":"KOKRAJHAR"},"geometry":{"type":"Polygon","coordinates":[[[90.23903552097255,26.858989617277075],[90.30378039954587,26.848453404800864],[90.33352270720724,26.865285386911125],[90.38926597194711,26.725886761864615],[90.36229391613136,26.653760008717484],[90.373980114191,26.638439219494444],[90.36870084197034,26.610785818410818],[90.35424377962681,26.60046277313853],[90.34974673052727,26.566331920481787],[90.35466085821207,26.548408252239085],[90.37746195910216,26.541157568966696],[90.38611674579124,26.5211088144203],[90.37991806606595,26.49623369702755],[90.36023539224959,26.501278294757526],[90.34401219540655,26.468187664529125],[90.32476804540903,26.456926200983446],[90.31860973984766,26.44478012830035],[90.33398254136125,26.389079936589837],[90.31692541577536,26.391112744357713],[90.31171943740219,26.381573200143123],[90.31884278116945,26.364416820879626],[90.32852738513077,26.364755351778115],[90.29733861058844,26.338503246427706],[90.28686139363845,26.337659049225806],[90.28084236338441,26.319514577635687],[90.25606752129914,26.335482443460023],[90.25017473607528,26.324118272840053],[90.22773361761244,26.333810570501498],[90.21684101819847,26.32780119716756],[90.2279910521454,26.349830142846884],[90.21673552592387,26.351613384250356],[90.2335029879726,26.36549896160784],[90.22608532757584,26.38566277451747],[90.20748523155822,26.377856529655162],[90.20283029208434,26.382776433685535],[90.19924945519824,26.431811288360336],[90.17532695907198,26.457941455533785],[90.18046879779683,26.50268838765902],[90.16753676441022,26.537973833125932],[90.15481407431014,26.55337300096329],[90.13803335355647,26.55816123615216],[90.13949446409828,26.57430802029893],[90.19106451481554,26.662686143350868],[90.16780668423115,26.706816964331495],[90.12226329181755,26.74879631289957],[90.1945148609721,26.773477102985964],[90.18758871784513,26.807136867372606],[90.20109097896557,26.8356420739226],[90.23903552097255,26.858989617277075]]]}},{"id":"110","type":"Feature","properties":{"ST_NAME":"ASSAM","AC_NO":41,"AC_NAME":"Bhabanipur","DIST_NAME":"BARPETA","PC_NAME":"KOKRAJHAR"},"geometry":{"type":"Polygon","coordinates":[[[91.02096639298469,26.783856211994646],[91.05532315264145,26.779401809645833],[91.09044054539493,26.818363465101868],[91.13276501149613,26.808444150677076],[91.1210912564564,26.79593786534025],[91.12121392308416,26.735365987650255],[91.09828289354078,26.708331005371633],[91.09340999977172,26.689730654845903],[91.11457487592986,26.68893583492087],[91.1268195592753,26.659079034569857],[91.14840642791438,26.642081372157634],[91.148572104619,26.623083068928565],[91.13729195585915,26.601373584923067],[91.14815527064928,26.58877132933344],[91.14255954318844,26.572967758855043],[91.15443447297258,26.54939243881006],[91.13766263572211,26.52277116265907],[91.13368651442119,26.493193822137243],[91.11648446938284,26.48286263260445],[91.11216783237961,26.458780370118063],[91.08582327222626,26.448174524035096],[91.02548498714248,26.461012386712355],[91.00562550481328,26.48602732440156],[91.01543889438955,26.534492024187614],[91.03923155808997,26.56020091474045],[91.02762035719377,26.586376830426445],[91.02761884093684,26.61797923825128],[91.03826110596532,26.643385396319047],[91.02096639298469,26.783856211994646]]]}},{"id":"111","type":"Feature","properties":{"ST_NAME":"ASSAM","AC_NO":63,"AC_NAME":"Chapaguri","DIST_NAME":"BARPETA","PC_NAME":"KOKRAJHAR"},"geometry":{"type":"Polygon","coordinates":[[[91.13276501149613,26.808444150677076],[91.23806018982594,26.80878700011999],[91.26346905845037,26.804823285866007],[91.29611937610838,26.784956468666167],[91.29254229479113,26.74674910788508],[91.30011758116149,26.747011492286617],[91.30110068674736,26.738552189432028],[91.28896172950027,26.681742574260454],[91.27887147373957,26.66613911912509],[91.24423216418307,26.64623629666778],[91.24396850544224,26.633867218197622],[91.18439062682603,26.637445189843675],[91.15702277128395,26.64764761894253],[91.14840642791438,26.642081372157634],[91.1268195592753,26.659079034569857],[91.11457487592986,26.68893583492087],[91.09340999977172,26.689730654845903],[91.09828289354078,26.708331005371633],[91.12121392308416,26.735365987650255],[91.1210912564564,26.79593786534025],[91.13276501149613,26.808444150677076]]]}},{"id":"112","type":"Feature","properties":{"ST_NAME":"ASSAM","AC_NO":63,"AC_NAME":"Chapaguri","DIST_NAME":"NALBARI","PC_NAME":"KOKRAJHAR"},"geometry":{"type":"Polygon","coordinates":[[[91.29611937610838,26.784956468666167],[91.33733140062373,26.779429564522843],[91.35415713604306,26.786534641260744],[91.37987594431945,26.759336310622302],[91.38819382608426,26.721595538803115],[91.37478140543755,26.679273474791103],[91.4095776916572,26.642175309942672],[91.41624380660647,26.6082825429051],[91.38906004588449,26.609519426380473],[91.33277326777215,26.542627822915733],[91.32347792546597,26.560468824576617],[91.29826913441309,26.541726715715413],[91.26186324519267,26.545379521747577],[91.2918268526272,26.562967035999975],[91.29703743373062,26.581051787210242],[91.24721411823703,26.586213464080174],[91.26935937593453,26.621188066975776],[91.2358493180916,26.61550203768894],[91.24837803431888,26.62560596404404],[91.24112839066277,26.630606983325663],[91.24423216418307,26.64623629666778],[91.27887147373957,26.66613911912509],[91.28896172950027,26.681742574260454],[91.30110068674736,26.738552189432028],[91.30011758116149,26.747011492286617],[91.29254229479113,26.74674910788508],[91.29611937610838,26.784956468666167]]]}},{"id":"113","type":"Feature","properties":{"ST_NAME":"ASSAM","AC_NO":40,"AC_NAME":"Sorbhog","DIST_NAME":"BARPETA","PC_NAME":"KOKRAJHAR"},"geometry":{"type":"Polygon","coordinates":[[[90.94149287749434,26.78291861839955],[91.02096639298469,26.783856211994646],[91.03826110596532,26.643385396319047],[91.02761884093684,26.61797923825128],[91.02762035719377,26.586376830426445],[91.03923155808997,26.56020091474045],[91.01543889438955,26.534492024187614],[91.01250797506304,26.545983411105567],[91.00334372693152,26.545803880344863],[90.98020315535138,26.51513629170654],[90.94443458059146,26.511521303065763],[90.9362037541,26.49946224518652],[90.94518208268704,26.47713749180184],[90.90758408633656,26.485474018311322],[90.87793888387245,26.482280916031527],[90.82061013774774,26.45771400889447],[90.81830133793648,26.475423135769176],[90.80351799525931,26.47772129480194],[90.80844063502735,26.50053720572754],[90.8235404329447,26.490621471503744],[90.82701626049209,26.500305283162334],[90.83873923632677,26.503128437627367],[90.84062418026178,26.488841083649163],[90.85409459009333,26.498613259993988],[90.84885172962368,26.504440890234946],[90.85489431042413,26.533247896673117],[90.83187056977101,26.538762548452894],[90.81752954874975,26.566365040714118],[90.82562994836348,26.575227934121926],[90.84682372513487,26.57143294617356],[90.85623510966263,26.597850411667196],[90.86819011867908,26.59985925250254],[90.87560304324592,26.61669594346307],[90.90106844775073,26.632619710131564],[90.89887857968279,26.68871394789045],[90.9163471567959,26.711602597781734],[90.91420213971702,26.726453418390577],[90.94149287749434,26.78291861839955]]]}},{"id":"114","type":"Feature","properties":{"ST_NAME":"ASSAM","AC_NO":17,"AC_NAME":"Bokajan","DIST_NAME":"KARBI ANGLONG","PC_NAME":"AUTONOMOUS DISTRICT"},"geometry":{"type":"Polygon","coordinates":[[[93.7133222967866,26.605356275771555],[93.75131146585153,26.579091253458614],[93.73284819089133,26.549374204156265],[93.73915675428083,26.54038324908771],[93.73174950983207,26.53742600660496],[93.74232325821185,26.536036658365163],[93.74409985362541,26.527000523155664],[93.7563432131688,26.52777319277868],[93.75504873081434,26.507644913881734],[93.76972674939003,26.497512237100125],[93.7788752566878,26.475876346416328],[93.7705960071001,26.473932669557087],[93.78545327944533,26.46426420482925],[93.7938693743722,26.440240636596172],[93.78320635209155,26.43851929642841],[93.79370993356662,26.42846725466012],[93.78106269478758,26.42513066195056],[93.77994491662469,26.417252667376772],[93.78320422879216,26.409794134591664],[93.79894493755887,26.40867433025619],[93.77455455564831,26.38418748166697],[93.79243696839143,26.374770718294087],[93.8271494234072,26.41770962819686],[93.86593214705101,26.388840282553076],[93.88369787185934,26.392179539054553],[93.88884801492401,26.380591412064064],[93.88105744344631,26.37289395908897],[93.89430869029388,26.371718277176797],[93.88315126661774,26.361496956019778],[93.88939118205747,26.346497907352614],[93.88151667325593,26.345498714693974],[93.88663384717438,26.328120540130897],[93.89470500353315,26.329397480309524],[93.88661343526189,26.323756128442596],[93.89382944787076,26.315221671942652],[93.88415756931641,26.31955191029249],[93.8859560101618,26.31129437123832],[93.873942332073,26.309735761596187],[93.885404053954,26.302902053487003],[93.86872041591454,26.294393013626745],[93.88106631345966,26.273087638183995],[93.87080480969428,26.27560236655603],[93.86852606792377,26.26630515276065],[93.87483655406379,26.263724591316873],[93.86498774109145,26.257355276924557],[93.86707294426105,26.25089881732663],[93.86051157155185,26.25240667732635],[93.864443747481,26.245777376125034],[93.85450420280677,26.246487488906553],[93.84758095819473,26.241413093039853],[93.85595155192266,26.244916626001555],[93.86481132917953,26.23499768569468],[93.85155257928818,26.215444532239417],[93.83803288750784,26.21639372798819],[93.84446687574575,26.2124178036388],[93.8350546107817,26.200825725926563],[93.84215597781616,26.20263315189851],[93.82803568999515,26.18638131614489],[93.83528859369369,26.17535306389283],[93.82751431523354,26.179119064892973],[93.82142243899443,26.17174421132637],[93.83621037990514,26.158073553951397],[93.82589384932174,26.151677536888883],[93.83081980938675,26.133209752727964],[93.81851650103573,26.136034159948565],[93.82800548266692,26.126827617600497],[93.8181641583493,26.123799184784616],[93.82211362014749,26.112299137395325],[93.81201378031176,26.112218729910524],[93.8069126044332,26.102589398282134],[93.81451724017853,26.091005958558185],[93.80477256600119,26.0927192021295],[93.80663701258811,26.073336508872842],[93.79652423600476,26.071075304781516],[93.80519629327438,26.06422086819856],[93.79517631143767,26.06108016851499],[93.79607279432406,26.052276544926656],[93.7871569695186,26.054355394385993],[93.7956699618993,26.042578913386194],[93.77997146461144,26.039177632441863],[93.79944561712159,26.031440370077064],[93.78972712400764,26.030113759442486],[93.78568357513694,26.020705697010385],[93.792549452895,26.01445684860471],[93.78143851247745,26.007356799976378],[93.80168045398983,26.002053260449657],[93.79516792615891,25.992899507406378],[93.7968460494057,25.982480444217174],[93.80562179490994,25.986066044812162],[93.80474847316356,25.980433607924738],[93.78961388677152,25.976480804245796],[93.78399106543537,25.982757989389768],[93.777270699783,25.968968466821366],[93.76488067520307,25.96931549541381],[93.76775984574033,25.951221399348128],[93.74492464615554,25.943226382291755],[93.75197415018692,25.933964366162627],[93.70662270187626,25.91906465211207],[93.68142423054388,25.90459621784123],[93.68357119015837,25.898413045126006],[93.60732868427141,25.928643300647877],[93.50955549399089,25.937698742503017],[93.48458291167208,25.95718111661529],[93.48176988896927,25.968368922088132],[93.4920771736227,25.97913457769863],[93.51397072187137,25.985248492723827],[93.57155802488302,26.02974912931893],[93.59078878307594,26.08226701061409],[93.60844572768826,26.09513874535685],[93.63826861910155,26.09957667032711],[93.642808804183,26.112709400918163],[93.62299945995716,26.15082715235127],[93.59412795054453,26.16341122185048],[93.6014187831504,26.182652863638793],[93.5698287760772,26.206410108439798],[93.542086637988,26.20177369679874],[93.52246788438543,26.207191897188352],[93.50926559663003,26.223827086950564],[93.50760597963233,26.28822626343134],[93.49155201271526,26.31594866230097],[93.53372771296364,26.38266846108064],[93.45734697588227,26.369783406479087],[93.43945391606542,26.381380098612738],[93.42511905809812,26.423410622202482],[93.40926596645124,26.426627458490486],[93.38443579267772,26.412682566347428],[93.36736431391199,26.41419172946479],[93.35306731740286,26.43900914905305],[93.30689713169733,26.478525378643383],[93.3011509728392,26.48988542856972],[93.30899023451178,26.53172435879219],[93.28796768865794,26.560786313137896],[93.293723947802,26.57862719698761],[93.2946333062821,26.57212698447279],[93.32158860503017,26.58514304781346],[93.40282690873494,26.579901599279424],[93.40633034456982,26.57495017131339],[93.39761963443863,26.571253961301352],[93.40864114807056,26.569036225941147],[93.45279979947122,26.580476783177062],[93.4554885115856,26.575330082717187],[93.46578285139753,26.585655879914952],[93.45551636898529,26.57153385010713],[93.46368001881785,26.569233242220378],[93.49156606372293,26.58677073078462],[93.47016396529483,26.591105377611143],[93.4954442614436,26.61019876885814],[93.50875091012648,26.593268257923796],[93.5242396549362,26.593356872621598],[93.55829504548001,26.61149859228624],[93.58952412403914,26.599979354263837],[93.58303716213538,26.596670238540753],[93.58261812572596,26.567635168528284],[93.61034292938274,26.57727348798113],[93.60890459237311,26.566670252630104],[93.61640664964722,26.565681588334712],[93.62453352979861,26.591233309769507],[93.6672613463341,26.604802220546105],[93.67434420622021,26.599837740719238],[93.7133222967866,26.605356275771555]]]}},{"id":"115","type":"Feature","properties":{"ST_NAME":"ASSAM","AC_NO":33,"AC_NAME":"Bijni","DIST_NAME":"KOKRAJHAR","PC_NAME":"KOKRAJHAR"},"geometry":{"type":"Polygon","coordinates":[[[90.7447320875159,26.774985844321293],[90.94149287749434,26.78291861839955],[90.91420213971702,26.726453418390577],[90.9163471567959,26.711602597781734],[90.89887857968279,26.68871394789045],[90.90106844775073,26.632619710131564],[90.87560304324592,26.61669594346307],[90.59585041096773,26.6405249757471],[90.58671641782848,26.65232921342249],[90.61006143678594,26.674252325984128],[90.60623670016366,26.697968506841164],[90.66272172212985,26.78075700882897],[90.67574710154753,26.784036699634044],[90.69297084452893,26.770470173859508],[90.71705448747468,26.76814950839315],[90.7447320875159,26.774985844321293]]]}},{"id":"116","type":"Feature","properties":{"ST_NAME":"ASSAM","AC_NO":94,"AC_NAME":"Sarupathar","DIST_NAME":"GOLAGHAT","PC_NAME":"KALIABOR"},"geometry":{"type":"Polygon","coordinates":[[[93.74263886449205,26.570247793500926],[93.84458782826573,26.566170871688428],[93.91689147716,26.509584075244902],[93.95356275811486,26.49815068290775],[93.94960850472876,26.468653640153434],[93.96489463048289,26.40982859841114],[93.95939091355984,26.376998452316798],[93.97346552031757,26.34376201680368],[93.98713686387521,26.227743743279177],[93.97390195860856,26.202441624181688],[93.97499439837287,26.167393971154922],[94.00345057478427,26.14095938346884],[93.99791716584457,26.131338633171424],[93.98709625588754,26.13142193557394],[93.99781457028627,26.128334442480593],[93.98688388458368,26.114021228496938],[93.99750668198783,26.10842506576421],[93.98193153391321,26.08161511184801],[93.98720980788636,26.0667616076621],[93.96260440886641,26.0367486094608],[93.95295867989921,26.003390159328433],[93.96006899428869,25.99429361665716],[93.95485128695736,25.96895468381166],[93.96919939823368,25.955854217298338],[93.96889944105641,25.935459482768977],[93.97897793908066,25.917171214979646],[93.93474239114852,25.8949508764818],[93.93375555427548,25.88707637937148],[93.91550776946804,25.882925011680015],[93.87562410297005,25.841583089088317],[93.85103330174553,25.857191607406833],[93.83746410138724,25.857392851399027],[93.81562743256,25.823174044146867],[93.79606358616564,25.80775698789472],[93.78732781732498,25.815613231465534],[93.77795883403303,25.850824286811417],[93.78937851440696,25.86729335740256],[93.78508191699694,25.882872355474888],[93.79637835247905,25.892471593089624],[93.79693730181509,25.903499504498598],[93.777270699783,25.968968466821366],[93.78399106543537,25.982757989389768],[93.79550400280755,25.97715819339595],[93.80562179490994,25.986066044812162],[93.7968460494057,25.982480444217174],[93.80168045398983,26.002053260449657],[93.78143851247745,26.007356799976378],[93.792549452895,26.01445684860471],[93.78568357513694,26.020705697010385],[93.78972712400764,26.030113759442486],[93.79944561712159,26.031440370077064],[93.77997146461144,26.039177632441863],[93.7956699618993,26.042578913386194],[93.7871569695186,26.054355394385993],[93.79607279432406,26.052276544926656],[93.79517631143767,26.06108016851499],[93.80519629327438,26.06422086819856],[93.79652423600476,26.071075304781516],[93.80663701258811,26.073336508872842],[93.80477256600119,26.0927192021295],[93.81451724017853,26.091005958558185],[93.8069126044332,26.102589398282134],[93.81201378031176,26.112218729910524],[93.82211362014749,26.112299137395325],[93.8181641583493,26.123799184784616],[93.82800548266692,26.126827617600497],[93.81851650103573,26.136034159948565],[93.83081980938675,26.133209752727964],[93.82589384932174,26.151677536888883],[93.83621037990514,26.158073553951397],[93.82142243899443,26.17174421132637],[93.82751431523354,26.179119064892973],[93.83528859369369,26.17535306389283],[93.82803568999515,26.18638131614489],[93.84215597781616,26.20263315189851],[93.8350546107817,26.200825725926563],[93.84446687574575,26.2124178036388],[93.83803288750784,26.21639372798819],[93.85155257928818,26.215444532239417],[93.86481132917953,26.23499768569468],[93.85595155192266,26.244916626001555],[93.84758095819473,26.241413093039853],[93.85450420280677,26.246487488906553],[93.864443747481,26.245777376125034],[93.86051157155185,26.25240667732635],[93.86707294426105,26.25089881732663],[93.86498774109145,26.257355276924557],[93.87483655406379,26.263724591316873],[93.86852606792377,26.26630515276065],[93.87080480969428,26.27560236655603],[93.88106631345966,26.273087638183995],[93.86872041591454,26.294393013626745],[93.885404053954,26.302902053487003],[93.873942332073,26.309735761596187],[93.8859560101618,26.31129437123832],[93.88415756931641,26.31955191029249],[93.89382944787076,26.315221671942652],[93.88661343526189,26.323756128442596],[93.89470500353315,26.329397480309524],[93.88663384717438,26.328120540130897],[93.88151667325593,26.345498714693974],[93.88939118205747,26.346497907352614],[93.88315126661774,26.361496956019778],[93.89430869029388,26.371718277176797],[93.88105744344631,26.37289395908897],[93.88884801492401,26.380591412064064],[93.88369787185934,26.392179539054553],[93.86593214705101,26.388840282553076],[93.8271494234072,26.41770962819686],[93.79243696839143,26.374770718294087],[93.77455455564831,26.38418748166697],[93.79894493755887,26.40867433025619],[93.78320422879216,26.409794134591664],[93.77994491662469,26.417252667376772],[93.78106269478758,26.42513066195056],[93.79370993356662,26.42846725466012],[93.78320635209155,26.43851929642841],[93.7938693743722,26.440240636596172],[93.78545327944533,26.46426420482925],[93.7705960071001,26.473932669557087],[93.7788752566878,26.475876346416328],[93.76972674939003,26.497512237100125],[93.75504873081434,26.507644913881734],[93.7563432131688,26.52777319277868],[93.74409985362541,26.527000523155664],[93.74232325821185,26.536036658365163],[93.73174950983207,26.53742600660496],[93.73915675428083,26.54038324908771],[93.73284819089133,26.549374204156265],[93.74263886449205,26.570247793500926]]]}},{"id":"117","type":"Feature","properties":{"ST_NAME":"ASSAM","AC_NO":95,"AC_NAME":"Golaghat","DIST_NAME":"GOLAGHAT","PC_NAME":"KALIABOR"},"geometry":{"type":"Polygon","coordinates":[[[94.11548885722505,26.45968826809917],[94.12687071211371,26.450180934002958],[94.1147303627161,26.425242703987635],[94.11656702294982,26.396567174835297],[94.13385952989347,26.35052288612235],[94.17738505317772,26.346454865799444],[94.14523894761942,26.33071692334738],[94.13830058630305,26.336327593943338],[94.1157601395189,26.32935856484596],[94.12217818277696,26.318146456094098],[94.10576091583368,26.320351812286333],[94.09949131737045,26.313780775462476],[94.08403865515987,26.28320347695893],[94.07482816029142,26.283455514660318],[94.07444421722693,26.263821449200577],[94.04741249049408,26.249221873990336],[94.03194374300938,26.19792840707038],[94.00775313649808,26.182733880863964],[93.99639987465457,26.153634025489907],[93.97499439837287,26.167393971154922],[93.97390195860856,26.202441624181688],[93.98713686387521,26.227743743279177],[93.97346552031757,26.34376201680368],[93.95939091355984,26.376998452316798],[93.96489463048289,26.40982859841114],[93.95556550334538,26.42763282679357],[93.94950028660901,26.502051709918533],[93.9639970576182,26.521486509894544],[93.99929667550123,26.545345975236614],[94.01021101422697,26.467389575568518],[94.02247991181855,26.459822946971485],[94.05754903166252,26.47368015071845],[94.11548885722505,26.45968826809917]]]}},{"id":"118","type":"Feature","properties":{"ST_NAME":"ASSAM","AC_NO":18,"AC_NAME":"Howraghat","DIST_NAME":"KARBI ANGLONG","PC_NAME":"AUTONOMOUS DISTRICT"},"geometry":{"type":"Polygon","coordinates":[[[93.24677683957952,26.564543715719935],[93.28983554097749,26.573947213193378],[93.28796768865794,26.560786313137896],[93.30899023451178,26.53172435879219],[93.3011509728392,26.48988542856972],[93.30689713169733,26.478525378643383],[93.35306731740286,26.43900914905305],[93.36736431391199,26.41419172946479],[93.38443579267772,26.412682566347428],[93.40926596645124,26.426627458490486],[93.42511905809812,26.423410622202482],[93.43945391606542,26.381380098612738],[93.45734697588227,26.369783406479087],[93.43931539169205,26.362386051874864],[93.39913920541005,26.365169042617254],[93.37934373952203,26.350657288902823],[93.34183101329069,26.358636336697657],[93.30977877626958,26.344337709717593],[93.28732757820524,26.35090903612314],[93.25107957845984,26.30806342458743],[93.19378283920673,26.28428107790944],[93.15658651425628,26.241512861129706],[93.14944091676495,26.205055229415336],[93.16537169364881,26.18465926371408],[93.17490551727587,26.117703513406468],[93.1503047398719,26.07830008578037],[93.10524539765703,26.070082497309443],[93.10812352767874,26.078249344231892],[93.08795190775442,26.07435117346796],[93.0847132332292,26.083103800100332],[93.08133909112621,26.078134831757154],[93.07173378218835,26.085250009680237],[93.06755510928093,26.07799181527008],[93.05887373143759,26.07991443989954],[93.0554498829058,26.088148826806957],[93.04037891185737,26.086876659330414],[93.03589155655015,26.10857731199343],[92.96671471731042,26.129140664909812],[92.9549882566028,26.140599787750034],[92.93390786455637,26.136664698916775],[92.93122018306508,26.151357657929623],[92.9462907781969,26.15709266159712],[92.95610082409382,26.174233619286156],[92.95264392997348,26.190212435255717],[92.93937459865884,26.202418976554554],[92.7939746186338,26.204875089813584],[92.79357725138908,26.219462710335847],[92.8154477733961,26.213922295677435],[92.82700650244817,26.225050915867143],[92.81510389512874,26.232766169123465],[92.81402699295143,26.26250715028482],[92.84149503296948,26.283607834633926],[92.84383246089942,26.30485681269181],[92.87976685265818,26.2838005557511],[92.89289011158945,26.288934195356887],[92.89862077872601,26.30889192502235],[92.91459748128881,26.317729117604756],[92.924296008554,26.31460563724039],[92.94567936061406,26.331959004004887],[92.93962302198491,26.353142734449705],[92.90932882646422,26.352717127593394],[92.92584040620983,26.37818532359387],[92.9216598267397,26.38228771600535],[92.90919693638955,26.377755731841603],[92.90316066343394,26.385379642756334],[92.89025458448157,26.37411083714545],[92.90050218832539,26.38623407604183],[92.88278235592105,26.381601160964863],[92.90213487962103,26.401539001223966],[92.92096145730545,26.391646661064613],[92.93819648138259,26.40388057772651],[92.95016467985613,26.397852743109638],[92.97935178026052,26.420666324791114],[93.02382683653934,26.42199093983004],[93.04370535032172,26.437426685792957],[93.0558657761847,26.428392898713355],[93.04983648106878,26.415724552845916],[93.0610375785215,26.415964731187444],[93.06716174491868,26.423083964153648],[93.07737581034542,26.419236980102596],[93.09165642930083,26.433597250212983],[93.0785959268606,26.428465634981137],[93.06755807344638,26.430809645049123],[93.06848036957348,26.435204635485604],[93.09920629093762,26.445724813949028],[93.10549544605806,26.441047978681297],[93.09935277610981,26.433052750284276],[93.11823540853732,26.441714472544902],[93.10387993900804,26.44865142192566],[93.12835895540155,26.464250418222264],[93.11045199026722,26.470716470888476],[93.13610188889112,26.484273021382876],[93.1271641476074,26.480500248487715],[93.13295895259364,26.48959153012504],[93.12480491201711,26.488059798520908],[93.12505674916969,26.49576084158963],[93.11903190210069,26.49259197513959],[93.12456609255116,26.483187553163077],[93.09834500391884,26.473149906842764],[93.10808129281747,26.467238856388178],[93.10258480554438,26.46008349585668],[93.0893661510271,26.460639625818146],[93.09028477612156,26.468577092558803],[93.0645133970757,26.479345618805326],[93.09085554075068,26.499905622646395],[93.07042375415301,26.491246553385793],[93.06647769808734,26.500277932980282],[93.06849209583362,26.491284234979503],[93.00881572886283,26.48081484033264],[93.01204404229878,26.506127264761517],[93.04741998924118,26.52620011304481],[93.04250721953264,26.536463276059408],[93.08940631025308,26.54456285459213],[93.1144190616904,26.53080841997263],[93.14063084953415,26.554729718201997],[93.1522360771333,26.54876417962322],[93.19452291649947,26.565341992638878],[93.21070219944698,26.558975288079125],[93.19959624037426,26.543524051293957],[93.16111484447453,26.524268358497977],[93.19842387336314,26.534051011045392],[93.20880560389554,26.514127835131546],[93.20225854839333,26.500874774351416],[93.21732897535202,26.506811790032145],[93.21062186840459,26.519087549450887],[93.2183042676279,26.52222865472868],[93.21245384137177,26.527258750890667],[93.21885627329846,26.53564618262527],[93.23297719783949,26.5354276599586],[93.24486845031879,26.531904216006808],[93.24427668382197,26.522020394225876],[93.26951924801494,26.51491366543337],[93.26319838100056,26.508851549559438],[93.27291797398539,26.508464342855177],[93.27264004839958,26.517137952354688],[93.283615232557,26.52004071840446],[93.29197140925316,26.50397265461436],[93.28737811111102,26.520894501480086],[93.26367921342501,26.52757684559498],[93.27498652350931,26.534139540307592],[93.27291948214844,26.54563808313111],[93.25581292172899,26.531432387594634],[93.26212167937206,26.537954561553818],[93.24702317467984,26.54428160691066],[93.25560107742785,26.550885170414347],[93.23539002133248,26.552597398651073],[93.24677683957952,26.564543715719935]]]}},{"id":"119","type":"Feature","properties":{"ST_NAME":"ASSAM","AC_NO":68,"AC_NAME":"Dalgaon","DIST_NAME":"DARRANG","PC_NAME":"MANGALDOI"},"geometry":{"type":"Polygon","coordinates":[[[92.36280493030335,26.56190582699236],[92.38088733788038,26.52725588115402],[92.35436720668127,26.534772887858537],[92.33135914031214,26.51594941013724],[92.34404293923029,26.504764804452236],[92.31134776878457,26.48552338389709],[92.2821047620252,26.45476643772099],[92.24589732350273,26.447142527705523],[92.21880174490468,26.415710154699923],[92.18201720153269,26.424458577001758],[92.1613247842115,26.41571383472575],[92.11435002813135,26.54845133606034],[92.12327798658987,26.56576629278021],[92.12150532031433,26.61563674803756],[92.18388195748639,26.64023100445735],[92.22877006608576,26.643602691411104],[92.30188584325714,26.56970157946438],[92.36280493030335,26.56190582699236]]]}},{"id":"120","type":"Feature","properties":{"ST_NAME":"ASSAM","AC_NO":28,"AC_NAME":"Gossaigaon","DIST_NAME":"KOKRAJHAR","PC_NAME":"KOKRAJHAR"},"geometry":{"type":"Polygon","coordinates":[[[90.12226329181755,26.74879631289957],[90.16780668423115,26.706816964331495],[90.19106451481554,26.662686143350868],[90.13949446409828,26.57430802029893],[90.13803335355647,26.55816123615216],[90.1176207638872,26.545151603863474],[90.06796519174026,26.56592467688239],[90.0575009681952,26.52874555326474],[90.00295207507827,26.417022327618383],[89.998785603273,26.34883472014627],[89.9407519271598,26.332740290931724],[89.91087981854884,26.340566255228566],[89.9079187899203,26.32882582355296],[89.89569026289536,26.32624790341805],[89.87819811904802,26.30232549812331],[89.84823507458907,26.297798067227063],[89.81838448315744,26.311676246761408],[89.79907825475772,26.29914856655313],[89.78221956008468,26.31400068668239],[89.76844033925033,26.310101585120094],[89.76386270639887,26.31642500890706],[89.78337031728637,26.331169067398605],[89.78352996043941,26.352213923633713],[89.8218010489793,26.37212674655217],[89.81274718993092,26.35850009480356],[89.82211368569807,26.351507387456024],[89.82863533984909,26.381629030055763],[89.85875470266745,26.384610174719853],[89.85011146327349,26.40345336198311],[89.83869492603009,26.39140145281482],[89.82978852971695,26.39718212405586],[89.83534876093665,26.412104933595856],[89.85728194050921,26.411999151739508],[89.84910451576087,26.422990088421898],[89.87168218728317,26.451348132610292],[89.87177434530986,26.465837154161363],[89.85403954638804,26.48861330066336],[89.8669789326317,26.54864992255591],[89.8644010628588,26.578232882941222],[89.87993805359838,26.584584560728956],[89.8745235161474,26.595061419748788],[89.87967059881913,26.61338982607964],[89.86427901406529,26.615489767338943],[89.85949771714598,26.62374894136059],[89.87884921382022,26.649835942874518],[89.87054772939427,26.656955273866856],[89.8739683169843,26.68386258119324],[89.85950929951463,26.70410885294126],[89.86499302900512,26.737322996958767],[89.89195688030583,26.72470571909372],[89.96025876912694,26.72347334032247],[90.00837410927778,26.732353949475225],[90.0499504545499,26.730564929927652],[90.12226329181755,26.74879631289957]]]}},{"id":"121","type":"Feature","properties":{"ST_NAME":"ASSAM","AC_NO":65,"AC_NAME":"Kalaigaon","DIST_NAME":"DARRANG","PC_NAME":"MANGALDOI"},"geometry":{"type":"Polygon","coordinates":[[[92.12150532031433,26.61563674803756],[92.12327798658987,26.56576629278021],[92.11435002813135,26.54845133606034],[92.09696784439058,26.537222833566943],[92.09529803087946,26.51119541483655],[92.0600567610108,26.532141080346605],[91.95549766248718,26.509293028550474],[91.93463612405793,26.493806861197754],[91.91432044803031,26.49280574039267],[91.9047158675433,26.507176118882853],[91.87782484603986,26.521094463938425],[91.85165890023814,26.522318898998037],[91.84497722791679,26.50660964851653],[91.82547831617143,26.503729446456816],[91.81687454982068,26.48999504153801],[91.78404080733742,26.493569941999283],[91.77785787743915,26.51295800330928],[91.78521204300142,26.5188861552719],[91.7758471462289,26.523170710759757],[91.78437795148136,26.52916819685487],[91.77560108991844,26.528772260431538],[91.78540927871529,26.53584439050627],[91.78000264540583,26.54995194932303],[91.76407987518616,26.566008618702824],[91.7666618845384,26.573560328446433],[91.74910882421295,26.581229605661804],[91.76265312953836,26.593902494904285],[91.74465213578748,26.590411311432945],[91.74579933167388,26.59764693825565],[91.79791182916762,26.609011427235657],[91.80723311961282,26.620944861516193],[91.89306395433806,26.599408793780867],[91.90130440447473,26.60142481480341],[91.90856290915099,26.6315319981033],[91.95378629580097,26.641489168590283],[92.00943913910504,26.628634198109808],[92.04018666488275,26.603456901314985],[92.089914050593,26.603821073683662],[92.10730238389795,26.61505212035911],[92.10757920241832,26.62765249456703],[92.12150532031433,26.61563674803756]]]}},{"id":"122","type":"Feature","properties":{"ST_NAME":"ASSAM","AC_NO":88,"AC_NAME":"Samaguri","DIST_NAME":"NAGAON","PC_NAME":"KALIABOR"},"geometry":{"type":"Polygon","coordinates":[[[92.83620036075808,26.582114423441965],[92.82380733514049,26.519975572414808],[92.86596181138856,26.499048779177883],[92.85907637607397,26.482486790632947],[92.86427466974027,26.474838693351046],[92.88912685621949,26.479851234746718],[92.90041551706253,26.463450221250753],[92.91977179723074,26.47351324733853],[92.91583047069975,26.446688155134325],[92.94144070022821,26.440796035408766],[92.94320487510498,26.428906610351817],[92.91238156525708,26.416255857022236],[92.91154998464413,26.408242523473746],[92.94727538744922,26.42044142772977],[92.95615016180057,26.406563098907952],[92.95016467985613,26.397852743109638],[92.93819648138259,26.40388057772651],[92.92096145730545,26.391646661064613],[92.90213487962103,26.401539001223966],[92.88278235592105,26.381601160964863],[92.871909951683,26.398109513942984],[92.85954416023486,26.36849010133716],[92.78636491790667,26.38311774798575],[92.79454231837337,26.402218281648402],[92.81829164644239,26.406521874884675],[92.83262348358693,26.426054160471153],[92.8000747758303,26.461460569249937],[92.78000753841724,26.472284369628028],[92.7635807179758,26.461032273420756],[92.75212088646981,26.51170447877871],[92.77137581574135,26.555918558994335],[92.79562590251345,26.557444068189227],[92.83620036075808,26.582114423441965]]]}},{"id":"123","type":"Feature","properties":{"ST_NAME":"ASSAM","AC_NO":32,"AC_NAME":"Bongaigaon","DIST_NAME":"BONGAIGAON","PC_NAME":"BARPETA"},"geometry":{"type":"Polygon","coordinates":[[[90.58671641782848,26.65232921342249],[90.57946300961027,26.61814700318172],[90.60773451923274,26.553389794003863],[90.63443058390436,26.531025921009473],[90.64704866126675,26.456517031935505],[90.62774287443415,26.39107912859896],[90.60234425808113,26.3894135221164],[90.57932616067382,26.413714156183403],[90.55545866168796,26.385678525243804],[90.55185604232253,26.368790507276117],[90.583355622564,26.316756316450892],[90.55280521828627,26.32529520211193],[90.54072606055928,26.303617929124187],[90.53322120459495,26.309644573038668],[90.5084283481898,26.29337939674184],[90.50411278767507,26.30097695572198],[90.53152583235135,26.355827519224704],[90.53056281312337,26.367618932567723],[90.4984887540528,26.376885646755227],[90.47237704816229,26.372612015332265],[90.4675807802289,26.35425540716136],[90.45415496777758,26.349424332766773],[90.45987776404763,26.396097825854042],[90.45236400299638,26.463471188944254],[90.47884313140543,26.573784735377274],[90.52096108708457,26.55835107674085],[90.51226675270851,26.60216796507956],[90.48441912684132,26.64611836497062],[90.51732725135162,26.678338837267574],[90.5420094165014,26.683558035674878],[90.56742059998078,26.677260535745177],[90.58671641782848,26.65232921342249]]]}},{"id":"124","type":"Feature","properties":{"ST_NAME":"ASSAM","AC_NO":42,"AC_NAME":"Patacharkuchi","DIST_NAME":"BARPETA","PC_NAME":"BARPETA"},"geometry":{"type":"Polygon","coordinates":[[[91.24396850544224,26.633867218197622],[91.24837803431888,26.62560596404404],[91.2358493180916,26.61550203768894],[91.26935937593453,26.621188066975776],[91.24721411823703,26.586213464080174],[91.29703743373062,26.581051787210242],[91.2918268526272,26.562967035999975],[91.2474435964449,26.538046852680168],[91.24767430492528,26.5101186232759],[91.2600235308613,26.505544779268178],[91.26611227296308,26.49157886817028],[91.23787045086067,26.45790153552747],[91.23017844148194,26.436308161192756],[91.18257278850342,26.44509618424155],[91.15698174061492,26.46252050571684],[91.11216783237961,26.458780370118063],[91.11648446938284,26.48286263260445],[91.13368651442119,26.493193822137243],[91.13766263572211,26.52277116265907],[91.15443447297258,26.54939243881006],[91.14255954318844,26.572967758855043],[91.14815527064928,26.58877132933344],[91.13729195585915,26.601373584923067],[91.148572104619,26.623083068928565],[91.14840642791438,26.642081372157634],[91.15702277128395,26.64764761894253],[91.18439062682603,26.637445189843675],[91.24396850544224,26.633867218197622]]]}},{"id":"125","type":"Feature","properties":{"ST_NAME":"ASSAM","AC_NO":85,"AC_NAME":"Rupohihat","DIST_NAME":"NAGAON","PC_NAME":"KALIABOR"},"geometry":{"type":"Polygon","coordinates":[[[92.75212088646981,26.51170447877871],[92.7635807179758,26.461032273420756],[92.78000753841724,26.472284369628028],[92.8000747758303,26.461460569249937],[92.83262348358693,26.426054160471153],[92.81829164644239,26.406521874884675],[92.79454231837337,26.402218281648402],[92.78636491790667,26.38311774798575],[92.72507370488762,26.398602387390326],[92.69280341914254,26.423851018409835],[92.68786748199875,26.4161046369195],[92.64083327443615,26.420240982335542],[92.62727722846137,26.407500023407408],[92.6114801313031,26.415429251458818],[92.61993794038369,26.42797401698732],[92.60682845636825,26.45624480805151],[92.6162368578448,26.48613930978138],[92.59909993091713,26.507743652247825],[92.66321914484769,26.522318271271274],[92.68876367710209,26.509942363349467],[92.72131377880788,26.536259332302393],[92.72929201901155,26.517633296239694],[92.75212088646981,26.51170447877871]]]}},{"id":"126","type":"Feature","properties":{"ST_NAME":"ASSAM","AC_NO":33,"AC_NAME":"Bijni","DIST_NAME":"BONGAIGAON","PC_NAME":"KOKRAJHAR"},"geometry":{"type":"Polygon","coordinates":[[[90.87560304324592,26.61669594346307],[90.86819011867908,26.59985925250254],[90.85623510966263,26.597850411667196],[90.84682372513487,26.57143294617356],[90.82562994836348,26.575227934121926],[90.81752954874975,26.566365040714118],[90.83187056977101,26.538762548452894],[90.85489431042413,26.533247896673117],[90.84885172962368,26.504440890234946],[90.85409459009333,26.498613259993988],[90.84062418026178,26.488841083649163],[90.83873923632677,26.503128437627367],[90.82701626049209,26.500305283162334],[90.8235404329447,26.490621471503744],[90.80844063502735,26.50053720572754],[90.80573103435978,26.492242725221615],[90.7621916075567,26.508295072459703],[90.7197589485167,26.498898301915176],[90.66761440008457,26.502780521403963],[90.66211312841818,26.508657168293723],[90.66955315765216,26.533330717039007],[90.63443058390436,26.531025921009473],[90.60773451923274,26.553389794003863],[90.57946300961027,26.61814700318172],[90.58671641782848,26.65232921342249],[90.59585041096773,26.6405249757471],[90.64111960908275,26.632098353356355],[90.87560304324592,26.61669594346307]]]}},{"id":"127","type":"Feature","properties":{"ST_NAME":"ASSAM","AC_NO":67,"AC_NAME":"Mangaldoi","DIST_NAME":"DARRANG","PC_NAME":"MANGALDOI"},"geometry":{"type":"Polygon","coordinates":[[[92.11435002813135,26.54845133606034],[92.1613247842115,26.41571383472575],[92.14315918754653,26.401724039432906],[92.09989961987162,26.341191735510222],[92.08551560945784,26.340385864715927],[92.04753747507448,26.27852468206845],[92.03079218131415,26.27036703431122],[92.01526851852736,26.282955428650155],[91.99182075562345,26.269675022184572],[91.98036198261946,26.275408617513733],[91.96073490848931,26.259597088934584],[91.94943084765555,26.267469348531677],[91.93931602511452,26.296334396315387],[91.94282374082303,26.330393097263652],[91.95891214008327,26.367931746452996],[91.95549766248718,26.509293028550474],[92.0600567610108,26.532141080346605],[92.09529803087946,26.51119541483655],[92.09696784439058,26.537222833566943],[92.11435002813135,26.54845133606034]]]}},{"id":"128","type":"Feature","properties":{"ST_NAME":"ASSAM","AC_NO":59,"AC_NAME":"Nalbari","DIST_NAME":"NALBARI","PC_NAME":"MANGALDOI"},"geometry":{"type":"Polygon","coordinates":[[[91.60057709815459,26.568782245704142],[91.60289565381146,26.558280032097855],[91.58475132161624,26.5525169722805],[91.57857060405019,26.52665451439435],[91.55606290967557,26.514489192622193],[91.56080221275198,26.48395734225761],[91.55175200944774,26.47095164989878],[91.56385411337669,26.433658608258213],[91.55864719161468,26.41686638877286],[91.54142562139538,26.417004196386586],[91.53998904615759,26.400753009044195],[91.51677625002395,26.422171678380323],[91.50382928429411,26.40424528519179],[91.49296906497045,26.406057830104828],[91.4748926639653,26.38755813709838],[91.46730338594256,26.36201215423756],[91.41563383333482,26.35073766311274],[91.39518240464434,26.358684665365047],[91.4184320513981,26.429202136569415],[91.39753496726496,26.44255550773056],[91.40438306902348,26.470071133576027],[91.43915183508915,26.504278607571734],[91.43114802086455,26.54564164894299],[91.53769762304694,26.578632968836473],[91.55994122610673,26.577789225792174],[91.57873635359988,26.564505679793342],[91.60057709815459,26.568782245704142]]]}},{"id":"129","type":"Feature","properties":{"ST_NAME":"ASSAM","AC_NO":83,"AC_NAME":"Dhing","DIST_NAME":"NAGAON","PC_NAME":"KALIABOR"},"geometry":{"type":"Polygon","coordinates":[[[92.59909993091713,26.507743652247825],[92.6162368578448,26.48613930978138],[92.60682845636825,26.45624480805151],[92.61993794038369,26.42797401698732],[92.6114801313031,26.415429251458818],[92.5886491990014,26.409856477394555],[92.57622564679622,26.43542219767636],[92.55814617640499,26.446031468377612],[92.5566650451558,26.45971846643414],[92.53598499531137,26.47410383032758],[92.51041681808175,26.462822614971742],[92.4629188760054,26.39694371737869],[92.43891296326268,26.405577655984075],[92.43102534864096,26.418792015339307],[92.43951733195934,26.48507375435031],[92.4214842503979,26.517636772119374],[92.44644377276194,26.518421390135074],[92.46003078869,26.498313733592],[92.47315018053644,26.49483005945973],[92.52145363997357,26.50791985821496],[92.57424664816432,26.49953404076342],[92.59909993091713,26.507743652247825]]]}},{"id":"130","type":"Feature","properties":{"ST_NAME":"ASSAM","AC_NO":57,"AC_NAME":"Rangiya","DIST_NAME":"KAMRUP","PC_NAME":"MANGALDOI"},"geometry":{"type":"Polygon","coordinates":[[[91.60544474707746,26.57035448996777],[91.6132758896706,26.486610882786067],[91.67023121300014,26.52420938275685],[91.67106900612981,26.565364250859545],[91.694860733636,26.561439719167765],[91.68194950966222,26.504643152259746],[91.7022897785505,26.45685362839231],[91.68337089624993,26.459354428963763],[91.62603721554513,26.44315117278842],[91.63580981547068,26.43970276017427],[91.6419481353982,26.380397469667514],[91.63016215485959,26.364199113898053],[91.601782459493,26.3538356387038],[91.61474412014508,26.391657203816976],[91.60273525163063,26.422475251731555],[91.58400335007462,26.40767571855963],[91.53998904615759,26.400753009044195],[91.54142562139538,26.417004196386586],[91.55864719161468,26.41686638877286],[91.56385411337669,26.433658608258213],[91.55175200944774,26.47095164989878],[91.56080221275198,26.48395734225761],[91.55606290967557,26.514489192622193],[91.57857060405019,26.52665451439435],[91.58475132161624,26.5525169722805],[91.60028180036483,26.554055461390476],[91.60544474707746,26.57035448996777]]]}},{"id":"131","type":"Feature","properties":{"ST_NAME":"ASSAM","AC_NO":81,"AC_NAME":"Laharighat","DIST_NAME":"MARIGAON","PC_NAME":"NOWGONG"},"geometry":{"type":"Polygon","coordinates":[[[92.4214842503979,26.517636772119374],[92.43951733195934,26.48507375435031],[92.43102534864096,26.418792015339307],[92.43891296326268,26.405577655984075],[92.4629188760054,26.39694371737869],[92.35466824304501,26.340561187548815],[92.31318523301218,26.33047264769459],[92.14344823414876,26.320448476815784],[92.10550210393899,26.355972457562928],[92.1613247842115,26.41571383472575],[92.18201720153269,26.424458577001758],[92.21880174490468,26.415710154699923],[92.24589732350273,26.447142527705523],[92.2821047620252,26.45476643772099],[92.31134776878457,26.48552338389709],[92.34741372956,26.507854326416066],[92.4214842503979,26.517636772119374]]]}},{"id":"132","type":"Feature","properties":{"ST_NAME":"ASSAM","AC_NO":31,"AC_NAME":"Sidli","DIST_NAME":"BONGAIGAON","PC_NAME":"KOKRAJHAR"},"geometry":{"type":"Polygon","coordinates":[[[90.36870084197034,26.610785818410818],[90.40457385050286,26.607837039447872],[90.42557787302047,26.58386738017549],[90.43179082408733,26.519943364994333],[90.4575327611281,26.450284149194204],[90.4535660053669,26.414698242929603],[90.45987776404763,26.396097825854042],[90.455098641689,26.35793758055496],[90.4450923034671,26.345867374679642],[90.44358314304765,26.360288046855942],[90.43549658310087,26.359494892475368],[90.43518588981703,26.3424545284538],[90.42343455655958,26.365978060139412],[90.38045500359561,26.368616656633435],[90.39393923510767,26.38349808746682],[90.41072776017808,26.444063793109592],[90.39345322798414,26.47696986176976],[90.39854028450657,26.492316733130792],[90.37746195910216,26.541157568966696],[90.35466085821207,26.548408252239085],[90.34974673052727,26.566331920481787],[90.35424377962681,26.60046277313853],[90.36870084197034,26.610785818410818]]]}},{"id":"133","type":"Feature","properties":{"ST_NAME":"ASSAM","AC_NO":66,"AC_NAME":"Sipajhar","DIST_NAME":"DARRANG","PC_NAME":"MANGALDOI"},"geometry":{"type":"Polygon","coordinates":[[[91.95549766248718,26.509293028550474],[91.95891214008327,26.367931746452996],[91.94282374082303,26.330393097263652],[91.93931602511452,26.296334396315387],[91.94943084765555,26.267469348531677],[91.96073490848931,26.259597088934584],[91.92930154443081,26.242105461298024],[91.91880739774325,26.246150350158587],[91.90874917043794,26.231047055677152],[91.88222262707262,26.21716736708038],[91.87047195571625,26.221148125285822],[91.77299549314756,26.199272480740433],[91.74531752528361,26.212014059301453],[91.764235147634,26.24029694354914],[91.78173489434994,26.244386974779104],[91.79047665357479,26.26829086932821],[91.78193206531262,26.30500633037792],[91.79309069677828,26.31104171120603],[91.79381566366203,26.321218768631297],[91.79731784764061,26.313286546736776],[91.814032962851,26.31122451819698],[91.80889794998046,26.32259973249171],[91.82153895106183,26.331287545883583],[91.81631326224732,26.349320556398595],[91.82113991827265,26.37304112954456],[91.80338220462511,26.383095163311168],[91.79515731815576,26.408604639992177],[91.78004652782505,26.412651338288697],[91.7708678257896,26.432320415254992],[91.76448389921262,26.459679625614285],[91.76615521189359,26.468399669808946],[91.77728332846289,26.470084617111468],[91.77564397948612,26.489905492444564],[91.81687454982068,26.48999504153801],[91.82547831617143,26.503729446456816],[91.84497722791679,26.50660964851653],[91.85165890023814,26.522318898998037],[91.87782484603986,26.521094463938425],[91.9047158675433,26.507176118882853],[91.91432044803031,26.49280574039267],[91.93463612405793,26.493806861197754],[91.95549766248718,26.509293028550474]]]}},{"id":"134","type":"Feature","properties":{"ST_NAME":"ASSAM","AC_NO":61,"AC_NAME":"Dharmapur","DIST_NAME":"NALBARI","PC_NAME":"BARPETA"},"geometry":{"type":"Polygon","coordinates":[[[91.43114802086455,26.54564164894299],[91.43915183508915,26.504278607571734],[91.40438306902348,26.470071133576027],[91.39753496726496,26.44255550773056],[91.4184320513981,26.429202136569415],[91.39518240464434,26.358684665365047],[91.41017115247678,26.35663916186786],[91.4163150976637,26.338047214607343],[91.37876249819078,26.335592502492034],[91.35754331467228,26.325513924428094],[91.348152342057,26.332646504232855],[91.36560490494247,26.36557247039326],[91.3354723814453,26.37704792402252],[91.3256755348981,26.370565769894426],[91.32324154406206,26.34631708156809],[91.31482833056305,26.342473116541157],[91.29603859090832,26.356635512419018],[91.26920744087073,26.328485998530084],[91.26609116857264,26.339273298124283],[91.27720399936516,26.34096155762984],[91.28002064993308,26.35518938638114],[91.27003393222026,26.364193234130482],[91.28223813977837,26.375441493829953],[91.26528750921125,26.369945262863666],[91.26534311069605,26.36042064289842],[91.24853556316577,26.366693674073872],[91.2439521944383,26.381076233881117],[91.23655368510452,26.376723406360156],[91.24171750236093,26.38828243488649],[91.23372853774185,26.40061456560977],[91.24157986202107,26.404247169271514],[91.23205762166197,26.42890923727151],[91.28026374567537,26.422074457170538],[91.29074874625769,26.445661382067158],[91.31272095820572,26.463766198051644],[91.32402387600115,26.50315628333584],[91.35033748958352,26.505946624237367],[91.35982993090664,26.499807369914265],[91.35219755467347,26.484160545872555],[91.35713699197868,26.48284885589004],[91.38847154392664,26.50290355495514],[91.3890070812119,26.528209755176135],[91.43114802086455,26.54564164894299]]]}},{"id":"135","type":"Feature","properties":{"ST_NAME":"ASSAM","AC_NO":84,"AC_NAME":"Batadroba","DIST_NAME":"NAGAON","PC_NAME":"KALIABOR"},"geometry":{"type":"Polygon","coordinates":[[[92.62727722846137,26.407500023407408],[92.6220646697488,26.387547543984],[92.63134321811509,26.352332732169884],[92.62445126811161,26.325760563499273],[92.53386373202568,26.3063712314472],[92.5550925104111,26.35283594782078],[92.52728288090032,26.37251431298523],[92.4629188760054,26.39694371737869],[92.51041681808175,26.462822614971742],[92.53598499531137,26.47410383032758],[92.5566650451558,26.45971846643414],[92.55814617640499,26.446031468377612],[92.57622564679622,26.43542219767636],[92.5886491990014,26.409856477394555],[92.6114801313031,26.415429251458818],[92.62727722846137,26.407500023407408]]]}},{"id":"136","type":"Feature","properties":{"ST_NAME":"ASSAM","AC_NO":42,"AC_NAME":"Patacharkuchi","DIST_NAME":"NALBARI","PC_NAME":"BARPETA"},"geometry":{"type":"Polygon","coordinates":[[[91.24767430492528,26.5101186232759],[91.2474435964449,26.538046852680168],[91.26117012779923,26.544554287650328],[91.2625530449871,26.52828035465467],[91.27014963629676,26.52321082681823],[91.28332730780909,26.52304433712652],[91.3046795253399,26.50412886775308],[91.32402387600115,26.50315628333584],[91.31272095820572,26.463766198051644],[91.29074874625769,26.445661382067158],[91.28026374567537,26.422074457170538],[91.23205762166197,26.42890923727151],[91.23787045086067,26.45790153552747],[91.26611227296308,26.49157886817028],[91.2600235308613,26.505544779268178],[91.24767430492528,26.5101186232759]]]}},{"id":"137","type":"Feature","properties":{"ST_NAME":"ASSAM","AC_NO":19,"AC_NAME":"Diphu","DIST_NAME":"KARBI ANGLONG","PC_NAME":"AUTONOMOUS DISTRICT"},"geometry":{"type":"Polygon","coordinates":[[[93.43931539169205,26.362386051874864],[93.53372771296364,26.38266846108064],[93.49155201271526,26.31594866230097],[93.50760597963233,26.28822626343134],[93.50926559663003,26.223827086950564],[93.52246788438543,26.207191897188352],[93.542086637988,26.20177369679874],[93.5698287760772,26.206410108439798],[93.6014187831504,26.182652863638793],[93.59412795054453,26.16341122185048],[93.62299945995716,26.15082715235127],[93.642808804183,26.112709400918163],[93.63826861910155,26.09957667032711],[93.60844572768826,26.09513874535685],[93.59078878307594,26.08226701061409],[93.57155802488302,26.02974912931893],[93.51397072187137,25.985248492723827],[93.4920771736227,25.97913457769863],[93.48176988896927,25.968368922088132],[93.48458291167208,25.95718111661529],[93.50955549399089,25.937698742503017],[93.60732868427141,25.928643300647877],[93.68357119015837,25.898413045126006],[93.70223167924865,25.851801545904664],[93.71441461784042,25.844376479590892],[93.70058492255617,25.843302167461104],[93.70080854258026,25.84972519476196],[93.68690431778009,25.84526222816936],[93.6903162925629,25.840645324622074],[93.66825345503298,25.82204991677031],[93.64602550017673,25.822580329718505],[93.63233667469785,25.802761188278282],[93.62452452848424,25.8027391360024],[93.6266183030923,25.789935883734074],[93.61729193327614,25.77622395557114],[93.6047390198899,25.77499075212154],[93.60222874406134,25.765156227577904],[93.58531652084082,25.766114591914913],[93.57759824856038,25.754824106347485],[93.56740868696141,25.758503572781706],[93.57279790579878,25.754364970966662],[93.56597061255377,25.75479534153186],[93.56150049005561,25.738749593519003],[93.54270996259476,25.732415831125763],[93.54757006350769,25.712951753720517],[93.54075113935363,25.699619074160978],[93.52758159681332,25.69175767207895],[93.52219058652639,25.69774857603602],[93.51217865991725,25.68534895389115],[93.51765488006873,25.679991392089107],[93.49726768905265,25.6559842122017],[93.4812681014418,25.651251154017586],[93.48251504293495,25.644940525784705],[93.45700947380823,25.64083013480291],[93.46105817579422,25.632394582144286],[93.44415061286054,25.639499079718803],[93.4336322249473,25.629401143747828],[93.42705884898675,25.632246914363634],[93.42156585647916,25.618260190255626],[93.41399193977628,25.62095987050168],[93.40151275191204,25.611036576576794],[93.39861509041413,25.59588649486591],[93.38555450523631,25.592804636924484],[93.35865325214593,25.554553820902186],[93.34266727487488,25.559941629602577],[93.32198782038165,25.533005814666637],[93.30175586673994,25.53013886771464],[93.29388896440423,25.544231113774913],[93.27091086074768,25.53099837857235],[93.25877662943793,25.548692485869594],[93.21429479406953,25.549828825140196],[93.21001342937632,25.54317764703086],[93.17750849162366,25.590691516100662],[93.17733761593826,25.613849500354206],[93.19185396249043,25.631849260235242],[93.17838761039997,25.639577766800528],[93.17023493139703,25.66132298177024],[93.14274713866956,25.66062051592411],[93.13108177610314,25.686752764128812],[93.14317354412384,25.718538551812742],[93.15824611596554,25.723444076582894],[93.17017641161215,25.717926715145836],[93.18262809011435,25.729323173225907],[93.22728471681631,25.727154054316202],[93.22718096922642,25.765504381222286],[93.2457194796703,25.778521295321582],[93.23999136480973,25.848956562195667],[93.1831345199422,25.90317941599733],[93.17416645621705,25.95214046870774],[93.16103370674023,25.957755811281743],[93.15723638774915,25.993749245331458],[93.13810543271961,26.018277253192707],[93.10999094832368,26.036826738063553],[93.09283897843619,26.03339453033334],[93.10524539765703,26.070082497309443],[93.1503047398719,26.07830008578037],[93.17490551727587,26.117703513406468],[93.16537169364881,26.18465926371408],[93.14944091676495,26.205055229415336],[93.15658651425628,26.241512861129706],[93.19378283920673,26.28428107790944],[93.25107957845984,26.30806342458743],[93.28732757820524,26.35090903612314],[93.30977877626958,26.344337709717593],[93.34183101329069,26.358636336697657],[93.37934373952203,26.350657288902823],[93.39913920541005,26.365169042617254],[93.43931539169205,26.362386051874864]]]}},{"id":"138","type":"Feature","properties":{"ST_NAME":"ASSAM","AC_NO":43,"AC_NAME":"Barpeta","DIST_NAME":"BARPETA","PC_NAME":"BARPETA"},"geometry":{"type":"Polygon","coordinates":[[[91.01250797506304,26.545983411105567],[91.00562550481328,26.48602732440156],[91.02548498714248,26.461012386712355],[91.01998340700868,26.43609806697225],[90.99548007474573,26.41271133655897],[91.00663017704107,26.392916394076394],[90.99958991804033,26.38257873661945],[91.01850331987237,26.369348170581645],[91.069593029195,26.354530771477982],[91.06802395054495,26.338391697219095],[91.08153009583731,26.31203968438399],[91.06042292377896,26.312832910710313],[91.0777542238784,26.273444522446823],[91.06971069109557,26.25328428344295],[91.04157990289025,26.22301848761316],[91.02045030983402,26.223681779890285],[91.02040897609345,26.264425861964014],[90.99818381992742,26.282054837660667],[91.01566015998844,26.28825609304431],[91.00798346426552,26.313217687446354],[90.93425212093871,26.354168560530695],[90.94244496276485,26.407761057027187],[90.9324804717964,26.475108437804238],[90.94518208268704,26.47713749180184],[90.94681425507389,26.484259342694543],[90.9362037541,26.49946224518652],[90.94443458059146,26.511521303065763],[90.98020315535138,26.51513629170654],[91.00334372693152,26.545803880344863],[91.01250797506304,26.545983411105567]]]}},{"id":"139","type":"Feature","properties":{"ST_NAME":"ASSAM","AC_NO":86,"AC_NAME":"Nowgong","DIST_NAME":"NAGAON","PC_NAME":"NOWGONG"},"geometry":{"type":"Polygon","coordinates":[[[92.72507370488762,26.398602387390326],[92.67943407782047,26.385222747032174],[92.67228079742091,26.374952591788713],[92.72132140146158,26.306506829426667],[92.72764318668379,26.272467226481353],[92.68138245903333,26.237611449209055],[92.66663881602858,26.240663971265292],[92.6587923336993,26.23417366927947],[92.62809809455149,26.24858343627659],[92.63625596444126,26.258764414745997],[92.6280660885792,26.27568882467955],[92.64042420701162,26.3244232041676],[92.606239140524,26.31924230968491],[92.62445126811161,26.325760563499273],[92.63134321811509,26.352332732169884],[92.6220646697488,26.387547543984],[92.62727722846137,26.407500023407408],[92.64083327443615,26.420240982335542],[92.68786748199875,26.4161046369195],[92.69280341914254,26.423851018409835],[92.72507370488762,26.398602387390326]]]}},{"id":"140","type":"Feature","properties":{"ST_NAME":"ASSAM","AC_NO":34,"AC_NAME":"Abhayapuri North","DIST_NAME":"BONGAIGAON","PC_NAME":"BARPETA"},"geometry":{"type":"Polygon","coordinates":[[[90.80573103435978,26.492242725221615],[90.80351799525931,26.47772129480194],[90.81830133793648,26.475423135769176],[90.82750073876815,26.448439877998],[90.81243525718145,26.437773968893623],[90.79653079895729,26.444094951021214],[90.78746599246165,26.440098917830824],[90.78923577101409,26.43377957067071],[90.79874841740559,26.426658150553237],[90.83066648546998,26.4316331002874],[90.84548124686211,26.443898788198567],[90.8553525761605,26.439230044131307],[90.86147043561215,26.430919339855677],[90.8446663972365,26.402000894825505],[90.86138801634394,26.37667216658724],[90.8598987795051,26.362908182066974],[90.84021010361346,26.35775035519481],[90.81773665812034,26.36679150412465],[90.78923687358292,26.329476962391936],[90.8035707099204,26.31738045854138],[90.80337383753266,26.306040199995266],[90.78060384419211,26.302283864009155],[90.73139536460445,26.345286670743292],[90.69729697837289,26.347864251833812],[90.6937727699974,26.37439635930457],[90.68298041081738,26.377869254162817],[90.67890969432699,26.398084060431074],[90.65739424175092,26.374412440981416],[90.6388555676304,26.37039838177992],[90.62774287443415,26.39107912859896],[90.64704866126675,26.456517031935505],[90.63443058390436,26.531025921009473],[90.66955315765216,26.533330717039007],[90.66211312841818,26.508657168293723],[90.66761440008457,26.502780521403963],[90.7197589485167,26.498898301915176],[90.7621916075567,26.508295072459703],[90.80573103435978,26.492242725221615]]]}},{"id":"141","type":"Feature","properties":{"ST_NAME":"ASSAM","AC_NO":87,"AC_NAME":"Barhampur","DIST_NAME":"NAGAON","PC_NAME":"NOWGONG"},"geometry":{"type":"Polygon","coordinates":[[[92.88428631016512,26.379319299446138],[92.89677318903153,26.386967162004964],[92.89025458448157,26.37411083714545],[92.90316066343394,26.385379642756334],[92.90919693638955,26.377755731841603],[92.9216598267397,26.38228771600535],[92.92584040620983,26.37818532359387],[92.90932882646422,26.352717127593394],[92.93962302198491,26.353142734449705],[92.94567936061406,26.331959004004887],[92.924296008554,26.31460563724039],[92.91459748128881,26.317729117604756],[92.89862077872601,26.30889192502235],[92.89289011158945,26.288934195356887],[92.87976685265818,26.2838005557511],[92.84383246089942,26.30485681269181],[92.84149503296948,26.283607834633926],[92.81402699295143,26.26250715028482],[92.81510389512874,26.232766169123465],[92.82700650244817,26.225050915867143],[92.8154477733961,26.213922295677435],[92.79357725138908,26.219462710335847],[92.79942407586049,26.202486461680905],[92.74996183726904,26.14472864271272],[92.71036671555152,26.15185155660413],[92.6614488159102,26.128967252236976],[92.63913465653923,26.146350985509628],[92.64726644878766,26.15644137616863],[92.67437103679396,26.164012844017577],[92.6587923336993,26.23417366927947],[92.66663881602858,26.240663971265292],[92.68138245903333,26.237611449209055],[92.72764318668379,26.272467226481353],[92.72132140146158,26.306506829426667],[92.67228079742091,26.374952591788713],[92.67943407782047,26.385222747032174],[92.72507370488762,26.398602387390326],[92.85954416023486,26.36849010133716],[92.871909951683,26.398109513942984],[92.88428631016512,26.379319299446138]]]}},{"id":"142","type":"Feature","properties":{"ST_NAME":"ASSAM","AC_NO":29,"AC_NAME":"Kokrajhar West","DIST_NAME":"KOKRAJHAR","PC_NAME":"KOKRAJHAR"},"geometry":{"type":"Polygon","coordinates":[[[90.19924945519824,26.431811288360336],[90.2042226881266,26.358464449274948],[90.18802050034589,26.345545839169176],[90.17415489513235,26.34201568267764],[90.14513111341023,26.35120145608238],[90.12869583304632,26.34609463066272],[90.05085787499098,26.29625269380682],[90.03674951128096,26.301194319162562],[90.02574286883839,26.320519574518812],[90.03416404493481,26.33230238045053],[90.02812685107335,26.337951399037877],[90.01325870862257,26.326225165858773],[89.99041360480408,26.336214060830287],[89.998785603273,26.34883472014627],[90.00295207507827,26.417022327618383],[90.0575009681952,26.52874555326474],[90.06796519174026,26.56592467688239],[90.1176207638872,26.545151603863474],[90.13803335355647,26.55816123615216],[90.15481407431014,26.55337300096329],[90.16753676441022,26.537973833125932],[90.18046879779683,26.50268838765902],[90.17532695907198,26.457941455533785],[90.19924945519824,26.431811288360336]]]}},{"id":"143","type":"Feature","properties":{"ST_NAME":"ASSAM","AC_NO":80,"AC_NAME":"Marigaon","DIST_NAME":"MARIGAON","PC_NAME":"NOWGONG"},"geometry":{"type":"Polygon","coordinates":[[[92.4629188760054,26.39694371737869],[92.52728288090032,26.37251431298523],[92.5550925104111,26.35283594782078],[92.50362958243932,26.256494970166784],[92.47378751658067,26.25004614311507],[92.4543667802028,26.286248093974393],[92.43961235522607,26.289375885688628],[92.41730565483215,26.27951796618123],[92.3997280421155,26.247515140611313],[92.37885054521655,26.250268627295384],[92.3743221430525,26.237018773497653],[92.37994865250835,26.222982348356766],[92.36688413279654,26.19610524476127],[92.3038623570622,26.2014709076563],[92.29553572849113,26.208470252000552],[92.30636376377674,26.280829682244075],[92.27804159084678,26.29048182517613],[92.29015324287792,26.32990635269607],[92.35466824304501,26.340561187548815],[92.4629188760054,26.39694371737869]]]}},{"id":"144","type":"Feature","properties":{"ST_NAME":"ASSAM","AC_NO":31,"AC_NAME":"Sidli","DIST_NAME":"KOKRAJHAR","PC_NAME":"KOKRAJHAR"},"geometry":{"type":"Polygon","coordinates":[[[90.32979408382994,26.409979664729804],[90.31860973984766,26.44478012830035],[90.34401219540655,26.468187664529125],[90.36023539224959,26.501278294757526],[90.37991806606595,26.49623369702755],[90.38611674579124,26.5211088144203],[90.39854028450657,26.492316733130792],[90.39345322798414,26.47696986176976],[90.41072776017808,26.444063793109592],[90.3947930046935,26.39210129803655],[90.37406996635593,26.377785509293858],[90.37404394896913,26.396819324951935],[90.36031571250021,26.401520668544094],[90.3569939388193,26.412620469059448],[90.32979408382994,26.409979664729804]]]}},{"id":"145","type":"Feature","properties":{"ST_NAME":"ASSAM","AC_NO":44,"AC_NAME":"Jania","DIST_NAME":"BARPETA","PC_NAME":"BARPETA"},"geometry":{"type":"Polygon","coordinates":[[[90.9324804717964,26.475108437804238],[90.94244496276485,26.407761057027187],[90.93425212093871,26.354168560530695],[91.00798346426552,26.313217687446354],[91.01566015998844,26.28825609304431],[90.99818381992742,26.282054837660667],[90.95967375004358,26.29345212221773],[90.93418610080795,26.290940747417608],[90.87950208275498,26.25811772665179],[90.81804627401641,26.249245915566576],[90.78389665520655,26.250040698619387],[90.75885234026333,26.262811611266898],[90.7330680451542,26.26145268799121],[90.73069948359438,26.268508506162675],[90.7198191158596,26.26840255973042],[90.72007782383258,26.28171844175273],[90.75111764546301,26.30963002650458],[90.78060384419211,26.302283864009155],[90.80337383753266,26.306040199995266],[90.8035707099204,26.31738045854138],[90.78923687358292,26.329476962391936],[90.81773665812034,26.36679150412465],[90.84021010361346,26.35775035519481],[90.8598987795051,26.362908182066974],[90.86138801634394,26.37667216658724],[90.8446663972365,26.402000894825505],[90.86147043561215,26.430919339855677],[90.8553525761605,26.439230044131307],[90.84548124686211,26.443898788198567],[90.83066648546998,26.4316331002874],[90.79874841740559,26.426658150553237],[90.78746599246165,26.440098917830824],[90.82040568047785,26.440045016964007],[90.82750073876815,26.448439877998],[90.82061013774774,26.45771400889447],[90.87793888387245,26.482280916031527],[90.90758408633656,26.485474018311322],[90.9324804717964,26.475108437804238]]]}},{"id":"146","type":"Feature","properties":{"ST_NAME":"ASSAM","AC_NO":46,"AC_NAME":"Sarukhetri","DIST_NAME":"BARPETA","PC_NAME":"BARPETA"},"geometry":{"type":"Polygon","coordinates":[[[91.11216783237961,26.458780370118063],[91.15698174061492,26.46252050571684],[91.18257278850342,26.44509618424155],[91.23017844148194,26.436308161192756],[91.24157986202107,26.404247169271514],[91.23372853774185,26.40061456560977],[91.24171750236093,26.38828243488649],[91.23655368510452,26.376723406360156],[91.2439521944383,26.381076233881117],[91.24853556316577,26.366693674073872],[91.26534311069605,26.36042064289842],[91.26528750921125,26.369945262863666],[91.28223813977837,26.375441493829953],[91.27003393222026,26.364193234130482],[91.28002064993308,26.35518938638114],[91.27720399936516,26.34096155762984],[91.26609116857264,26.339273298124283],[91.26920744087073,26.328485998530084],[91.25561608301587,26.315390091579502],[91.26033774409166,26.30309035983231],[91.2496898052404,26.301626992891443],[91.26004949069153,26.288677187102564],[91.23911557212602,26.279278304949855],[91.21193380430168,26.28287381067787],[91.17278789754351,26.304955183235165],[91.14149537720994,26.3461955148112],[91.14452927610529,26.36676468993852],[91.1333040615333,26.375757865433172],[91.069593029195,26.354530771477982],[91.01850331987237,26.369348170581645],[90.99958991804033,26.38257873661945],[91.00663017704107,26.392916394076394],[90.99548007474573,26.41271133655897],[91.01998340700868,26.43609806697225],[91.02548498714248,26.461012386712355],[91.08582327222626,26.448174524035096],[91.11216783237961,26.458780370118063]]]}},{"id":"147","type":"Feature","properties":{"ST_NAME":"ASSAM","AC_NO":55,"AC_NAME":"Hajo","DIST_NAME":"KAMRUP","PC_NAME":"GAUHATI"},"geometry":{"type":"Polygon","coordinates":[[[91.54119692110106,26.40051561770167],[91.58400335007462,26.40767571855963],[91.60273525163063,26.422475251731555],[91.61474412014508,26.391657203816976],[91.601782459493,26.3538356387038],[91.64299764332662,26.304801451325943],[91.61213995239694,26.257176337018393],[91.59492086970243,26.24679489067171],[91.58889888157819,26.227386882398775],[91.57074445089575,26.22708439992516],[91.54517902918889,26.2038527674913],[91.51563911934994,26.190853780477653],[91.53448810993837,26.177559973214215],[91.54008391384161,26.1635446245848],[91.5344603928329,26.14774456056307],[91.55976819474643,26.130294223499675],[91.492202378537,26.11862105211992],[91.47119643147022,26.14018051481895],[91.41769842674108,26.15970600422878],[91.41103414640878,26.20047938531542],[91.41976545551142,26.205937710756814],[91.42040814432045,26.235447927679786],[91.43210239221168,26.239643410714905],[91.41457942320187,26.245645460869355],[91.41305324221344,26.265854953043686],[91.43719635282946,26.259884044613045],[91.45121712616947,26.2693972440876],[91.44828059237551,26.29040224686628],[91.45782961544444,26.313501553054266],[91.44801173555322,26.320108754315584],[91.50501504310984,26.322241638640776],[91.53346130179767,26.33404685567791],[91.51834704907714,26.342850848887622],[91.53550113776737,26.371118673088347],[91.52483771708705,26.3784341543128],[91.54119692110106,26.40051561770167]]]}},{"id":"148","type":"Feature","properties":{"ST_NAME":"ASSAM","AC_NO":60,"AC_NAME":"Barkhetry","DIST_NAME":"NALBARI","PC_NAME":"GAUHATI"},"geometry":{"type":"Polygon","coordinates":[[[91.53998904615759,26.400753009044195],[91.52483771708705,26.3784341543128],[91.53550113776737,26.371118673088347],[91.51834704907714,26.342850848887622],[91.53346130179767,26.33404685567791],[91.50501504310984,26.322241638640776],[91.44801173555322,26.320108754315584],[91.45782961544444,26.313501553054266],[91.44828059237551,26.29040224686628],[91.45121712616947,26.2693972440876],[91.43719635282946,26.259884044613045],[91.41305324221344,26.265854953043686],[91.41457942320187,26.245645460869355],[91.43210239221168,26.239643410714905],[91.42040814432045,26.235447927679786],[91.41976545551142,26.205937710756814],[91.41103414640878,26.20047938531542],[91.42006454214498,26.175620837032056],[91.41408268266974,26.13591922029582],[91.3897068625817,26.139265780191636],[91.35493274105323,26.166916869118268],[91.29524891330675,26.156782855044753],[91.25693936705818,26.162623059606574],[91.22232322313829,26.179440218191587],[91.2370181022037,26.1801882346993],[91.24853052066703,26.20042244743803],[91.21559224638514,26.219213801375872],[91.2161239075923,26.23873837797379],[91.23136862766012,26.244736705834384],[91.2409408793182,26.261250844151164],[91.21839814555801,26.260680771100738],[91.21566647013157,26.267264582794326],[91.22528913058898,26.280928124733236],[91.26004949069153,26.288677187102564],[91.2496898052404,26.301626992891443],[91.26033774409166,26.30309035983231],[91.25561608301587,26.315390091579502],[91.2839251375351,26.336808276181046],[91.29603859090832,26.356635512419018],[91.31482833056305,26.342473116541157],[91.32324154406206,26.34631708156809],[91.3256755348981,26.370565769894426],[91.3354723814453,26.37704792402252],[91.36560490494247,26.36557247039326],[91.348152342057,26.332646504232855],[91.35754331467228,26.325513924428094],[91.37876249819078,26.335592502492034],[91.41002022555301,26.334937710606937],[91.41563383333482,26.35073766311274],[91.46730338594256,26.36201215423756],[91.4748926639653,26.38755813709838],[91.49296906497045,26.406057830104828],[91.50382928429411,26.40424528519179],[91.51677625002395,26.422171678380323],[91.53998904615759,26.400753009044195]]]}},{"id":"149","type":"Feature","properties":{"ST_NAME":"ASSAM","AC_NO":51,"AC_NAME":"Jalukbari","DIST_NAME":"KAMRUP","PC_NAME":"GAUHATI"},"geometry":{"type":"Polygon","coordinates":[[[91.80338220462511,26.383095163311168],[91.82113991827265,26.37304112954456],[91.81631326224732,26.349320556398595],[91.82153895106183,26.331287545883583],[91.80889794998046,26.32259973249171],[91.814032962851,26.31122451819698],[91.79731784764061,26.313286546736776],[91.79381566366203,26.321218768631297],[91.79309069677828,26.31104171120603],[91.78193206531262,26.30500633037792],[91.79047665357479,26.26829086932821],[91.78173489434994,26.244386974779104],[91.764235147634,26.24029694354914],[91.7643541081556,26.232744934331322],[91.74637809667189,26.221361841076146],[91.74531752528361,26.212014059301453],[91.7538001106866,26.206875776495963],[91.65403743028327,26.18633605506494],[91.64129696688155,26.206011796906978],[91.61385692455747,26.214576986838495],[91.59551779920713,26.172653986192586],[91.54008391384161,26.1635446245848],[91.53448810993837,26.177559973214215],[91.51563911934994,26.190853780477653],[91.54517902918889,26.2038527674913],[91.57074445089575,26.22708439992516],[91.58889888157819,26.227386882398775],[91.59492086970243,26.24679489067171],[91.61213995239694,26.257176337018393],[91.64299764332662,26.304801451325943],[91.65297582647327,26.281025428680664],[91.66556004436063,26.275424594869207],[91.70013455956234,26.28797067070991],[91.73017848724743,26.28553780492581],[91.74680245077252,26.270589696557295],[91.7543282069812,26.27449890290211],[91.78247769119253,26.312938115201916],[91.77518299509921,26.330638390949048],[91.74635248847665,26.354706037653557],[91.74903861504009,26.36085590577551],[91.77279388942651,26.376113320673255],[91.80338220462511,26.383095163311168]]]}},{"id":"150","type":"Feature","properties":{"ST_NAME":"ASSAM","AC_NO":82,"AC_NAME":"Raha","DIST_NAME":"NAGAON","PC_NAME":"NOWGONG"},"geometry":{"type":"Polygon","coordinates":[[[92.53386373202568,26.3063712314472],[92.64042420701162,26.3244232041676],[92.6280660885792,26.27568882467955],[92.63625596444126,26.258764414745997],[92.62809809455149,26.24858343627659],[92.6587923336993,26.23417366927947],[92.67233718671184,26.191393945674122],[92.67437103679396,26.164012844017577],[92.64726644878766,26.15644137616863],[92.63913465653923,26.146350985509628],[92.6614488159102,26.128967252236976],[92.68465122487419,26.137804717313884],[92.71831075723571,26.086005153315227],[92.74195131050465,26.078503694090273],[92.74451314446611,26.061482077336052],[92.71396473038806,26.053087897088858],[92.71342658416961,26.017951752571378],[92.66712613886028,26.028252402026794],[92.65453967806377,26.019207922008036],[92.65554950340692,26.0000819672091],[92.63645524341479,25.998710378781027],[92.61217202112192,25.977526609665347],[92.5964106612231,25.977881240227077],[92.58906355713754,25.963727968870728],[92.56637621149304,25.961377170719913],[92.54625179518428,25.97126760791383],[92.56707478597264,26.01176349508927],[92.59355034137519,26.02156974584716],[92.57951380651701,26.033872152178105],[92.59636671405269,26.07201326709867],[92.5954254485257,26.081115984515122],[92.57501540843441,26.09409724319329],[92.5727263982048,26.11543824887616],[92.54909395142477,26.11125641305307],[92.53663920263716,26.096370789580305],[92.519678826117,26.102309635381403],[92.52892511580148,26.150537078723232],[92.52193911829573,26.15534452073308],[92.50824858500425,26.141190856372987],[92.50047815024652,26.149211954668033],[92.47388544735554,26.143345492600474],[92.46885628199186,26.15061327018634],[92.44006149284365,26.121219480394757],[92.43124811340977,26.121122653088037],[92.42772110274677,26.11049707587938],[92.41852725163142,26.119386495690264],[92.39898911865293,26.116933070504842],[92.41178683109746,26.133535106759837],[92.39929152648284,26.13889634409105],[92.43531008219458,26.24348731728594],[92.50362958243932,26.256494970166784],[92.53386373202568,26.3063712314472]]]}},{"id":"151","type":"Feature","properties":{"ST_NAME":"ASSAM","AC_NO":79,"AC_NAME":"Jagiroad","DIST_NAME":"MARIGAON","PC_NAME":"NOWGONG"},"geometry":{"type":"Polygon","coordinates":[[[92.29015324287792,26.32990635269607],[92.27804159084678,26.29048182517613],[92.30636376377674,26.280829682244075],[92.2936166040231,26.227658551401078],[92.29553572849113,26.208470252000552],[92.3038623570622,26.2014709076563],[92.36688413279654,26.19610524476127],[92.37994865250835,26.222982348356766],[92.3743221430525,26.237018773497653],[92.37885054521655,26.250268627295384],[92.3997280421155,26.247515140611313],[92.41730565483215,26.27951796618123],[92.43961235522607,26.289375885688628],[92.4543667802028,26.286248093974393],[92.47378751658067,26.25004614311507],[92.43531008219458,26.24348731728594],[92.39929152648284,26.13889634409105],[92.3862359900989,26.14207546640972],[92.37064159473385,26.131950881727846],[92.35701324866255,26.112453961980805],[92.31039537864388,26.08976554344514],[92.30858034081012,26.075712947594525],[92.29540828376537,26.08004100868567],[92.28842677117859,26.070236073635954],[92.23831013280642,26.062145343532848],[92.22071876945569,26.07047934204803],[92.17781738106731,26.068437510482795],[92.16788896640276,26.091183011686667],[92.16220099278166,26.144995087553298],[92.1670525204575,26.164037384717574],[92.15554191232945,26.170930142312272],[92.14982788175138,26.161369512592955],[92.12961392534243,26.180518688786492],[92.10638040613088,26.172006590331932],[92.07996373563793,26.177286157530204],[92.09338732226718,26.18937946429088],[92.08195852816363,26.185122867826124],[92.0764870096678,26.19573397044644],[92.06174413018749,26.195572570917477],[92.04586693041455,26.215745686414323],[92.04238980874271,26.198911510857613],[92.02972143589562,26.2102513817959],[92.01996518384624,26.200985969826718],[92.01346791930911,26.207286861999137],[91.9999103372923,26.204567400265375],[91.95768878241142,26.230899282675807],[91.95308041253105,26.254061985672138],[91.98036198261946,26.275408617513733],[91.99182075562345,26.269675022184572],[92.01526851852736,26.282955428650155],[92.03079218131415,26.27036703431122],[92.04753747507448,26.27852468206845],[92.06142798791137,26.31051956302747],[92.07479728516665,26.31688417576413],[92.08551560945784,26.340385864715927],[92.09989961987162,26.341191735510222],[92.10550210393899,26.355972457562928],[92.14344823414876,26.320448476815784],[92.29015324287792,26.32990635269607]]]}},{"id":"152","type":"Feature","properties":{"ST_NAME":"ASSAM","AC_NO":35,"AC_NAME":"Abhayapuri South","DIST_NAME":"BONGAIGAON","PC_NAME":"BARPETA"},"geometry":{"type":"Polygon","coordinates":[[[90.4984887540528,26.376885646755227],[90.53056281312337,26.367618932567723],[90.53152583235135,26.355827519224704],[90.50411278767507,26.30097695572198],[90.5084283481898,26.29337939674184],[90.53322120459495,26.309644573038668],[90.54072606055928,26.303617929124187],[90.55280521828627,26.32529520211193],[90.583355622564,26.316756316450892],[90.55185604232253,26.368790507276117],[90.55545866168796,26.385678525243804],[90.57932616067382,26.413714156183403],[90.60234425808113,26.3894135221164],[90.62774287443415,26.39107912859896],[90.6388555676304,26.37039838177992],[90.64773248866351,26.367893848122662],[90.67890969432699,26.398084060431074],[90.68298041081738,26.377869254162817],[90.6937727699974,26.37439635930457],[90.69729697837289,26.347864251833812],[90.73139536460445,26.345286670743292],[90.76316353996543,26.310901146270908],[90.75111764546301,26.30963002650458],[90.72007782383258,26.28171844175273],[90.7198191158596,26.26840255973042],[90.73069948359438,26.268508506162675],[90.73344071431757,26.257846905710153],[90.7172190670064,26.263550622863022],[90.68298077864006,26.257195213788123],[90.65673348286401,26.242719741423002],[90.50585744816277,26.20021134058095],[90.46294679046207,26.205452590364814],[90.42118507333254,26.199299289530643],[90.37548227518693,26.181563147021677],[90.37821398208968,26.22221946695487],[90.39942073967546,26.220874243051924],[90.42568322230295,26.243133171458737],[90.44121361921322,26.241694912690093],[90.43058174495161,26.258802977675316],[90.4364607597563,26.261535323096723],[90.44931270042082,26.24815843196609],[90.44450297503232,26.265786016411596],[90.44978016981906,26.27121113528574],[90.45827674327711,26.265666799583187],[90.47309061523976,26.26991063556744],[90.45775890285114,26.272423807212988],[90.45484210917607,26.285053640513127],[90.46804765517521,26.276544675296577],[90.4638060594022,26.289336379370468],[90.47649764195268,26.28755355615175],[90.48363496927846,26.29660610938447],[90.46590671022653,26.324787436790814],[90.47365621596168,26.333111379986235],[90.460576597532,26.329837708343632],[90.45415496777758,26.349424332766773],[90.4675807802289,26.35425540716136],[90.47237704816229,26.372612015332265],[90.4984887540528,26.376885646755227]]]}},{"id":"153","type":"Feature","properties":{"ST_NAME":"ASSAM","AC_NO":47,"AC_NAME":"Chenga","DIST_NAME":"BARPETA","PC_NAME":"BARPETA"},"geometry":{"type":"Polygon","coordinates":[[[91.22528913058898,26.280928124733236],[91.21839814555801,26.260680771100738],[91.2409408793182,26.261250844151164],[91.23136862766012,26.244736705834384],[91.2161239075923,26.23873837797379],[91.21559224638514,26.219213801375872],[91.24853052066703,26.20042244743803],[91.2370181022037,26.1801882346993],[91.17238548690074,26.17308455640722],[91.11549128239682,26.154445180700577],[91.09962101999412,26.164952131935365],[91.07959182300431,26.160946246671983],[91.03013970898047,26.11916691901814],[90.94326321092848,26.156441950835415],[90.92209680502361,26.156308914125134],[90.93477870367428,26.1724825853031],[90.9885320879855,26.196363304323086],[91.02045030983402,26.223681779890285],[91.04157990289025,26.22301848761316],[91.06971069109557,26.25328428344295],[91.0777542238784,26.273444522446823],[91.06042292377896,26.312832910710313],[91.08153009583731,26.31203968438399],[91.06802395054495,26.338391697219095],[91.069593029195,26.354530771477982],[91.1333040615333,26.375757865433172],[91.14452927610529,26.36676468993852],[91.14149537720994,26.3461955148112],[91.17278789754351,26.304955183235165],[91.22528913058898,26.280928124733236]]]}},{"id":"154","type":"Feature","properties":{"ST_NAME":"ASSAM","AC_NO":27,"AC_NAME":"Bilasipara East","DIST_NAME":"DHUBRI","PC_NAME":"DHUBRI"},"geometry":{"type":"Polygon","coordinates":[[[90.32979408382994,26.409979664729804],[90.3569939388193,26.412620469059448],[90.36031571250021,26.401520668544094],[90.37404394896913,26.396819324951935],[90.37406996635593,26.377785509293858],[90.3947930046935,26.39210129803655],[90.38045500359561,26.368616656633435],[90.42343455655958,26.365978060139412],[90.43518588981703,26.3424545284538],[90.43549658310087,26.359494892475368],[90.44358314304765,26.360288046855942],[90.4450923034671,26.345867374679642],[90.455098641689,26.35793758055496],[90.45405108618871,26.339432790191154],[90.460576597532,26.329837708343632],[90.47365621596168,26.333111379986235],[90.46590671022653,26.324787436790814],[90.48363496927846,26.29660610938447],[90.47649764195268,26.28755355615175],[90.4638060594022,26.289336379370468],[90.46804765517521,26.276544675296577],[90.45484210917607,26.285053640513127],[90.45775890285114,26.272423807212988],[90.47309061523976,26.26991063556744],[90.45827674327711,26.265666799583187],[90.44978016981906,26.27121113528574],[90.44450297503232,26.265786016411596],[90.44931270042082,26.24815843196609],[90.4364607597563,26.261535323096723],[90.43058174495161,26.258802977675316],[90.44121361921322,26.241694912690093],[90.42568322230295,26.243133171458737],[90.39942073967546,26.220874243051924],[90.37821398208968,26.22221946695487],[90.37110726498832,26.176974008243917],[90.3300751606402,26.17295090366133],[90.26875117812443,26.18511996301595],[90.22141948382216,26.16704618803118],[90.21151367631518,26.169832492775356],[90.18402691511011,26.22150544032388],[90.18018795301168,26.26785351552735],[90.19189377697626,26.29685166657123],[90.17415489513235,26.34201568267764],[90.2042226881266,26.358464449274948],[90.20748523155822,26.377856529655162],[90.22608532757584,26.38566277451747],[90.2335029879726,26.36549896160784],[90.21673552592387,26.351613384250356],[90.2279910521454,26.349830142846884],[90.21684101819847,26.32780119716756],[90.22773361761244,26.333810570501498],[90.25017473607528,26.324118272840053],[90.25606752129914,26.335482443460023],[90.28084236338441,26.319514577635687],[90.28686139363845,26.337659049225806],[90.29733861058844,26.338503246427706],[90.32852738513077,26.364755351778115],[90.31884278116945,26.364416820879626],[90.31171943740219,26.381573200143123],[90.31692541577536,26.391112744357713],[90.33398254136125,26.389079936589837],[90.32979408382994,26.409979664729804]]]}},{"id":"155","type":"Feature","properties":{"ST_NAME":"ASSAM","AC_NO":90,"AC_NAME":"Jamunamukh","DIST_NAME":"NAGAON","PC_NAME":"NOWGONG"},"geometry":{"type":"Polygon","coordinates":[[[92.79942407586049,26.202486461680905],[92.88175587603291,26.20779916709796],[92.93937459865884,26.202418976554554],[92.95264392997348,26.190212435255717],[92.95610082409382,26.174233619286156],[92.9462907781969,26.15709266159712],[92.93122018306508,26.151357657929623],[92.93390786455637,26.136664698916775],[92.9549882566028,26.140599787750034],[92.96671471731042,26.129140664909812],[93.03589155655015,26.10857731199343],[93.04037891185737,26.086876659330414],[93.0554498829058,26.088148826806957],[93.05887373143759,26.07991443989954],[93.06755510928093,26.07799181527008],[93.07173378218835,26.085250009680237],[93.08133909112621,26.078134831757154],[93.0847132332292,26.083103800100332],[93.08795190775442,26.07435117346796],[93.10812352767874,26.078249344231892],[93.09283897843619,26.03339453033334],[93.00465036592169,26.020781865091067],[92.98684029374459,26.00612911206889],[92.96305372834695,26.019048587322516],[92.92087842829687,26.009372290398915],[92.85045885369323,26.08611863606626],[92.80673119069195,26.082730933086168],[92.80707687030139,26.06731706133337],[92.71831075723571,26.086005153315227],[92.68465122487419,26.137804717313884],[92.71036671555152,26.15185155660413],[92.74996183726904,26.14472864271272],[92.79942407586049,26.202486461680905]]]}},{"id":"156","type":"Feature","properties":{"ST_NAME":"ASSAM","AC_NO":52,"AC_NAME":"Dispur","DIST_NAME":"KAMRUP","PC_NAME":"GAUHATI"},"geometry":{"type":"Polygon","coordinates":[[[91.92930154443081,26.242105461298024],[91.95308041253105,26.254061985672138],[91.95768878241142,26.230899282675807],[91.9999103372923,26.204567400265375],[92.01346791930911,26.207286861999137],[92.01996518384624,26.200985969826718],[92.02972143589562,26.2102513817959],[92.04238980874271,26.198911510857613],[92.04586693041455,26.215745686414323],[92.06174413018749,26.195572570917477],[92.0764870096678,26.19573397044644],[92.08195852816363,26.185122867826124],[92.09338732226718,26.18937946429088],[92.07996373563793,26.177286157530204],[92.10638040613088,26.172006590331932],[92.12961392534243,26.180518688786492],[92.14982788175138,26.161369512592955],[92.15554191232945,26.170930142312272],[92.1670525204575,26.164037384717574],[92.16220099278166,26.144995087553298],[92.17548933846228,26.077843096181994],[92.15257406054451,26.06711763217305],[92.13241279631353,26.044205484795327],[92.09612476234798,26.049170632818516],[92.05146757446903,26.032788094095338],[91.98860097855237,26.038457307858494],[91.98357014944293,26.025916385133144],[91.93090964376512,26.012621317919525],[91.91740718659247,25.996514584180773],[91.90978569125673,26.008678298864425],[91.91482373472763,26.0204022900337],[91.8831783806778,26.02610346300446],[91.87442355969955,26.043056301407262],[91.86792215288511,26.04199289355722],[91.87899436579738,26.097372806110172],[91.83251599321858,26.118233152937705],[91.80613244025994,26.116094281825724],[91.80505620537963,26.16313286369075],[91.77299549314756,26.199272480740433],[91.87047195571625,26.221148125285822],[91.88222262707262,26.21716736708038],[91.90874917043794,26.231047055677152],[91.91880739774325,26.246150350158587],[91.92930154443081,26.242105461298024]]]}},{"id":"157","type":"Feature","properties":{"ST_NAME":"ASSAM","AC_NO":26,"AC_NAME":"Bilasipara West","DIST_NAME":"DHUBRI","PC_NAME":"DHUBRI"},"geometry":{"type":"Polygon","coordinates":[[[90.17415489513235,26.34201568267764],[90.19189377697626,26.29685166657123],[90.18018795301168,26.26785351552735],[90.18402691511011,26.22150544032388],[90.19384903350613,26.196427696680928],[90.21990655074677,26.166665214528052],[90.1400912955769,26.155489087651347],[90.15425741824532,26.148213765652827],[90.13868733874972,26.13680902211871],[90.16406937789952,26.11761513972698],[90.18390209730399,26.11461483140937],[90.1797896567673,26.101828728313194],[90.155342470079,26.082876501849114],[90.13131435397429,26.107907982567383],[90.10239198160474,26.122608907774918],[90.07820623143249,26.110887987790477],[90.0669309039381,26.11980382518641],[90.05485250074236,26.109802078902874],[90.03583884158934,26.15545732809329],[90.07268589773605,26.172698481050134],[90.08015966593587,26.188412593266605],[90.06538558267857,26.281607560740383],[90.08119890180791,26.315669885956538],[90.14513111341023,26.35120145608238],[90.17415489513235,26.34201568267764]]]}},{"id":"158","type":"Feature","properties":{"ST_NAME":"ASSAM","AC_NO":24,"AC_NAME":"Gauripur","DIST_NAME":"DHUBRI","PC_NAME":"DHUBRI"},"geometry":{"type":"Polygon","coordinates":[[[89.99698833784157,26.349560073738473],[89.99041360480408,26.336214060830287],[90.00278942099504,26.333459342075002],[90.00394348770186,26.326435656680246],[90.01325870862257,26.326225165858773],[90.02169760406122,26.337452591863666],[90.03416404493481,26.33230238045053],[90.02574286883839,26.320519574518812],[90.03674951128096,26.301194319162562],[90.05085787499098,26.29625269380682],[90.08119890180791,26.315669885956538],[90.06538558267857,26.281607560740383],[90.08015966593587,26.188412593266605],[90.07268589773605,26.172698481050134],[90.03583884158934,26.15545732809329],[90.05485250074236,26.109802078902874],[90.02663828333016,26.08746400745804],[90.0127978042753,26.029996282802244],[90.00265652188102,26.022288918398942],[89.98795765522169,26.02610028749831],[89.95802915821912,26.052573001942562],[89.94398817531408,26.052702074441243],[89.91355110449996,26.038600618423857],[89.86136757225569,26.041433578197143],[89.85610970929571,26.027281143210246],[89.81820183264853,26.016779236272782],[89.8102977244605,26.038798451287562],[89.78945342693419,26.01753529361895],[89.80186469080292,26.036456819027023],[89.77572256174687,26.035957806807403],[89.79002415199307,26.045949751379965],[89.78576275854454,26.053268775033985],[89.85542358323181,26.087933688289127],[89.85284622966981,26.103477867309778],[89.87978011106333,26.123206265356885],[89.89275734257734,26.257774063322415],[89.90616333756805,26.272222583905148],[89.9498814551651,26.276363724506325],[89.960593936561,26.33556716589203],[89.99698833784157,26.349560073738473]]]}},{"id":"159","type":"Feature","properties":{"ST_NAME":"ASSAM","AC_NO":45,"AC_NAME":"Baghbar","DIST_NAME":"BARPETA","PC_NAME":"BARPETA"},"geometry":{"type":"Polygon","coordinates":[[[90.99818381992742,26.282054837660667],[91.02040897609345,26.264425861964014],[91.02045030983402,26.223681779890285],[90.9885320879855,26.196363304323086],[90.93477870367428,26.1724825853031],[90.92209680502361,26.156308914125134],[90.94326321092848,26.156441950835415],[90.99191385993674,26.138284689986506],[91.00827416292236,26.114717114902987],[90.9926078946387,26.119064719161486],[90.9359166725165,26.09193215414564],[90.93203226767508,26.097192384121286],[90.91710981786389,26.089557463706058],[90.87062288463846,26.095837860329027],[90.85936387264468,26.11256967235255],[90.83947205968786,26.108922252360117],[90.79249225121646,26.12897453045025],[90.73369317649895,26.13628919688898],[90.71387868005712,26.13003392912259],[90.67780460739675,26.17879826502798],[90.6528885501665,26.238037226037193],[90.68298077864006,26.257195213788123],[90.7172190670064,26.263550622863022],[90.72536528887701,26.255787328722306],[90.75885234026333,26.262811611266898],[90.78389665520655,26.250040698619387],[90.81804627401641,26.249245915566576],[90.87950208275498,26.25811772665179],[90.93418610080795,26.290940747417608],[90.95967375004358,26.29345212221773],[90.99818381992742,26.282054837660667]]]}},{"id":"160","type":"Feature","properties":{"ST_NAME":"ASSAM","AC_NO":25,"AC_NAME":"Golakganj","DIST_NAME":"DHUBRI","PC_NAME":"DHUBRI"},"geometry":{"type":"Polygon","coordinates":[[[89.91087981854884,26.340566255228566],[89.9407519271598,26.332740290931724],[89.960593936561,26.33556716589203],[89.9498814551651,26.276363724506325],[89.90616333756805,26.272222583905148],[89.89275734257734,26.257774063322415],[89.87978011106333,26.123206265356885],[89.85284622966981,26.103477867309778],[89.85542358323181,26.087933688289127],[89.79623828926572,26.05592833472491],[89.78576275854454,26.053268775033985],[89.79838956742464,26.05911226571851],[89.79852310056071,26.073633104384328],[89.79462387129468,26.08885993243996],[89.78329343244599,26.08648704424172],[89.7846851117286,26.10653943744512],[89.76221237849853,26.11301051012697],[89.76711360181133,26.132420191138976],[89.75026595890694,26.153340192695794],[89.72123937040067,26.157955969392503],[89.72251805796208,26.167512866925335],[89.7361980979639,26.175483376556656],[89.70902019272779,26.173661821336054],[89.69693501853635,26.18956289721001],[89.71611036410206,26.18984785009826],[89.7148032156959,26.20486100822899],[89.73410161729583,26.21276406510958],[89.69965931322679,26.216427223237815],[89.73088712643977,26.23867137938072],[89.71784021635295,26.24685939454548],[89.71601373824348,26.25806696621754],[89.70313519653217,26.25744427203557],[89.71138156330858,26.27082121802482],[89.71994837022118,26.257542317923708],[89.73557493973175,26.261434558558108],[89.73824553680214,26.271971680248896],[89.71818654257493,26.295676225677312],[89.72379258256171,26.309236551525657],[89.7216501995971,26.299357740767164],[89.72966265180997,26.293623253310557],[89.75790461870326,26.28816332617663],[89.75503933819493,26.323196300468965],[89.76844033925033,26.310101585120094],[89.78221956008468,26.31400068668239],[89.79907825475772,26.29914856655313],[89.81838448315744,26.311676246761408],[89.84823507458907,26.297798067227063],[89.87819811904802,26.30232549812331],[89.89569026289536,26.32624790341805],[89.9079187899203,26.32882582355296],[89.91087981854884,26.340566255228566]]]}},{"id":"161","type":"Feature","properties":{"ST_NAME":"ASSAM","AC_NO":54,"AC_NAME":"Gauhati West","DIST_NAME":"KAMRUP","PC_NAME":"GAUHATI"},"geometry":{"type":"Polygon","coordinates":[[[91.65403743028327,26.18633605506494],[91.66208179134168,26.14280594433893],[91.6823263570758,26.124011685590858],[91.73144373893746,26.110963242159926],[91.81984179726118,26.115950143884106],[91.79109857254116,26.08518639253805],[91.77646858495729,26.089178347302948],[91.76246374940257,26.072319089654343],[91.73135161328639,26.059550860583784],[91.73680378017036,26.05629146657799],[91.72249302763117,26.035381139028402],[91.72027976729748,25.953909977463525],[91.67040311930856,25.904151869113548],[91.65264186323145,25.90605056907856],[91.60890013483339,25.937561259544566],[91.61218764344505,25.945095272428944],[91.62988530306433,25.943325432722588],[91.64083976144587,25.964044018516688],[91.62558440959288,25.987094896212568],[91.63495186853396,26.01228018078575],[91.63016253976946,26.022441054910814],[91.59756257695142,26.018052200548652],[91.57879409097455,26.03253017392842],[91.5507964285124,25.9772775064518],[91.53561855505234,25.962520488729638],[91.51812654520398,25.959925878976208],[91.51769843283648,25.94970952387547],[91.49183402072356,26.01463518146852],[91.49833612810988,26.049373988418893],[91.51340820262652,26.059027720453003],[91.52656173003987,26.0398331024158],[91.54407226862037,26.043917620801608],[91.56884937250061,26.059047673711234],[91.58904134678079,26.089096495506908],[91.57514386060075,26.101080501364095],[91.5603223830716,26.13395753721062],[91.5344603928329,26.14774456056307],[91.54008391384161,26.1635446245848],[91.59551779920713,26.172653986192586],[91.61385692455747,26.214576986838495],[91.64129696688155,26.206011796906978],[91.65403743028327,26.18633605506494]]]}},{"id":"162","type":"Feature","properties":{"ST_NAME":"ASSAM","AC_NO":53,"AC_NAME":"Gauhati East","DIST_NAME":"KAMRUP","PC_NAME":"GAUHATI"},"geometry":{"type":"Polygon","coordinates":[[[91.7538001106866,26.206875776495963],[91.77299549314756,26.199272480740433],[91.80505620537963,26.16313286369075],[91.80613244025994,26.116094281825724],[91.73144373893746,26.110963242159926],[91.6823263570758,26.124011685590858],[91.66208179134168,26.14280594433893],[91.65403743028327,26.18633605506494],[91.7538001106866,26.206875776495963]]]}},{"id":"163","type":"Feature","properties":{"ST_NAME":"ASSAM","AC_NO":20,"AC_NAME":"Baithalangso","DIST_NAME":"KARBI ANGLONG","PC_NAME":"AUTONOMOUS DISTRICT"},"geometry":{"type":"Polygon","coordinates":[[[92.74451314446611,26.061482077336052],[92.7550926170307,26.05351346257629],[92.74628545281143,26.038215276014228],[92.76523416022837,26.02843354976858],[92.75876470093027,26.014418065341488],[92.77274033639748,26.017596380068937],[92.78236548348036,26.010295697188724],[92.75702970905388,26.002490154696943],[92.77912379172966,25.996158589347488],[92.75939800081716,25.991512542370003],[92.77052972007056,25.98968587810083],[92.76202659774935,25.983914601177958],[92.7696276155221,25.975820159572777],[92.76236714942445,25.96120636967828],[92.77582481856058,25.948290798381663],[92.7936422516886,25.96451800080513],[92.80563140166794,25.958640579599148],[92.80617325579118,25.953398698491185],[92.79430731832815,25.957145391946312],[92.79010770200892,25.938726029982377],[92.80116944771191,25.918116648864327],[92.81620757012331,25.924476490697543],[92.83415129414698,25.91381037834634],[92.85456719601933,25.92493633564345],[92.8479132408035,25.902386379427924],[92.8697568568935,25.868033756652608],[92.98237791890591,25.87530213588491],[93.0276144257652,25.813421776993437],[93.06558191037692,25.78627450716283],[93.05247687710624,25.77882248277143],[93.053217431939,25.785119854098014],[93.0186259069601,25.801556050871113],[93.00309482566576,25.787280810760876],[92.99802729972015,25.809095753766087],[93.00605968720487,25.82654704141288],[92.98949201404525,25.822246964525846],[92.98096529980882,25.80893229299096],[92.98760962058759,25.799976117403958],[92.9835051651313,25.7803863777292],[92.98123352440768,25.790595506777265],[92.96741563632264,25.781968791526538],[92.96981101746456,25.791340408932797],[92.95724009155703,25.801985335055235],[92.96603105808691,25.817898958270348],[92.94381538077528,25.803081736333127],[92.92864612551836,25.80683768291277],[92.93287767856208,25.800314942380737],[92.92301279200683,25.772594977975928],[92.82033759690262,25.740389973118795],[92.81388775901291,25.702387048923242],[92.77674674146903,25.67754201205429],[92.78890033338376,25.657198632410996],[92.75882537998734,25.629126369386483],[92.76816157579617,25.618801610006358],[92.75347210615286,25.614333990321427],[92.74761963034172,25.59909835610432],[92.71964491588022,25.588589072927448],[92.71312458643058,25.598951831362],[92.6973922413589,25.59961795380559],[92.67986295101446,25.58493840098646],[92.68274165750154,25.576542351048715],[92.66149205081757,25.572495253453212],[92.64923106905866,25.592390994648724],[92.62227364611192,25.565529093193163],[92.5837868884542,25.550675052112013],[92.5568982960196,25.570852617454364],[92.55382187268134,25.614915368749337],[92.50508532222989,25.616071401374143],[92.47028698375738,25.67508906081156],[92.43821525662884,25.694640654842374],[92.43800728121113,25.706054835862062],[92.44779446364362,25.708967341569632],[92.44428067841062,25.719775782426495],[92.4307566096299,25.7323733111794],[92.41157796085429,25.73013817843423],[92.41426875849646,25.74161816104936],[92.406214335823,25.745032284312515],[92.37893363178176,25.742775271061987],[92.38411143529459,25.75476972794064],[92.33320284403607,25.72416362235333],[92.31062929590536,25.72788097003081],[92.26433975667447,25.709139394467513],[92.23383441292788,25.708011793009916],[92.2241846666891,25.715936218681577],[92.17045728267749,25.66736836485819],[92.15621343789991,25.672298327805606],[92.16050910990754,25.684038635374748],[92.14397192646328,25.7174543084696],[92.16272943351657,25.743632565090877],[92.14857132830423,25.772502313630923],[92.1513115131159,25.8169042010681],[92.16129419017477,25.820216243185143],[92.16213021883459,25.835984876800694],[92.17769512812771,25.85215954442748],[92.1774275915102,25.87287317046048],[92.21536991578904,25.894330362256483],[92.22547649424484,25.909041653049883],[92.20214139391027,25.906335489591243],[92.19503942253141,25.918671096194203],[92.17605269537563,25.907408322336266],[92.15470801416359,25.911116591357654],[92.1609545360231,25.928308874255208],[92.15249681327737,25.944842273352265],[92.16424703137545,25.958045131277856],[92.16472319721782,25.97092326289834],[92.18109050052624,25.985181431178148],[92.19858414174479,25.988371296797936],[92.20357123502453,26.001228012862555],[92.23345970050485,26.009359233142163],[92.26318483201442,26.033172271882904],[92.26097444861199,26.041864138519202],[92.27025236205691,26.04668077699631],[92.2651374283497,26.058474362202105],[92.27345828956845,26.06592972937358],[92.29540828376537,26.08004100868567],[92.30858034081012,26.075712947594525],[92.31039537864388,26.08976554344514],[92.35701324866255,26.112453961980805],[92.37064159473385,26.131950881727846],[92.3862359900989,26.14207546640972],[92.41047571398309,26.13745304732032],[92.39898911865293,26.116933070504842],[92.41852725163142,26.119386495690264],[92.42772110274677,26.11049707587938],[92.43124811340977,26.121122653088037],[92.44006149284365,26.121219480394757],[92.46885628199186,26.15061327018634],[92.47388544735554,26.143345492600474],[92.50047815024652,26.149211954668033],[92.50824858500425,26.141190856372987],[92.52193911829573,26.15534452073308],[92.52892511580148,26.150537078723232],[92.519678826117,26.102309635381403],[92.53663920263716,26.096370789580305],[92.54909395142477,26.11125641305307],[92.5727263982048,26.11543824887616],[92.57501540843441,26.09409724319329],[92.5954254485257,26.081115984515122],[92.59636671405269,26.07201326709867],[92.57951380651701,26.033872152178105],[92.59355034137519,26.02156974584716],[92.56707478597264,26.01176349508927],[92.54625179518428,25.97126760791383],[92.56637621149304,25.961377170719913],[92.58906355713754,25.963727968870728],[92.5964106612231,25.977881240227077],[92.61217202112192,25.977526609665347],[92.63645524341479,25.998710378781027],[92.65554950340692,26.0000819672091],[92.65453967806377,26.019207922008036],[92.66712613886028,26.028252402026794],[92.71342658416961,26.017951752571378],[92.71396473038806,26.053087897088858],[92.74451314446611,26.061482077336052]]]}},{"id":"164","type":"Feature","properties":{"ST_NAME":"ASSAM","AC_NO":37,"AC_NAME":"Goalpara East","DIST_NAME":"GOALPARA","PC_NAME":"DHUBRI"},"geometry":{"type":"Polygon","coordinates":[[[90.65673348286401,26.242719741423002],[90.6528885501665,26.238037226037193],[90.67780460739675,26.17879826502798],[90.71387868005712,26.13003392912259],[90.73369317649895,26.13628919688898],[90.79249225121646,26.12897453045025],[90.83947205968786,26.108922252360117],[90.85936387264468,26.11256967235255],[90.87062288463846,26.095837860329027],[90.89862059926128,26.092324308020466],[90.89167739149849,26.070934577069124],[90.82896123777095,26.05772982247339],[90.82845909231332,26.020684457721586],[90.80979667057994,26.004891042387726],[90.78907856592315,26.010156838267505],[90.76424211398245,26.044562467084234],[90.73229507066105,26.058712404653818],[90.70258707393435,26.05286509454851],[90.67527318580892,26.031447151864597],[90.64648245799907,26.024619031243333],[90.63122085855582,26.002268318028484],[90.61229161876327,25.99374204805713],[90.60062369942426,25.951593378731502],[90.58124457647608,25.95820258638031],[90.5728839787127,25.937668437148716],[90.54793081455551,25.924691800086578],[90.54909906267164,25.91473499832159],[90.51372378122755,25.89732258926614],[90.52492479144604,25.93282526867125],[90.53554950440616,25.9353376246317],[90.53366575297218,25.959645292296443],[90.50196437565546,26.000328019022902],[90.4771673886641,26.013048511179875],[90.47995227158015,26.042527743760445],[90.50093587768868,26.062625443909155],[90.543184937435,26.082991412723572],[90.52555156225486,26.120436711385196],[90.54461996853678,26.11995942858482],[90.56095285748842,26.14394882527813],[90.5552567629893,26.158027662446727],[90.56278357050542,26.173709865817727],[90.54631389826784,26.21454170643466],[90.65673348286401,26.242719741423002]]]}},{"id":"165","type":"Feature","properties":{"ST_NAME":"ASSAM","AC_NO":91,"AC_NAME":"Hojai","DIST_NAME":"NAGAON","PC_NAME":"NOWGONG"},"geometry":{"type":"Polygon","coordinates":[[[92.74195131050465,26.078503694090273],[92.76010347579484,26.080495703214183],[92.80707687030139,26.06731706133337],[92.80673119069195,26.082730933086168],[92.85045885369323,26.08611863606626],[92.95113751338562,25.97491582110831],[92.96449410142168,25.913984371981257],[92.98237791890591,25.87530213588491],[92.8697568568935,25.868033756652608],[92.8479132408035,25.902386379427924],[92.85456719601933,25.92493633564345],[92.83415129414698,25.91381037834634],[92.81620757012331,25.924476490697543],[92.80116944771191,25.918116648864327],[92.79010770200892,25.938726029982377],[92.79430731832815,25.957145391946312],[92.80617325579118,25.953398698491185],[92.80563140166794,25.958640579599148],[92.7936422516886,25.96451800080513],[92.77582481856058,25.948290798381663],[92.76236714942445,25.96120636967828],[92.7696276155221,25.975820159572777],[92.76202659774935,25.983914601177958],[92.77052972007056,25.98968587810083],[92.75939800081716,25.991512542370003],[92.77912379172966,25.996158589347488],[92.75702970905388,26.002490154696943],[92.78236548348036,26.010295697188724],[92.77274033639748,26.017596380068937],[92.75876470093027,26.014418065341488],[92.76523416022837,26.02843354976858],[92.74628545281143,26.038215276014228],[92.7550926170307,26.05351346257629],[92.74451314446611,26.061482077336052],[92.74195131050465,26.078503694090273]]]}},{"id":"166","type":"Feature","properties":{"ST_NAME":"ASSAM","AC_NO":49,"AC_NAME":"Chaygaon","DIST_NAME":"KAMRUP","PC_NAME":"GAUHATI"},"geometry":{"type":"Polygon","coordinates":[[[91.1874119190249,26.17522116482496],[91.22232322313829,26.179440218191587],[91.25693936705818,26.162623059606574],[91.29524891330675,26.156782855044753],[91.35493274105323,26.166916869118268],[91.3897068625817,26.139265780191636],[91.40719434884016,26.065730108657647],[91.42108566477168,26.042951144579717],[91.44894308245733,26.02982085924532],[91.44930416565478,26.002697421448886],[91.42562198366767,26.00820161411326],[91.43247930437644,25.986000288182822],[91.42621634470862,25.933145439010843],[91.4073931583676,25.88667387969582],[91.38190843552593,25.845615632055853],[91.33445220760336,25.83895807235723],[91.27350131333498,25.74575237507213],[91.2571574688422,25.747972072752987],[91.2734073215907,25.783381511347727],[91.27565313558381,25.816662940842093],[91.23867566964651,25.910988727547817],[91.23535855355448,25.93835777199365],[91.27176217468468,26.011394109350704],[91.24482991027219,26.034320533465916],[91.23378776799115,26.034316451443146],[91.2039565767347,26.07919825939223],[91.18635799542523,26.074267649832223],[91.16099612177368,26.083500321982342],[91.15911899294724,26.105286269046132],[91.13980456902567,26.134845464846364],[91.17513535831017,26.155619999263592],[91.1874119190249,26.17522116482496]]]}},{"id":"167","type":"Feature","properties":{"ST_NAME":"ASSAM","AC_NO":38,"AC_NAME":"Goalpara West","DIST_NAME":"GOALPARA","PC_NAME":"DHUBRI"},"geometry":{"type":"Polygon","coordinates":[[[90.54631389826784,26.21454170643466],[90.56278357050542,26.173709865817727],[90.5552567629893,26.158027662446727],[90.56095285748842,26.14394882527813],[90.54461996853678,26.11995942858482],[90.52555156225486,26.120436711385196],[90.543184937435,26.082991412723572],[90.4880214359406,26.053629428355464],[90.4771673886641,26.013048511179875],[90.42870648311776,25.988365883778556],[90.41640247419491,25.991284844819802],[90.41210124527629,26.00353542771785],[90.39780404012441,26.011857474243072],[90.34953334748604,26.003550165807553],[90.33276206151999,25.98697935311469],[90.29731863124988,26.006343118340283],[90.28247399887601,26.05353407233963],[90.2840709484156,26.08139945711929],[90.25624296823844,26.085239907595735],[90.25014992827664,26.096503195865864],[90.25018489751506,26.10741422778443],[90.26765835974555,26.099729160272602],[90.27519467129713,26.105514867717034],[90.24710953088021,26.118448275267724],[90.22141948382216,26.16704618803118],[90.26875117812443,26.18511996301595],[90.3300751606402,26.17295090366133],[90.37110726498832,26.176974008243917],[90.42118507333254,26.199299289530643],[90.46294679046207,26.205452590364814],[90.50585744816277,26.20021134058095],[90.54631389826784,26.21454170643466]]]}},{"id":"168","type":"Feature","properties":{"ST_NAME":"ASSAM","AC_NO":48,"AC_NAME":"Boko","DIST_NAME":"KAMRUP","PC_NAME":"GAUHATI"},"geometry":{"type":"Polygon","coordinates":[[[90.99752959731313,26.12796626633019],[91.03013970898047,26.11916691901814],[91.07959182300431,26.160946246671983],[91.09962101999412,26.164952131935365],[91.11549128239682,26.154445180700577],[91.1874119190249,26.17522116482496],[91.17513535831017,26.155619999263592],[91.13980456902567,26.134845464846364],[91.15911899294724,26.105286269046132],[91.16099612177368,26.083500321982342],[91.18635799542523,26.074267649832223],[91.2039565767347,26.07919825939223],[91.23378776799115,26.034316451443146],[91.24482991027219,26.034320533465916],[91.27176217468468,26.011394109350704],[91.23535855355448,25.93835777199365],[91.23867566964651,25.910988727547817],[91.27069142656813,25.83789071288612],[91.2734073215907,25.783381511347727],[91.2571574688422,25.747972072752987],[91.22065251390245,25.72205927981196],[91.1918954486161,25.730612957522],[91.1890124424703,25.764429373916528],[91.1779768436565,25.77800256186879],[91.19059729432973,25.811233391907535],[91.1861158736487,25.818340107210247],[91.20395465308485,25.843570904673584],[91.19556891927027,25.86095915524089],[91.18024320176244,25.84405991013682],[91.14773456779614,25.850593045033065],[91.11373506202358,25.83228879898894],[91.0620369415517,25.820897351931308],[91.04897200545372,25.82924655078773],[91.07171780433328,25.8385978956764],[91.07856144725304,25.8526624803892],[91.04802053262154,25.849258657061398],[91.02221109516597,25.823633310828654],[91.0013105666294,25.824870215887813],[91.0138449494849,25.85651261926205],[91.02794112558252,25.869243363690316],[91.03058365121461,25.900093319551104],[91.05220597562533,25.93640845818385],[91.04771088075262,25.941625288676164],[91.0805679471531,25.97233884885884],[91.09037000707025,26.00162774892152],[91.0995666424866,26.00661278455243],[91.08553081989146,26.024058890305582],[91.09026611379016,26.030740534747906],[91.07879270611858,26.038789490442696],[91.06941556147905,26.03751511602985],[91.06430384734472,26.046180994057693],[91.04663200546275,26.040423492050593],[91.03592864139375,26.048836826958052],[91.02781065014148,26.041047733965797],[91.00999613711207,26.05432600094423],[90.98040580138667,26.058159535634104],[90.95987662810398,26.081889090309346],[90.9359166725165,26.09193215414564],[90.9926078946387,26.119064719161486],[91.00827416292236,26.114717114902987],[90.99752959731313,26.12796626633019]]]}},{"id":"169","type":"Feature","properties":{"ST_NAME":"ASSAM","AC_NO":50,"AC_NAME":"Palasbari","DIST_NAME":"KAMRUP","PC_NAME":"GAUHATI"},"geometry":{"type":"Polygon","coordinates":[[[91.3897068625817,26.139265780191636],[91.41408268266974,26.13591922029582],[91.41769842674108,26.15970600422878],[91.47119643147022,26.14018051481895],[91.492202378537,26.11862105211992],[91.55976819474643,26.130294223499675],[91.58904134678079,26.089096495506908],[91.56884937250061,26.059047673711234],[91.54407226862037,26.043917620801608],[91.52656173003987,26.0398331024158],[91.51340820262652,26.059027720453003],[91.49833612810988,26.049373988418893],[91.49183402072356,26.01463518146852],[91.51967968157209,25.94024017354525],[91.5016801150453,25.92421864787235],[91.50446141506234,25.911901767852328],[91.53676377422886,25.931378735240514],[91.50459422694206,25.90784540274319],[91.49882267662531,25.89667563047601],[91.50358535038367,25.891202134371042],[91.48363443038471,25.893325979610324],[91.47491839446838,25.871054549727717],[91.51250004384201,25.865728385956288],[91.52555612341644,25.891280481509057],[91.53504819961478,25.88411214555913],[91.53058736081812,25.871853090148022],[91.51327647353048,25.86415005508104],[91.4626417725998,25.857462444536225],[91.44577250100019,25.840549734782485],[91.42255748623904,25.85440302467987],[91.38190843552593,25.845615632055853],[91.42621634470862,25.933145439010843],[91.43247930437644,25.986000288182822],[91.42562198366767,26.00820161411326],[91.44930416565478,26.002697421448886],[91.45081737392275,26.017937129594884],[91.44894308245733,26.02982085924532],[91.42108566477168,26.042951144579717],[91.40719434884016,26.065730108657647],[91.3897068625817,26.139265780191636]]]}},{"id":"170","type":"Feature","properties":{"ST_NAME":"ASSAM","AC_NO":92,"AC_NAME":"Lumding","DIST_NAME":"NAGAON","PC_NAME":"NOWGONG"},"geometry":{"type":"Polygon","coordinates":[[[93.00465036592169,26.020781865091067],[93.10999094832368,26.036826738063553],[93.13810543271961,26.018277253192707],[93.15723638774915,25.993749245331458],[93.16103370674023,25.957755811281743],[93.17416645621705,25.95214046870774],[93.1831345199422,25.90317941599733],[93.23999136480973,25.848956562195667],[93.2457194796703,25.778521295321582],[93.22718096922642,25.765504381222286],[93.22728471681631,25.727154054316202],[93.18262809011435,25.729323173225907],[93.17017641161215,25.717926715145836],[93.15824611596554,25.723444076582894],[93.14317354412384,25.718538551812742],[93.14847673291496,25.734332043589006],[93.12603952290573,25.74888978683424],[93.12933392122352,25.761479195608445],[93.11814901246703,25.761385192172952],[93.09835009498096,25.777500566597894],[93.09532394104713,25.769975123353333],[93.06897685649676,25.767344366249574],[93.06346248710418,25.77728567629299],[93.07554720084272,25.7834620276505],[93.05058030313853,25.79126299798901],[93.0276144257652,25.813421776993437],[92.98237791890591,25.87530213588491],[92.96449410142168,25.913984371981257],[92.95113751338562,25.97491582110831],[92.92087842829687,26.009372290398915],[92.96305372834695,26.019048587322516],[92.98684029374459,26.00612911206889],[93.00465036592169,26.020781865091067]]]}},{"id":"171","type":"Feature","properties":{"ST_NAME":"ASSAM","AC_NO":39,"AC_NAME":"Jaleswar","DIST_NAME":"GOALPARA","PC_NAME":"DHUBRI"},"geometry":{"type":"Polygon","coordinates":[[[90.21990655074677,26.166665214528052],[90.24710953088021,26.118448275267724],[90.27519467129713,26.105514867717034],[90.26765835974555,26.099729160272602],[90.25018489751506,26.10741422778443],[90.25014992827664,26.096503195865864],[90.25624296823844,26.085239907595735],[90.2840709484156,26.08139945711929],[90.28247399887601,26.05353407233963],[90.29731863124988,26.006343118340283],[90.33276206151999,25.98697935311469],[90.32654765085346,25.973870012091425],[90.2711426777924,25.960384056579016],[90.21291438658972,25.952700286788854],[90.20178478434036,25.960242721824216],[90.18522299904225,25.943553627597908],[90.17725965610828,25.958855664157625],[90.15784445955421,25.957339934190657],[90.15183461497554,25.96584282178884],[90.12001581048133,25.954682167747876],[90.11812381136485,25.967643373343037],[90.14014566229253,25.973875197582345],[90.14090877032356,25.981855064659555],[90.1753145682128,25.989062971678834],[90.18850300910663,26.014859943631564],[90.18954107675933,26.035606666514525],[90.16501377936248,26.045167001256175],[90.17835608616451,26.06437867043934],[90.155342470079,26.082876501849114],[90.1797896567673,26.101828728313194],[90.18390209730399,26.11461483140937],[90.16406937789952,26.11761513972698],[90.13868733874972,26.13680902211871],[90.15425741824532,26.148213765652827],[90.1400912955769,26.155489087651347],[90.21990655074677,26.166665214528052]]]}},{"id":"172","type":"Feature","properties":{"ST_NAME":"ASSAM","AC_NO":36,"AC_NAME":"Dudhnai","DIST_NAME":"GOALPARA","PC_NAME":"GAUHATI"},"geometry":{"type":"Polygon","coordinates":[[[90.93203226767508,26.097192384121286],[90.95987662810398,26.081889090309346],[90.98040580138667,26.058159535634104],[91.00999613711207,26.05432600094423],[91.02781065014148,26.041047733965797],[91.03592864139375,26.048836826958052],[91.04663200546275,26.040423492050593],[91.06430384734472,26.046180994057693],[91.09026611379016,26.030740534747906],[91.08553081989146,26.024058890305582],[91.0995666424866,26.00661278455243],[91.09037000707025,26.00162774892152],[91.0805679471531,25.97233884885884],[91.04771088075262,25.941625288676164],[91.05220597562533,25.93640845818385],[91.03058365121461,25.900093319551104],[91.0303298841169,25.885997464511433],[90.96896047234799,25.8856990802484],[90.96699180422843,25.914168788758673],[90.9471571602748,25.94842066048517],[90.9349141397758,25.940520531797176],[90.91719373270467,25.944270295537763],[90.9176433577548,25.914398406361443],[90.88359636867756,25.950828685195688],[90.88134724787727,25.943662820582745],[90.8764641504003,25.949774475611605],[90.87469584044072,25.943173405928007],[90.8444404057002,25.946084950260285],[90.83559031594041,25.93698661344149],[90.83642379682084,25.94836095629313],[90.8093105321554,25.952497520244435],[90.77774464220153,25.90942472017474],[90.75747585142943,25.910345652929607],[90.75993419860441,25.92221642964455],[90.74198335914474,25.912394518991903],[90.73829040917508,25.915911312457183],[90.75349478745454,25.929372642733313],[90.75241084898153,25.934584271546953],[90.74606498800887,25.92825096151273],[90.73971724475513,25.939019464376827],[90.74769150096205,25.956537442149283],[90.73961854416052,25.95691027858652],[90.72401158526651,25.946821066039433],[90.71765601251502,25.955097674318267],[90.68754731835412,25.948763896636592],[90.67260229376092,25.934770539129147],[90.62788523261747,25.917454078742765],[90.62380894662567,25.898029945625524],[90.61297169778567,25.899402271497706],[90.60681676468198,25.918736055124896],[90.62590160157771,25.936568658017222],[90.59790684662374,25.95778087718577],[90.61229161876327,25.99374204805713],[90.63122085855582,26.002268318028484],[90.65932757730593,26.032613288372602],[90.67527318580892,26.031447151864597],[90.70258707393435,26.05286509454851],[90.73229507066105,26.058712404653818],[90.76424211398245,26.044562467084234],[90.78907856592315,26.010156838267505],[90.80979667057994,26.004891042387726],[90.82845909231332,26.020684457721586],[90.82896123777095,26.05772982247339],[90.89167739149849,26.070934577069124],[90.89862059926128,26.092324308020466],[90.91710981786389,26.089557463706058],[90.93203226767508,26.097192384121286]]]}},{"id":"173","type":"Feature","properties":{"ST_NAME":"ASSAM","AC_NO":22,"AC_NAME":"Salmara South","DIST_NAME":"DHUBRI","PC_NAME":"DHUBRI"},"geometry":{"type":"Polygon","coordinates":[[[90.13131435397429,26.107907982567383],[90.17835608616451,26.06437867043934],[90.16501377936248,26.045167001256175],[90.18954107675933,26.035606666514525],[90.18850300910663,26.014859943631564],[90.1753145682128,25.989062971678834],[90.14090877032356,25.981855064659555],[90.14014566229253,25.973875197582345],[90.11812381136485,25.967643373343037],[90.11913789769591,25.958096234353775],[90.09228754263603,25.93847137615313],[90.08653412624898,25.919871495073494],[90.06006378511563,25.913756946026297],[90.04227468602801,25.888163917830582],[90.02452410400423,25.895911458547005],[90.00557459349278,25.87900241532924],[90.02352934050674,25.868737361040417],[90.01656066394355,25.852420653590343],[89.99703997241687,25.836267933918066],[89.97329181256714,25.826469722199988],[89.96392442377322,25.832140504380845],[89.96724342574356,25.821752468701504],[89.96155166058071,25.819352948879555],[89.95389244228244,25.82306719389595],[89.9587891150257,25.82842678366916],[89.94915607908985,25.826223859243782],[89.95918766667751,25.78327599928798],[89.91581757861843,25.770922302822044],[89.84030356585691,25.766480557531736],[89.82663443283286,25.809547120803018],[89.81683265080625,25.815350511616884],[89.83554635907728,25.840679307304242],[89.83295147862788,25.87100572013793],[89.87717344050196,25.926111177588837],[89.92688262393398,25.929220195955338],[89.98857167274457,25.966361677549457],[90.00305817169732,25.992458566209905],[90.02663828333016,26.08746400745804],[90.0669309039381,26.11980382518641],[90.07820623143249,26.110887987790477],[90.10239198160474,26.122608907774918],[90.13131435397429,26.107907982567383]]]}},{"id":"174","type":"Feature","properties":{"ST_NAME":"ASSAM","AC_NO":23,"AC_NAME":"Dhubri","DIST_NAME":"DHUBRI","PC_NAME":"DHUBRI"},"geometry":{"type":"Polygon","coordinates":[[[90.0127978042753,26.029996282802244],[89.98857167274457,25.966361677549457],[89.92688262393398,25.929220195955338],[89.87717344050196,25.926111177588837],[89.88740909685242,25.945172010679812],[89.84527826378093,25.939961426878426],[89.82551196110819,25.945383903544382],[89.83094349754441,25.954935752283177],[89.8497549873029,25.949049424191628],[89.84215824041053,25.97048506733205],[89.87339721690807,25.97563060586782],[89.84062377936397,26.005415376818235],[89.83236883575324,26.007678128642794],[89.836337243569,25.98239280888106],[89.81564838936174,25.996348483895474],[89.81820183264853,26.016779236272782],[89.85610970929571,26.027281143210246],[89.86136757225569,26.041433578197143],[89.91355110449996,26.038600618423857],[89.95802915821912,26.052573001942562],[89.98795765522169,26.02610028749831],[90.00265652188102,26.022288918398942],[90.0127978042753,26.029996282802244]]]}},{"id":"175","type":"Feature","properties":{"ST_NAME":"ASSAM","AC_NO":16,"AC_NAME":"Haflong","DIST_NAME":"NORTH CACHAR HILLS","PC_NAME":"AUTONOMOUS DISTRICT"},"geometry":{"type":"Polygon","coordinates":[[[93.05247687710624,25.77882248277143],[93.07554720084272,25.7834620276505],[93.06346248710418,25.77728567629299],[93.06897685649676,25.767344366249574],[93.09532394104713,25.769975123353333],[93.09835009498096,25.777500566597894],[93.11814901246703,25.761385192172952],[93.12933392122352,25.761479195608445],[93.12603952290573,25.74888978683424],[93.14847673291496,25.734332043589006],[93.13406753698729,25.706022275008024],[93.13601545235133,25.669746333326657],[93.14274713866956,25.66062051592411],[93.17023493139703,25.66132298177024],[93.17838761039997,25.639577766800528],[93.19185396249043,25.631849260235242],[93.17733761593826,25.613849500354206],[93.17750849162366,25.590691516100662],[93.21001342937632,25.54317764703086],[93.21429479406953,25.549828825140196],[93.25877662943793,25.548692485869594],[93.27091086074768,25.53099837857235],[93.29388896440423,25.544231113774913],[93.30175586673994,25.53013886771464],[93.32198782038165,25.533005814666637],[93.33031742840666,25.542289765260534],[93.35020320331523,25.53220186212627],[93.3673804387563,25.49954818999703],[93.39138102211655,25.482411721723622],[93.38444780851961,25.46946397538221],[93.39041298736953,25.460373667710655],[93.41571043628767,25.445115167331153],[93.4373278827756,25.448711459066658],[93.45793762542115,25.43143929658629],[93.4596987003348,25.403343763603857],[93.47363114765938,25.379239866126966],[93.44846472097015,25.340676312661742],[93.45663475598928,25.335297272351283],[93.45340459534583,25.321624812734967],[93.47056224355276,25.305074674556636],[93.42760696419009,25.283157812283264],[93.41602550567262,25.264223805184486],[93.40145271856818,25.260806644910758],[93.38098767414192,25.2399280508389],[93.38137823172008,25.2227600370461],[93.34573894979275,25.16985124114194],[93.34508157865201,25.123594378777625],[93.33224511082324,25.09347101487549],[93.31465785377696,25.084579592274395],[93.29965303505958,25.04615588788397],[93.29867333790429,25.05188398655679],[93.2838033005819,25.045233122310776],[93.26377810107857,25.049272472246855],[93.25384847772511,25.020750531112185],[93.24398607239937,25.018255859420435],[93.24427267464426,24.99820013872545],[93.24961524204986,25.004660569729538],[93.25972211728197,25.00178999850965],[93.25283253699206,24.998861942624615],[93.25022280423906,24.973644790574667],[93.23224489068923,24.97578158155477],[93.22707998885045,24.987280919378975],[93.20308128147605,24.981594134661634],[93.1796964045655,25.000563906898833],[93.06141450417607,25.002427284191867],[93.05018690190406,25.033781596043866],[93.03649075414506,25.03667533200104],[93.01420557812497,25.06176638920755],[93.04663086112538,25.09933549034065],[93.03045500009824,25.1055124658277],[92.97299808799141,25.085050825335372],[92.95951802843433,25.09036853997617],[92.95171416407749,25.06921788839486],[92.93011603682572,25.079090471348252],[92.89747575829966,25.07930426537962],[92.8352680983441,25.052746905845083],[92.82679155098936,25.058758799978705],[92.82854698445584,25.070469296820647],[92.81408205394371,25.08048926876478],[92.77803446541833,25.087985877046663],[92.76461667581901,25.102959036930088],[92.76696156542397,25.115228623402288],[92.75281649138805,25.13900494282393],[92.72963883176675,25.14315522143636],[92.73483333119333,25.12594894328913],[92.72227876035657,25.112532706819024],[92.66499844182471,25.109069712597204],[92.6422045903696,25.11757931723173],[92.62009747561808,25.10247100543262],[92.59840588452403,25.110563638501162],[92.53926558094184,25.098786603518988],[92.52123879283607,25.139026699222825],[92.55414431470842,25.127069144225686],[92.58893184782659,25.128523824614888],[92.62018436271825,25.114578628500965],[92.62806816601312,25.13785264868085],[92.65517906815955,25.154138181132225],[92.66285833234622,25.176250037109583],[92.69320179092995,25.179103506821434],[92.7428225431259,25.20669780715815],[92.77648494162679,25.199743279628706],[92.80292018761662,25.216575653843393],[92.77195314722002,25.230029078179484],[92.76213103242128,25.24639250091326],[92.77765833206644,25.258045487009667],[92.76859421175351,25.268148201977965],[92.79256105524854,25.282678238010305],[92.78126891223059,25.305075852668494],[92.78691273093784,25.314102694283974],[92.7818247076442,25.33312009821401],[92.76098348759791,25.333613284625415],[92.75018119450658,25.34377953579701],[92.74614793927606,25.358535651499153],[92.73223064193064,25.369089604002056],[92.73744376361884,25.37971000651163],[92.71798721443844,25.372725728509636],[92.67343844882544,25.414083503450968],[92.66106941082472,25.40692177482009],[92.65131508422382,25.421041024823467],[92.65411956066924,25.43333600904964],[92.63907315190448,25.417805369322366],[92.62568274846012,25.434925189346075],[92.62776607474461,25.42240525679722],[92.60602640319598,25.41355861863542],[92.59894214306553,25.467417645408034],[92.58401618589829,25.465470958517983],[92.58050137004227,25.47203538622415],[92.56539013904376,25.46398293126731],[92.57304715580165,25.49023882456214],[92.64293075694894,25.534895426982416],[92.64556561675988,25.556259843816804],[92.66149205081757,25.572495253453212],[92.68274165750154,25.576542351048715],[92.67986295101446,25.58493840098646],[92.6973922413589,25.59961795380559],[92.71312458643058,25.598951831362],[92.71964491588022,25.588589072927448],[92.74761963034172,25.59909835610432],[92.75347210615286,25.614333990321427],[92.76816157579617,25.618801610006358],[92.75882537998734,25.629126369386483],[92.78890033338376,25.657198632410996],[92.77674674146903,25.67754201205429],[92.81388775901291,25.702387048923242],[92.82033759690262,25.740389973118795],[92.92301279200683,25.772594977975928],[92.93287767856208,25.800314942380737],[92.92864612551836,25.80683768291277],[92.94381538077528,25.803081736333127],[92.96603105808691,25.817898958270348],[92.95724009155703,25.801985335055235],[92.96981101746456,25.791340408932797],[92.96741563632264,25.781968791526538],[92.98123352440768,25.790595506777265],[92.9835051651313,25.7803863777292],[92.98760962058759,25.799976117403958],[92.98096529980882,25.80893229299096],[92.98949201404525,25.822246964525846],[93.00605968720487,25.82654704141288],[92.99802729972015,25.809095753766087],[93.00309482566576,25.787280810760876],[93.0186259069601,25.801556050871113],[93.053217431939,25.785119854098014],[93.05247687710624,25.77882248277143]]]}},{"id":"176","type":"Feature","properties":{"ST_NAME":"ASSAM","AC_NO":21,"AC_NAME":"Mankachar","DIST_NAME":"DHUBRI","PC_NAME":"DHUBRI"},"geometry":{"type":"Polygon","coordinates":[[[89.95918766667751,25.78327599928798],[89.95149915656089,25.762960866450896],[89.9364927154665,25.755124574339675],[89.93701240849589,25.745209060449838],[89.92560762898893,25.7382568612652],[89.89736756955773,25.746295594366245],[89.89587930398676,25.73019923700525],[89.92366192056124,25.694193630631617],[89.94337430797799,25.681032487759126],[89.95046258538008,25.655895226083885],[89.97902975521907,25.638615985939055],[89.98321864982091,25.62650833589106],[90.00569861989544,25.623970459868872],[90.02829291178853,25.605246916611975],[90.01215134191096,25.599071152511726],[90.00301500244046,25.58483848091123],[89.98308821664796,25.59119930390483],[89.97455725221545,25.575166512424687],[89.88151620910583,25.552867558790865],[89.86734444499018,25.527433064884065],[89.88633098238898,25.507863706544867],[89.8729134347073,25.507367850046307],[89.87658476227699,25.49204642320393],[89.85328575533339,25.47715285601953],[89.86022478574534,25.517597406295295],[89.85149106106365,25.538732308049646],[89.86606064028638,25.54629201456487],[89.8828675762777,25.6183108508651],[89.87113381397438,25.662307241186284],[89.84667698025851,25.695449346809937],[89.85056611373523,25.71355383634051],[89.83511163759204,25.715891460322666],[89.82713249267044,25.74056836713646],[89.84030356585691,25.766480557531736],[89.91581757861843,25.770922302822044],[89.95918766667751,25.78327599928798]]]}},{"id":"177","type":"Feature","properties":{"ST_NAME":"ASSAM","AC_NO":15,"AC_NAME":"Katigora","DIST_NAME":"CACHAR","PC_NAME":"SILCHAR"},"geometry":{"type":"Polygon","coordinates":[[[92.75563931490251,25.13563733159765],[92.76696156542397,25.115228623402288],[92.76461667581901,25.102959036930088],[92.7848121070931,25.0860678164766],[92.79071146006589,25.030126069562527],[92.783608720666,25.019931464565502],[92.74845949910667,25.00947693031611],[92.68633373771189,25.036721228901627],[92.64149822955972,25.011627748022192],[92.64619414574327,24.971397150957785],[92.67211530237938,24.998114366784648],[92.68714273634828,24.9985652311006],[92.6776626867836,24.98493972868556],[92.68834086983532,24.96310737660417],[92.67784605944814,24.940460827804998],[92.6630277601231,24.932794033617824],[92.6573803908924,24.898778529805384],[92.6863477392568,24.870906540404576],[92.68359379481785,24.844828716472136],[92.66390805251467,24.838420768104015],[92.65754261420034,24.816964035861588],[92.64668337064109,24.814492678194597],[92.63732279421163,24.82448241043494],[92.62918842360693,24.854328551121796],[92.64677368865489,24.8498718977699],[92.64427753308172,24.855152094493633],[92.61217995673968,24.861030656039986],[92.59883770569564,24.878321694390706],[92.55562274259557,24.877213297056073],[92.52553856035632,24.861201655831792],[92.51514912802992,24.879589291512616],[92.49578991157523,24.8745157374114],[92.48123242823402,24.931655689758315],[92.48556570539307,24.94295554176489],[92.45189619145611,24.942886816473447],[92.44850297203459,24.953178486198226],[92.46274228782636,24.963142858456195],[92.4278530854516,24.97020359412062],[92.41674055503267,24.9808403957677],[92.42221557818647,25.030140690740325],[92.44389109569755,25.04051618447437],[92.46059369414371,25.035582203356057],[92.45720451717477,25.05311236784155],[92.47198676088038,25.069230910578085],[92.48170423416315,25.106483826267606],[92.53926558094184,25.098786603518988],[92.59840588452403,25.110563638501162],[92.62009747561808,25.10247100543262],[92.6422045903696,25.11757931723173],[92.66499844182471,25.109069712597204],[92.72227876035657,25.112532706819024],[92.73483333119333,25.12594894328913],[92.72963883176675,25.14315522143636],[92.75563931490251,25.13563733159765]]]}},{"id":"178","type":"Feature","properties":{"ST_NAME":"ASSAM","AC_NO":12,"AC_NAME":"Udharbond","DIST_NAME":"CACHAR","PC_NAME":"SILCHAR"},"geometry":{"type":"Polygon","coordinates":[[[92.97299808799141,25.085050825335372],[93.03045500009824,25.1055124658277],[93.04663086112538,25.09933549034065],[93.01420557812497,25.06176638920755],[93.03649075414506,25.03667533200104],[93.05018690190406,25.033781596043866],[93.06058784825063,25.01779158531349],[93.05443793516264,25.010554420650067],[93.0703325548036,25.00074421377451],[93.0690234045066,24.930003899560347],[93.11040573093982,24.91529754604494],[93.15289506255715,24.93683988924954],[93.16440721751911,24.933111726325137],[93.18600243366546,24.90210362468258],[93.18818353154478,24.885587975504734],[93.1624059112039,24.860761304590596],[93.14718711499341,24.85944341468189],[93.13510125911586,24.831513784133904],[93.11721779596456,24.832271969276007],[93.10143161837453,24.85270608691644],[93.05704694036405,24.822295431888733],[93.04413458953974,24.82260061952303],[93.03713181787913,24.832262983250132],[93.04657649171179,24.854076432481406],[93.03797948736349,24.884777612596793],[93.03482753176525,24.892263646650008],[93.02061672178434,24.89085172992344],[92.96743907085647,24.87117200678273],[92.92917137276072,24.822966167854418],[92.85005871653658,24.793860644952872],[92.82097344636753,24.79364675469401],[92.80868941228658,24.80926173913798],[92.81553774876812,24.83587613997196],[92.8312603200078,24.842638520151638],[92.8378093234416,24.86554285421937],[92.8871713334903,24.93271978918699],[92.89091224250603,24.948773031250425],[92.8707739658459,24.96593383158114],[92.86158927522496,25.064189674513898],[92.89747575829966,25.07930426537962],[92.93011603682572,25.079090471348252],[92.95171416407749,25.06921788839486],[92.95951802843433,25.09036853997617],[92.97299808799141,25.085050825335372]]]}},{"id":"179","type":"Feature","properties":{"ST_NAME":"ASSAM","AC_NO":14,"AC_NAME":"Barkhola","DIST_NAME":"CACHAR","PC_NAME":"SILCHAR"},"geometry":{"type":"Polygon","coordinates":[[[92.86158927522496,25.064189674513898],[92.8707739658459,24.96593383158114],[92.89091224250603,24.948773031250425],[92.8871713334903,24.93271978918699],[92.8378093234416,24.86554285421937],[92.8312603200078,24.842638520151638],[92.81553774876812,24.83587613997196],[92.80868941228658,24.80926173913798],[92.762124756952,24.84970284950697],[92.71921698967242,24.823547832266684],[92.65754261420034,24.816964035861588],[92.66390805251467,24.838420768104015],[92.68359379481785,24.844828716472136],[92.6863477392568,24.870906540404576],[92.6573803908924,24.898778529805384],[92.6630277601231,24.932794033617824],[92.67784605944814,24.940460827804998],[92.68834086983532,24.96310737660417],[92.6776626867836,24.98493972868556],[92.68714273634828,24.9985652311006],[92.67211530237938,24.998114366784648],[92.64619414574327,24.971397150957785],[92.64149822955972,25.011627748022192],[92.68633373771189,25.036721228901627],[92.74845949910667,25.00947693031611],[92.7719506992654,25.013715242664375],[92.79071146006589,25.030126069562527],[92.7848121070931,25.0860678164766],[92.81408205394371,25.08048926876478],[92.82854698445584,25.070469296820647],[92.82679155098936,25.058758799978705],[92.8352680983441,25.052746905845083],[92.86158927522496,25.064189674513898]]]}},{"id":"180","type":"Feature","properties":{"ST_NAME":"ASSAM","AC_NO":13,"AC_NAME":"Lakhipur","DIST_NAME":"CACHAR","PC_NAME":"SILCHAR"},"geometry":{"type":"Polygon","coordinates":[[[93.0703325548036,25.00074421377451],[93.1796964045655,25.000563906898833],[93.20308128147605,24.981594134661634],[93.22707998885045,24.987280919378975],[93.23224489068923,24.97578158155477],[93.25807265003283,24.97114420673978],[93.26177573895927,24.963077185463817],[93.25847994939022,24.95015325227081],[93.24505581057724,24.950613277980437],[93.25121293802675,24.940730556070378],[93.236563604227,24.93725515570094],[93.24483285785016,24.935373260467657],[93.23819653923897,24.925700855809907],[93.24580027296429,24.925245694533203],[93.24864433217027,24.914810297857002],[93.23494472292066,24.911651190849852],[93.24049962925454,24.903747314686882],[93.22588832778416,24.892240782286308],[93.23257370531229,24.885023594263487],[93.22129164819108,24.881451790168057],[93.22622675615992,24.87289154920569],[93.20411639125848,24.85132273085941],[93.19461331545222,24.853883550385603],[93.20135317211128,24.84196292424963],[93.19226779991908,24.84327194144697],[93.20045218631941,24.83830895269608],[93.19135051841175,24.834498231108512],[93.19691183151588,24.811661779667475],[93.19102422908497,24.804105764869178],[93.17987516550653,24.803326954675242],[93.17548251690471,24.79389797311302],[93.17031546118966,24.802062685944236],[93.14914756330944,24.78762199845653],[93.1383123307495,24.810309138156242],[93.11862627188498,24.8078619416753],[93.12142107792044,24.819270720467443],[93.10929876982243,24.811434671173174],[93.09817194557888,24.754380366660655],[93.09951892945509,24.74346680135187],[93.1075656368447,24.741653579249316],[93.0903280209215,24.725130491778827],[93.0862467904571,24.709625677882798],[93.07321229011518,24.70791585173521],[93.09015784670731,24.689504634930984],[93.08998748003825,24.676966356212404],[93.10278022552706,24.679945696836512],[93.09587271365484,24.66298940323844],[93.05351860859696,24.69119871215088],[93.02315500789734,24.696678008883055],[92.99606871569875,24.67732517941357],[92.95640075249281,24.616563150868785],[92.94442601594795,24.642547552327756],[92.9545786055183,24.700126845077875],[92.93750394225322,24.698972583218165],[92.93465835060243,24.709180116868936],[92.91245055764716,24.7165944227944],[92.9060615993634,24.757928535673443],[92.87312547895777,24.79532043708855],[92.85005871653658,24.793860644952872],[92.92917137276072,24.822966167854418],[92.96743907085647,24.87117200678273],[93.02061672178434,24.89085172992344],[93.03482753176525,24.892263646650008],[93.03797948736349,24.884777612596793],[93.04657649171179,24.854076432481406],[93.03713181787913,24.832262983250132],[93.04413458953974,24.82260061952303],[93.05704694036405,24.822295431888733],[93.10143161837453,24.85270608691644],[93.11721779596456,24.832271969276007],[93.13510125911586,24.831513784133904],[93.14718711499341,24.85944341468189],[93.1624059112039,24.860761304590596],[93.18818353154478,24.885587975504734],[93.18600243366546,24.90210362468258],[93.16440721751911,24.933111726325137],[93.15289506255715,24.93683988924954],[93.11040573093982,24.91529754604494],[93.0690234045066,24.930003899560347],[93.0703325548036,25.00074421377451]]]}},{"id":"181","type":"Feature","properties":{"ST_NAME":"ASSAM","AC_NO":3,"AC_NAME":"Karimganj North","DIST_NAME":"KARIMGANJ","PC_NAME":"KARIMGANJ"},"geometry":{"type":"Polygon","coordinates":[[[92.36070163187486,24.880388197957018],[92.35325362655368,24.86013535576211],[92.35613089952147,24.821799826301003],[92.3443141046123,24.803815397162907],[92.35613237890624,24.783809233609304],[92.33318539898704,24.783942419607058],[92.33567135714748,24.76022023217803],[92.31005582611556,24.735247795549355],[92.2646111028202,24.73227207109926],[92.26272655998281,24.774773952755766],[92.27997272935801,24.791891703439433],[92.2715225402331,24.80207138508638],[92.26864776198471,24.829338692826468],[92.24438639321755,24.833685549748395],[92.2459100282253,24.849949779059102],[92.23388467333905,24.861649643216538],[92.2503304595831,24.882109762055904],[92.24053542696845,24.90457160269733],[92.30454643716843,24.916876015415824],[92.31202339256555,24.901358253080957],[92.33999612402198,24.883562104207783],[92.35254238332436,24.890815526815175],[92.36070163187486,24.880388197957018]]]}},{"id":"182","type":"Feature","properties":{"ST_NAME":"ASSAM","AC_NO":8,"AC_NAME":"Algapur","DIST_NAME":"HAILAKANDI","PC_NAME":"KARIMGANJ"},"geometry":{"type":"Polygon","coordinates":[[[92.64668337064109,24.814492678194597],[92.68387519358538,24.814491696134894],[92.65592981500902,24.753564504398412],[92.65681060112837,24.700285667149842],[92.65043193018948,24.68926683979288],[92.65637745885272,24.673533229375096],[92.6651778214993,24.673283680997145],[92.66570921740652,24.627621534905984],[92.6892341907054,24.625589353066232],[92.6968308018001,24.61543554941113],[92.66780791490339,24.60961439338962],[92.6364923404492,24.64964301980956],[92.62981072478516,24.68925437159203],[92.60630738557745,24.69401718294671],[92.59267746659185,24.67885177858676],[92.57262355533288,24.67793872209438],[92.52543475790782,24.64765735180538],[92.5386960420887,24.62204112379885],[92.50861376371427,24.606003421121045],[92.50774839737068,24.62834034772891],[92.50219958034643,24.629095451793717],[92.50626216696548,24.663720844341526],[92.49515026697128,24.682008663369174],[92.52247348826091,24.72989316643651],[92.52468554080514,24.7520744437806],[92.54480829246876,24.765420847893893],[92.54457193264864,24.807537486965487],[92.58131240114648,24.84329940674229],[92.59148931468019,24.877663529148606],[92.59883770569564,24.878321694390706],[92.61217995673968,24.861030656039986],[92.64427753308172,24.855152094493633],[92.64677368865489,24.8498718977699],[92.62918842360693,24.854328551121796],[92.63732279421163,24.82448241043494],[92.64668337064109,24.814492678194597]]]}},{"id":"183","type":"Feature","properties":{"ST_NAME":"ASSAM","AC_NO":5,"AC_NAME":"Badarpur","DIST_NAME":"KARIMGANJ","PC_NAME":"KARIMGANJ"},"geometry":{"type":"Polygon","coordinates":[[[92.59148931468019,24.877663529148606],[92.58131240114648,24.84329940674229],[92.54457193264864,24.807537486965487],[92.54480829246876,24.765420847893893],[92.52468554080514,24.7520744437806],[92.52247348826091,24.72989316643651],[92.49515026697128,24.682008663369174],[92.48150728263505,24.68504326373568],[92.43516738946352,24.7280246818936],[92.38365061368495,24.760588608877242],[92.38195746546472,24.772500382986323],[92.41822032290963,24.80378357645094],[92.41468147177255,24.863430540087393],[92.43488397801326,24.86022030032666],[92.45422892672366,24.876418979852076],[92.49462912063746,24.86855274841065],[92.51514912802992,24.879589291512616],[92.52553856035632,24.861201655831792],[92.55562274259557,24.877213297056073],[92.59148931468019,24.877663529148606]]]}},{"id":"184","type":"Feature","properties":{"ST_NAME":"ASSAM","AC_NO":4,"AC_NAME":"Karimganj South","DIST_NAME":"KARIMGANJ","PC_NAME":"KARIMGANJ"},"geometry":{"type":"Polygon","coordinates":[[[92.36070163187486,24.880388197957018],[92.39293140496045,24.855697464066736],[92.41468147177255,24.863430540087393],[92.41822032290963,24.80378357645094],[92.38195746546472,24.772500382986323],[92.38365061368495,24.760588608877242],[92.43516738946352,24.7280246818936],[92.44647689928951,24.71251461865478],[92.42413285095034,24.6900150541515],[92.41159316029615,24.619506327954696],[92.424388826783,24.607526765647776],[92.43412568765041,24.624788335913024],[92.4422525992781,24.61595575685277],[92.44471994866677,24.592133195190854],[92.43100261377964,24.548066504865346],[92.41573298698779,24.55481408040555],[92.39440016873289,24.532210451750984],[92.36773192458872,24.600658453424955],[92.35751240927033,24.607848365010113],[92.29956951522104,24.61655752740802],[92.28786525068085,24.610301754222633],[92.27168920169538,24.617124535568905],[92.2788063878046,24.666322426538784],[92.2646111028202,24.73227207109926],[92.31005582611556,24.735247795549355],[92.33567135714748,24.76022023217803],[92.33318539898704,24.783942419607058],[92.35613237890624,24.783809233609304],[92.3443141046123,24.803815397162907],[92.35613089952147,24.821799826301003],[92.35325362655368,24.86013535576211],[92.36070163187486,24.880388197957018]]]}},{"id":"185","type":"Feature","properties":{"ST_NAME":"ASSAM","AC_NO":9,"AC_NAME":"Silchar","DIST_NAME":"CACHAR","PC_NAME":"SILCHAR"},"geometry":{"type":"Polygon","coordinates":[[[92.762124756952,24.84970284950697],[92.82097344636753,24.79364675469401],[92.85005871653658,24.793860644952872],[92.80819169419141,24.77758937574913],[92.75010362168484,24.736675349687687],[92.75324670097456,24.767959551292336],[92.73564876268028,24.763181173572377],[92.7302279722432,24.81443489675314],[92.71921698967242,24.823547832266684],[92.762124756952,24.84970284950697]]]}},{"id":"186","type":"Feature","properties":{"ST_NAME":"ASSAM","AC_NO":8,"AC_NAME":"Algapur","DIST_NAME":"CACHAR","PC_NAME":"KARIMGANJ"},"geometry":{"type":"Polygon","coordinates":[[[92.71921698967242,24.823547832266684],[92.7302279722432,24.81443489675314],[92.73564876268028,24.763181173572377],[92.75324670097456,24.767959551292336],[92.75010362168484,24.736675349687687],[92.69611155640325,24.638014851404307],[92.66557562311658,24.632584383362655],[92.6651778214993,24.673283680997145],[92.65637745885272,24.673533229375096],[92.65043193018948,24.68926683979288],[92.65681060112837,24.700285667149842],[92.65592981500902,24.753564504398412],[92.67082417269745,24.795885349829064],[92.68293094950377,24.806824827304013],[92.67851881439185,24.815947871197352],[92.71921698967242,24.823547832266684]]]}},{"id":"187","type":"Feature","properties":{"ST_NAME":"ASSAM","AC_NO":10,"AC_NAME":"Sonai","DIST_NAME":"CACHAR","PC_NAME":"SILCHAR"},"geometry":{"type":"Polygon","coordinates":[[[92.80819169419141,24.77758937574913],[92.87312547895777,24.79532043708855],[92.9060615993634,24.757928535673443],[92.91245055764716,24.7165944227944],[92.93465835060243,24.709180116868936],[92.93750394225322,24.698972583218165],[92.9545786055183,24.700126845077875],[92.94442601594795,24.642547552327756],[92.92276605221161,24.637724438731937],[92.90725019733878,24.605613844703214],[92.87194839140523,24.63867399510883],[92.84191978906705,24.619564149865653],[92.83595853845583,24.647369940170677],[92.84166491850124,24.663152746202343],[92.82764047233002,24.680664206587892],[92.81107710062776,24.68492658929074],[92.7737900844449,24.662832364522046],[92.72534561400892,24.68427465185374],[92.75010362168484,24.736675349687687],[92.80819169419141,24.77758937574913]]]}},{"id":"188","type":"Feature","properties":{"ST_NAME":"ASSAM","AC_NO":11,"AC_NAME":"Dholai","DIST_NAME":"CACHAR","PC_NAME":"SILCHAR"},"geometry":{"type":"Polygon","coordinates":[[[93.09587271365484,24.66298940323844],[93.09503229360553,24.65299513751563],[93.08269369945475,24.649594737007533],[93.08652192544656,24.62925991801086],[93.07544720072781,24.625636384911274],[93.08381403079295,24.613385653625073],[93.07081999724511,24.60089117278943],[93.10267609212804,24.58113015902967],[93.09234574885727,24.581176188130655],[93.08775401553544,24.57249358631003],[93.05814929695254,24.57457265610327],[93.07040078187066,24.557967733923817],[93.06428029819727,24.546804095932316],[93.05682053603897,24.554602171353167],[93.04901748017261,24.543198856841798],[93.04977913130193,24.519339914905174],[93.03822694301908,24.512615570652088],[93.0426022508932,24.505116087237695],[93.0324943918028,24.495413085845314],[93.04625800939965,24.474080737036445],[93.04553580613259,24.463611097773992],[93.0356997761238,24.460072032598305],[93.03291978372113,24.42917805672198],[93.04216163255336,24.41447335795914],[93.02418730999642,24.406748659123366],[93.01381465722073,24.417065645663058],[92.9963257050673,24.39915324322766],[92.97384565315446,24.408069068932434],[92.95958208624432,24.391744009478487],[92.95059427250771,24.402793420080343],[92.93063937121008,24.393084685509905],[92.90949825154314,24.412864392577717],[92.90327776505688,24.39166408582895],[92.8831168308771,24.40184685934514],[92.86054205517178,24.398603954408998],[92.84295049127223,24.37821500971495],[92.82918010357895,24.37389092272798],[92.82288395173305,24.386815498036867],[92.82966601087776,24.400708604518513],[92.79912140632791,24.41954412685999],[92.80108404988903,24.4298640424916],[92.76349715027334,24.521179818993517],[92.75715299081793,24.522166460713663],[92.78037090049673,24.568637162974767],[92.76311138518236,24.567500918132907],[92.7525108253144,24.58393073331672],[92.73174848390545,24.588843682889717],[92.71833157294378,24.56175318006524],[92.71193613864193,24.56890707470177],[92.70168064954242,24.564478124066227],[92.70140822421024,24.57157687946949],[92.66811003495019,24.59068142860508],[92.66780791490339,24.60961439338962],[92.6968308018001,24.61543554941113],[92.6892341907054,24.625589353066232],[92.66557562311658,24.632584383362655],[92.69611155640325,24.638014851404307],[92.72534561400892,24.68427465185374],[92.7737900844449,24.662832364522046],[92.81107710062776,24.68492658929074],[92.82764047233002,24.680664206587892],[92.84166491850124,24.663152746202343],[92.83595853845583,24.647369940170677],[92.84191978906705,24.619564149865653],[92.87194839140523,24.63867399510883],[92.90725019733878,24.605613844703214],[92.92276605221161,24.637724438731937],[92.94442601594795,24.642547552327756],[92.95640075249281,24.616563150868785],[92.9649594664063,24.621242399017547],[92.97171523656897,24.64695020588732],[93.02315500789734,24.696678008883055],[93.05351860859696,24.69119871215088],[93.09587271365484,24.66298940323844]]]}},{"id":"189","type":"Feature","properties":{"ST_NAME":"ASSAM","AC_NO":1,"AC_NAME":"Ratabari","DIST_NAME":"KARIMGANJ","PC_NAME":"KARIMGANJ"},"geometry":{"type":"Polygon","coordinates":[[[92.49515026697128,24.682008663369174],[92.50626216696548,24.663720844341526],[92.50456704293475,24.589012837272662],[92.51668696782934,24.576189147011576],[92.50518887736484,24.53471292775947],[92.50889201395535,24.454684181629716],[92.49124394205433,24.36936907122572],[92.46393803900935,24.300940067729982],[92.43267461713992,24.255597955281473],[92.3461885804387,24.253423303742522],[92.36365570784471,24.307394779045865],[92.37287217421152,24.441636492730026],[92.39440016873289,24.532210451750984],[92.41573298698779,24.55481408040555],[92.43100261377964,24.548066504865346],[92.44471994866677,24.592133195190854],[92.4422525992781,24.61595575685277],[92.43412568765041,24.624788335913024],[92.424388826783,24.607526765647776],[92.41159316029615,24.619506327954696],[92.42413285095034,24.6900150541515],[92.44647689928951,24.71251461865478],[92.49515026697128,24.682008663369174]]]}},{"id":"190","type":"Feature","properties":{"ST_NAME":"ASSAM","AC_NO":2,"AC_NAME":"Patharkandi","DIST_NAME":"KARIMGANJ","PC_NAME":"KARIMGANJ"},"geometry":{"type":"Polygon","coordinates":[[[92.39440016873289,24.532210451750984],[92.37287217421152,24.441636492730026],[92.36365570784471,24.307394779045865],[92.3461885804387,24.253423303742522],[92.20972325702274,24.248312504218745],[92.27400850468882,24.38810460154616],[92.25646713015396,24.418862680868074],[92.25955378058256,24.43937943900994],[92.23622575521449,24.446174479868375],[92.22812447966106,24.459296572378946],[92.22734854909635,24.478946618791497],[92.2364829181522,24.48881615933834],[92.23031754032229,24.502369903048645],[92.23029623538304,24.581661131356157],[92.21844235513066,24.605923778059946],[92.23695512248099,24.644635824883437],[92.2243185694465,24.66708554356302],[92.23061268163002,24.697452257715554],[92.2543143420333,24.70194927084225],[92.26370529126626,24.71885072917786],[92.2788063878046,24.666322426538784],[92.27168920169538,24.617124535568905],[92.28786525068085,24.610301754222633],[92.29956951522104,24.61655752740802],[92.35751240927033,24.607848365010113],[92.36773192458872,24.600658453424955],[92.39440016873289,24.532210451750984]]]}},{"id":"191","type":"Feature","properties":{"ST_NAME":"ASSAM","AC_NO":6,"AC_NAME":"Hailakandi","DIST_NAME":"HAILAKANDI","PC_NAME":"KARIMGANJ"},"geometry":{"type":"Polygon","coordinates":[[[92.66780791490339,24.60961439338962],[92.67344557505328,24.585710720073735],[92.65079202503199,24.51337099847285],[92.60699721594881,24.533476329369137],[92.56368281481014,24.538231621492173],[92.52707828873207,24.532412283000497],[92.5183637384958,24.54404878902045],[92.50983139360397,24.54311122510302],[92.51668696782934,24.576189147011576],[92.50456704293475,24.589012837272662],[92.50282102896739,24.604626436760725],[92.5386960420887,24.62204112379885],[92.52543475790782,24.64765735180538],[92.57262355533288,24.67793872209438],[92.59267746659185,24.67885177858676],[92.60124272217394,24.69356746616569],[92.62981072478516,24.68925437159203],[92.6364923404492,24.64964301980956],[92.66780791490339,24.60961439338962]]]}},{"id":"192","type":"Feature","properties":{"ST_NAME":"ASSAM","AC_NO":7,"AC_NAME":"Katlicherra","DIST_NAME":"HAILAKANDI","PC_NAME":"KARIMGANJ"},"geometry":{"type":"Polygon","coordinates":[[[92.73174848390545,24.588843682889717],[92.7525108253144,24.58393073331672],[92.76311138518236,24.567500918132907],[92.78037090049673,24.568637162974767],[92.70297261109721,24.375098056630065],[92.69246371372947,24.368701714912277],[92.68459356214322,24.34671189693654],[92.66052506737799,24.348413146249754],[92.64906909935951,24.328829327711333],[92.63811351142948,24.32847415575776],[92.63517637778767,24.336962719853716],[92.62185930416359,24.33150213891264],[92.61199130145746,24.253695734470625],[92.55079744364718,24.24727106950428],[92.53408005045401,24.18037156279746],[92.52370777359494,24.171640393989037],[92.51558922566227,24.179120358517764],[92.50157335902338,24.160785632650857],[92.48386941044498,24.163200250291368],[92.48050250158923,24.1443936582408],[92.46538819131206,24.136128604451585],[92.44928504227096,24.143736889645766],[92.43656045999728,24.15270603525539],[92.43570716975012,24.17919851859682],[92.41885251123449,24.192821037960584],[92.42273729019382,24.25493935386811],[92.43267461713992,24.255597955281473],[92.46393803900935,24.300940067729982],[92.49124394205433,24.36936907122572],[92.50889201395535,24.454684181629716],[92.50983139360397,24.54311122510302],[92.5183637384958,24.54404878902045],[92.52707828873207,24.532412283000497],[92.56368281481014,24.538231621492173],[92.60699721594881,24.533476329369137],[92.65079202503199,24.51337099847285],[92.67344557505328,24.585710720073735],[92.70140822421024,24.57157687946949],[92.70168064954242,24.564478124066227],[92.71193613864193,24.56890707470177],[92.71833157294378,24.56175318006524],[92.73174848390545,24.588843682889717]]]}}]}