{"type":"FeatureCollection","features":[{"id":"300","type":"Feature","properties":{"ST_NAME":"KERALA","AC_NO":1,"AC_NAME":"Ma njeshwar","DIST_NAME":"KASARAGOD","PC_NAME":"KASARAGOD"},"geometry":{"type":"Polygon","coordinates":[[[74.99851166108436,12.786196669840479],[75.00555219078103,12.790787082957536],[75.00988313240072,12.767815793464138],[74.9838816986815,12.73652696304896],[74.99223623411496,12.739781058249264],[75.01314928571105,12.727709067219735],[75.00084691805091,12.716396812662822],[75.05229290549323,12.720043922389152],[75.05502819259709,12.692283232185446],[75.04373265463835,12.692649159131463],[75.0402845567869,12.685145721397987],[75.04652060783985,12.667648948740066],[75.05761961425384,12.665691979001679],[75.0593438313528,12.671946169380249],[75.06872909237376,12.664668590982728],[75.08590617043347,12.675551711542312],[75.08076937510663,12.698985981917588],[75.08582410100149,12.704022213254575],[75.10633683737518,12.696362896930225],[75.11111628259044,12.681790668304757],[75.13247798437152,12.67609023637533],[75.15153095738782,12.683024215295347],[75.14962059231652,12.673507671242078],[75.16183602251448,12.672026160478993],[75.15057189337824,12.649866734861973],[75.13796451614957,12.64318757344779],[75.1556849124288,12.61991054413636],[75.15400187348774,12.606049542552398],[75.13283716370421,12.603473911192111],[75.12734243820302,12.616095841250115],[75.11106231517374,12.615169289531138],[75.10518634367486,12.628984867257884],[75.08207304853244,12.629614104907091],[75.05955622244176,12.618515236988628],[75.05333817671556,12.626392771109522],[75.04138808878935,12.609827941606284],[75.02787679218028,12.613998455864078],[75.01363674973629,12.603996804009341],[74.98439299653961,12.561626315102387],[74.9755563048796,12.570825075616767],[74.95988482592401,12.566311110269567],[74.95463874768012,12.549321662264958],[74.9385192885344,12.59140630076024],[74.94199478603059,12.586549037208329],[74.94026577014921,12.595363106422269],[74.9540902268825,12.605219204802495],[74.94182623239476,12.607525624108291],[74.93952841960095,12.595653868031661],[74.93205051272105,12.614621618592878],[74.94997810740381,12.636347788619616],[74.94239370460582,12.637407544322741],[74.92811325742093,12.611812737268053],[74.88803749303594,12.707711795263208],[74.89691283665815,12.69719310068109],[74.90641800608614,12.695315618421091],[74.89146155830434,12.712375520214152],[74.89832671120882,12.714293012412668],[74.88674104296484,12.712577285813154],[74.88701567073667,12.708899770907749],[74.88472577647349,12.710367882671676],[74.86765619707592,12.75143516669965],[74.8696697728418,12.760838194726944],[74.88252074493647,12.75430503285105],[74.93313323620993,12.78080053341796],[74.9583968328476,12.784924403438538],[74.96856650593958,12.776617288357215],[74.98751752911073,12.783216700590287],[74.98924048536014,12.795718797784332],[74.99851166108436,12.786196669840479]]]}},{"id":"301","type":"Feature","properties":{"ST_NAME":"KERALA","AC_NO":2,"AC_NAME":"Kasaragod","DIST_NAME":"KASARAGOD","PC_NAME":"KASARAGOD"},"geometry":{"type":"Polygon","coordinates":[[[75.14543987345144,12.634459645796085],[75.16070414298184,12.622162530176695],[75.1822263458692,12.632744053195552],[75.20156631053686,12.630177836837731],[75.19915257692992,12.610998226686888],[75.20960597443622,12.599936634767914],[75.20087910528656,12.587371838639513],[75.20941969156559,12.590755394845644],[75.22378574071939,12.570449214759492],[75.21764761594477,12.558476371287554],[75.20470057916845,12.546983148853258],[75.19088033036303,12.549503190419955],[75.18646386681405,12.538288108509448],[75.18117634870958,12.552768975907554],[75.16843911297474,12.550761343761053],[75.17127804424638,12.541205131511674],[75.16212007787936,12.543399108582037],[75.15957395147672,12.527344995974829],[75.13997043238959,12.530058875616646],[75.14235994995181,12.522886624018554],[75.14786122971202,12.527350980063716],[75.14546460390841,12.520891112934578],[75.11403097724786,12.538196840811622],[75.088536150523,12.531011714519082],[75.08061985921921,12.515690647405506],[75.06523719484073,12.522481243814411],[75.06167736971491,12.515962443212231],[75.07290744692119,12.503254589227936],[75.06321852981137,12.493707409769172],[75.03520897741242,12.493317789284617],[75.02520135226064,12.507326515306488],[75.00267473884816,12.505094163265085],[74.99751667815224,12.49356859761275],[75.00289175335178,12.475197674932815],[74.99190720815119,12.466904288002524],[74.95531263217231,12.559022446828521],[74.9755563048796,12.570825075616767],[74.98439299653961,12.561626315102387],[75.01363674973629,12.603996804009341],[75.02787679218028,12.613998455864078],[75.04138808878935,12.609827941606284],[75.05333817671556,12.626392771109522],[75.05955622244176,12.618515236988628],[75.08207304853244,12.629614104907091],[75.10518634367486,12.628984867257884],[75.11106231517374,12.615169289531138],[75.12734243820302,12.616095841250115],[75.13283716370421,12.603473911192111],[75.15400187348774,12.606049542552398],[75.1556849124288,12.61991054413636],[75.14543987345144,12.634459645796085]]]}},{"id":"302","type":"Feature","properties":{"ST_NAME":"KERALA","AC_NO":3,"AC_NAME":"Udma","DIST_NAME":"KASARAGOD","PC_NAME":"KASARAGOD"},"geometry":{"type":"Polygon","coordinates":[[[75.2298799381087,12.568587261992604],[75.2609833445058,12.597637119557476],[75.26715883521211,12.614492328458255],[75.27893406795295,12.616589886514078],[75.29161874640806,12.60166042738689],[75.30208058585043,12.604903194726717],[75.31218295098245,12.58916842328415],[75.32753188718692,12.59159384717833],[75.31564920794466,12.572280289303933],[75.29049843395563,12.582481885630557],[75.28588420319346,12.570290057240413],[75.27281299432428,12.568604233998258],[75.27395169431531,12.53467842227144],[75.27943243445935,12.5257687874996],[75.30340822710804,12.523708881359823],[75.30388930774541,12.504899880924825],[75.31459454150496,12.498480798050423],[75.30342352367671,12.49406735982086],[75.2921588900208,12.469803440576356],[75.27908052794407,12.47203759306052],[75.27178303675782,12.458860514201433],[75.25806120436113,12.46646948467901],[75.25442862947773,12.45881339512215],[75.24638192838336,12.460362837075309],[75.24691424249835,12.468252002128224],[75.23511669757761,12.46212183995101],[75.22645037618395,12.470227980836682],[75.21969840925425,12.435453327808887],[75.19599046079117,12.4264870672244],[75.18250801263474,12.435516685047048],[75.17041551076727,12.427987624729155],[75.16224384977392,12.407604066974159],[75.1702834812977,12.399772190534236],[75.16824750431891,12.387362317017391],[75.1549302265488,12.393438465013219],[75.13517394771958,12.383862331881176],[75.13082878242244,12.359036726663646],[75.1154485426162,12.34849026551342],[75.07788366200145,12.34921296790418],[75.09308519842324,12.366815044878479],[75.08561693857092,12.390741375713958],[75.0589875550317,12.378416954878617],[75.05185766240123,12.364976179507153],[74.99190720815119,12.466904288002524],[75.00289175335178,12.475197674932815],[74.99751667815224,12.49356859761275],[75.00267473884816,12.505094163265085],[75.02520135226064,12.507326515306488],[75.03520897741242,12.493317789284617],[75.06321852981137,12.493707409769172],[75.07290744692119,12.503254589227936],[75.06167736971491,12.515962443212231],[75.06523719484073,12.522481243814411],[75.08061985921921,12.515690647405506],[75.088536150523,12.531011714519082],[75.11403097724786,12.538196840811622],[75.14546460390841,12.520891112934578],[75.14786122971202,12.527350980063716],[75.14235994995181,12.522886624018554],[75.13997043238959,12.530058875616646],[75.15957395147672,12.527344995974829],[75.16212007787936,12.543399108582037],[75.1657847261842,12.545201102648832],[75.16458521133848,12.54038696788433],[75.17127804424638,12.541205131511674],[75.16843911297474,12.550761343761053],[75.18117634870958,12.552768975907554],[75.18646386681405,12.538288108509448],[75.19088033036303,12.549503190419955],[75.20470057916845,12.546983148853258],[75.21764761594477,12.558476371287554],[75.21738473871477,12.568134375101351],[75.2298799381087,12.568587261992604]]]}},{"id":"303","type":"Feature","properties":{"ST_NAME":"KERALA","AC_NO":4,"AC_NAME":"Kanhangad","DIST_NAME":"KASARAGOD","PC_NAME":"KASARAGOD"},"geometry":{"type":"Polygon","coordinates":[[[75.33680354224975,12.464292588432272],[75.37169589764761,12.47557969434746],[75.36773592187535,12.491188216263197],[75.38254627389148,12.50174685243536],[75.41622214243796,12.500951151174718],[75.42381319482314,12.467259694679228],[75.39349668082724,12.451538957157197],[75.38658729656652,12.458816589514072],[75.36558428128961,12.457244615046989],[75.37267101815303,12.400638576709014],[75.42206244772382,12.372325647910372],[75.410497430612,12.346745783990798],[75.38998189464877,12.346084968446576],[75.37057619403618,12.368332830695635],[75.35975972403207,12.359186838801634],[75.34586971931213,12.369337488534313],[75.29608291629359,12.362834378403875],[75.29459919319828,12.352386651123084],[75.28249910105274,12.347253444990542],[75.29180050928613,12.337586617928139],[75.2890012956733,12.327696508986776],[75.2536548986547,12.27103079253709],[75.22548162018069,12.267956800965635],[75.22209001594155,12.281095254842171],[75.17758169643821,12.27146944226098],[75.16356053099378,12.28127684145312],[75.14031519199256,12.27851627350725],[75.13447463039995,12.26589442618689],[75.11986367067192,12.270143206643695],[75.11889256024352,12.254850855782422],[75.10395583909076,12.242367447399829],[75.05185766240123,12.364976179507153],[75.0589875550317,12.378416954878617],[75.08561693857092,12.390741375713958],[75.09308519842324,12.366815044878479],[75.07788366200145,12.34921296790418],[75.1154485426162,12.34849026551342],[75.13082878242244,12.359036726663646],[75.13517394771958,12.383862331881176],[75.1549302265488,12.393438465013219],[75.16824750431891,12.387362317017391],[75.1702834812977,12.399772190534236],[75.16224384977392,12.407604066974159],[75.17041551076727,12.427987624729155],[75.18250801263474,12.435516685047048],[75.19599046079117,12.4264870672244],[75.21969840925425,12.435453327808887],[75.22645037618395,12.470227980836682],[75.23511669757761,12.46212183995101],[75.24691424249835,12.468252002128224],[75.24638192838336,12.460362837075309],[75.25442862947773,12.45881339512215],[75.25806120436113,12.46646948467901],[75.27178303675782,12.458860514201433],[75.27908052794407,12.47203759306052],[75.2921588900208,12.469803440576356],[75.30342352367671,12.49406735982086],[75.33251255481059,12.499304605822942],[75.34172869652218,12.470062098187327],[75.33680354224975,12.464292588432272]]]}},{"id":"304","type":"Feature","properties":{"ST_NAME":"KERALA","AC_NO":5,"AC_NAME":"Trikaripur","DIST_NAME":"KASARAGOD","PC_NAME":"KASARAGOD"},"geometry":{"type":"Polygon","coordinates":[[[75.410497430612,12.346745783990798],[75.42030341786852,12.319203422200246],[75.43219107665692,12.309760832996119],[75.41444147759216,12.292765431479552],[75.39035367887925,12.296904034193858],[75.38213559218389,12.285559704416869],[75.37071351241872,12.286063249219637],[75.34488125196827,12.267651151979123],[75.31992550046152,12.27444789705288],[75.29817354327446,12.26950721508598],[75.28717063931362,12.260147126089066],[75.28807603088416,12.233457818023908],[75.25194513995632,12.219655429754312],[75.23140119081233,12.222022815000969],[75.20397211931788,12.19158645734916],[75.17273261222033,12.189971442228341],[75.1966075189219,12.140571560828903],[75.18831901980695,12.130207427330959],[75.1902833927644,12.09739879571788],[75.1760859952725,12.10127193295341],[75.16474953006684,12.091357586383538],[75.1269159679976,12.202448004072153],[75.11824682902801,12.206126218650127],[75.10395583909076,12.242367447399829],[75.11889256024352,12.254850855782422],[75.11986367067192,12.270143206643695],[75.12928235139947,12.26408743368819],[75.14031519199256,12.27851627350725],[75.16356053099378,12.28127684145312],[75.17758169643821,12.27146944226098],[75.20530895164688,12.281994210864184],[75.21438449155107,12.275861054843858],[75.22209001594155,12.281095254842171],[75.22548162018069,12.267956800965635],[75.2536548986547,12.27103079253709],[75.2890012956733,12.327696508986776],[75.29180050928613,12.337586617928139],[75.28249910105274,12.347253444990542],[75.29459919319828,12.352386651123084],[75.29608291629359,12.362834378403875],[75.34586971931213,12.369337488534313],[75.35975972403207,12.359186838801634],[75.37057619403618,12.368332830695635],[75.38998189464877,12.346084968446576],[75.410497430612,12.346745783990798]]]}},{"id":"305","type":"Feature","properties":{"ST_NAME":"KERALA","AC_NO":6,"AC_NAME":"Payyannur","DIST_NAME":"KANNUR","PC_NAME":"KASARAGOD"},"geometry":{"type":"Polygon","coordinates":[[[75.41444147759216,12.292765431479552],[75.43103451882803,12.299025474645987],[75.46073575984752,12.294475275613536],[75.4701773490055,12.301376054261539],[75.4931195202497,12.274187010022558],[75.47578139519527,12.278872236864288],[75.45592787267321,12.268506752584585],[75.44785862467586,12.246196649156104],[75.42428939214182,12.237652356770923],[75.41607161661187,12.223928580939287],[75.41324110389388,12.236402800948554],[75.39726849594439,12.244343944117759],[75.38484619199824,12.249764339752517],[75.37107758766058,12.243914186890265],[75.37454038403155,12.188434533227166],[75.38249993542371,12.175288373060027],[75.39570477095845,12.178661500727742],[75.3875251680521,12.163742504313177],[75.39407230809059,12.150441239871384],[75.37079320314388,12.154379141784034],[75.367819023729,12.143313555076531],[75.35707220621742,12.141329051694413],[75.33457680467586,12.152014929345569],[75.31884282733466,12.149034579682166],[75.3079918017803,12.128147942973214],[75.28297999013449,12.119805371220934],[75.27357667342477,12.104160329635533],[75.2605584661004,12.1129126927666],[75.24529003990347,12.108012022536855],[75.22537532121419,12.113178129467144],[75.21876527000126,12.105153651519856],[75.22440798973702,12.076992390686314],[75.219546006543,12.069640244102061],[75.2313392616976,12.031688957179654],[75.22124136799482,12.012612023526117],[75.20124565546269,12.00635408117597],[75.16474953006684,12.091357586383538],[75.1760859952725,12.10127193295341],[75.1902833927644,12.09739879571788],[75.18831901980695,12.130207427330959],[75.1966075189219,12.140571560828903],[75.17273261222033,12.189971442228341],[75.20397211931788,12.19158645734916],[75.23140119081233,12.222022815000969],[75.25194513995632,12.219655429754312],[75.28807603088416,12.233457818023908],[75.28717063931362,12.260147126089066],[75.29817354327446,12.26950721508598],[75.31992550046152,12.27444789705288],[75.34488125196827,12.267651151979123],[75.37071351241872,12.286063249219637],[75.38213559218389,12.285559704416869],[75.39035367887925,12.296904034193858],[75.41444147759216,12.292765431479552]]]}},{"id":"306","type":"Feature","properties":{"ST_NAME":"KERALA","AC_NO":9,"AC_NAME":"Irikkur","DIST_NAME":"KANNUR","PC_NAME":"KANNUR"},"geometry":{"type":"Polygon","coordinates":[[[75.47578139519527,12.278872236864288],[75.50564447641153,12.270714792353829],[75.52691227368257,12.225444456596449],[75.539421453937,12.216752582765537],[75.53192628816771,12.201367593639588],[75.55184547648759,12.193496153324872],[75.57695666411882,12.157807563368408],[75.59225471398395,12.147633136460115],[75.5958511208326,12.154418621122488],[75.61841046327231,12.156780288479581],[75.63577634859968,12.149163457927273],[75.64854378626677,12.109164188976195],[75.67656019329831,12.098762001565149],[75.68978908749642,12.111253989480076],[75.70288047535371,12.10830857218292],[75.70196261198504,12.09246338647614],[75.71751159158674,12.085748369092016],[75.71480681937925,12.07050376323815],[75.67847292808324,12.042705389642094],[75.68206525290913,12.035589619065718],[75.66919799229356,12.016562274929072],[75.64831711933965,12.029456200443349],[75.6260029365863,12.02158541843238],[75.61630729704416,12.027909954680695],[75.61781281071268,12.03552947420593],[75.5819587868686,12.040973610144022],[75.56423296318076,12.0169777473252],[75.55456375651221,12.014831234673807],[75.56394123839749,11.983708981184577],[75.55051858436525,11.96732682647189],[75.54306948996503,11.974421793031354],[75.54663694943571,11.994464357544132],[75.53112222231277,11.984884927497433],[75.51303546111768,11.991954512490793],[75.5157882957933,12.002575158716638],[75.53029548005242,12.003728103069534],[75.53325196350738,12.012476470512752],[75.50061582635936,12.023980192531894],[75.49915575003791,12.039305910939106],[75.49077647605361,12.041170147984019],[75.4698471197488,12.019596684639339],[75.46812599002249,12.002973809293906],[75.44455352982158,12.021016638607023],[75.43340554542965,12.017899534436026],[75.4290594088647,12.037598640664783],[75.43571956400672,12.051840563591213],[75.42277416309719,12.05733634939304],[75.43164003326098,12.063069820615794],[75.43509762165797,12.113009465214702],[75.45535042338338,12.139644606213665],[75.43780747053842,12.15190833899868],[75.43368425432493,12.145616427456218],[75.41661848715353,12.155973253962543],[75.39477584682794,12.15300368357316],[75.3875251680521,12.163742504313177],[75.39570477095845,12.178661500727742],[75.38249993542371,12.175288373060027],[75.37221284774478,12.200176062075627],[75.37663445811381,12.230044055388873],[75.36953629536379,12.235614220519892],[75.37597158941736,12.248994398672608],[75.41324110389388,12.236402800948554],[75.41607161661187,12.223928580939287],[75.42428939214182,12.237652356770923],[75.44785862467586,12.246196649156104],[75.45592787267321,12.268506752584585],[75.47578139519527,12.278872236864288]]]}},{"id":"307","type":"Feature","properties":{"ST_NAME":"KERALA","AC_NO":8,"AC_NAME":"Taliparamba","DIST_NAME":"KANNUR","PC_NAME":"KANNUR"},"geometry":{"type":"Polygon","coordinates":[[[75.39477584682794,12.15300368357316],[75.41661848715353,12.155973253962543],[75.43368425432493,12.145616427456218],[75.43780747053842,12.15190833899868],[75.45535042338338,12.139644606213665],[75.43509762165797,12.113009465214702],[75.43164003326098,12.063069820615794],[75.42277416309719,12.05733634939304],[75.43571956400672,12.051840563591213],[75.4290594088647,12.037598640664783],[75.43340554542965,12.017899534436026],[75.44455352982158,12.021016638607023],[75.46812599002249,12.002973809293906],[75.4698471197488,12.019596684639339],[75.49077647605361,12.041170147984019],[75.49915575003791,12.039305910939106],[75.50061582635936,12.023980192531894],[75.53325196350738,12.012476470512752],[75.50547988249065,11.989182416135634],[75.50486997486951,11.957184346180668],[75.49453177152407,11.938877541565319],[75.47794927393988,11.94094012408749],[75.46178829669259,11.930479306275004],[75.43737288395147,11.948470567562708],[75.42958991444306,11.942880632635138],[75.42825222326155,11.924172232162846],[75.41333062420898,11.919424217353821],[75.41357861046458,11.946544030882364],[75.40073833130901,11.949220728054229],[75.39643527496804,11.971641141425607],[75.37731399034845,11.959259906819284],[75.38456234437677,11.9706710058623],[75.37066446968959,11.986478643074975],[75.33757282322728,11.974502198717573],[75.33319304122591,12.008782784897676],[75.35507119937643,12.007958044528209],[75.33213233314069,12.040321518923008],[75.33578599532746,12.06020188620812],[75.31565147783351,12.053565547811843],[75.29748500432953,12.064241940313366],[75.31432487978941,12.093574349576613],[75.31147057280873,12.108896372669506],[75.32792498534985,12.112626129192563],[75.33837678835818,12.104122301802818],[75.36115343668183,12.124535131591074],[75.40185406351429,12.13809894411105],[75.39477584682794,12.15300368357316]]]}},{"id":"308","type":"Feature","properties":{"ST_NAME":"KERALA","AC_NO":7,"AC_NAME":"Kalliasseri","DIST_NAME":"KANNUR","PC_NAME":"KASARAGOD"},"geometry":{"type":"Polygon","coordinates":[[[75.39407230809059,12.150441239871384],[75.40185406351429,12.13809894411105],[75.36115343668183,12.124535131591074],[75.33837678835818,12.104122301802818],[75.32792498534985,12.112626129192563],[75.31147057280873,12.108896372669506],[75.31432487978941,12.093574349576613],[75.29748500432953,12.064241940313366],[75.31565147783351,12.053565547811843],[75.33578599532746,12.06020188620812],[75.33924122929938,12.053122102003442],[75.33213233314069,12.040321518923008],[75.35507119937643,12.007958044528209],[75.33319304122591,12.008782784897676],[75.33757282322728,11.974502198717573],[75.37066446968959,11.986478643074975],[75.37784939093672,11.984855654564853],[75.3764036183324,11.97471202763802],[75.35603064829581,11.96810792633977],[75.35261142138006,11.954982059374572],[75.3344566507539,11.958087796114967],[75.30471564800882,11.949234963422896],[75.29165591718686,11.95442117379821],[75.25156017166466,12.008705042104054],[75.2233673527212,12.024275487623697],[75.2313392616976,12.031688957179654],[75.2249353144133,12.036962302868005],[75.21876527000126,12.105153651519856],[75.23882182346841,12.114636925154002],[75.27357667342477,12.104160329635533],[75.28297999013449,12.119805371220934],[75.3079918017803,12.128147942973214],[75.31884282733466,12.149034579682166],[75.33457680467586,12.152014929345569],[75.35707220621742,12.141329051694413],[75.367819023729,12.143313555076531],[75.37079320314388,12.154379141784034],[75.39407230809059,12.150441239871384]]]}},{"id":"309","type":"Feature","properties":{"ST_NAME":"KERALA","AC_NO":16,"AC_NAME":"Peravoor","DIST_NAME":"KANNUR","PC_NAME":"KANNUR"},"geometry":{"type":"Polygon","coordinates":[[[75.71480681937925,12.07050376323815],[75.75297484021678,12.084747709639146],[75.80226012010849,12.079086695894375],[75.79379501302947,12.055095504154224],[75.80963187820868,12.02262263262844],[75.82279311910725,12.01252689280193],[75.81995036931414,12.002882334751973],[75.8303149704596,11.983792879837608],[75.84627236188004,11.981583215892726],[75.853047683304,11.964704574256757],[75.87066395967406,11.952303199333244],[75.94031792073554,11.94363173561618],[75.92523878833947,11.930285750586961],[75.93930360957398,11.903498178098516],[75.9364025468401,11.89094406591596],[75.91159651176969,11.875331393628983],[75.93128102290092,11.858516525617233],[75.92709786237651,11.842941563702254],[75.85442697262675,11.847994488255097],[75.84220962147691,11.856355308151024],[75.82820953074531,11.851415184663097],[75.81964163295504,11.858809933032035],[75.8053428072248,11.850281336514513],[75.78804339438722,11.852660100882986],[75.77597370921939,11.840367956715852],[75.74989574409335,11.85322812527778],[75.7621942896348,11.863847920745002],[75.75354309214003,11.879582629235017],[75.73835489176491,11.873451469709607],[75.72423843055918,11.885423683656143],[75.69544635916219,11.891577325333344],[75.69502297632937,11.907367173056628],[75.67190897521908,11.908915087960963],[75.68395940949921,11.928087973880963],[75.68166021444739,11.943444700012947],[75.65181737966839,11.954754546185427],[75.6362984949796,11.946041347630114],[75.63080472995438,11.929172840454271],[75.6165269753397,11.940405372809778],[75.58982580881406,11.940498771900877],[75.60028260036177,11.974042600185896],[75.62081721544217,11.981432860038524],[75.6199286214088,11.992390755628946],[75.64345298496733,11.988896756380257],[75.66045344876773,12.020683160099793],[75.66919799229356,12.016562274929072],[75.68206525290913,12.035589619065718],[75.67847292808324,12.042705389642094],[75.71480681937925,12.07050376323815]]]}},{"id":"310","type":"Feature","properties":{"ST_NAME":"KERALA","AC_NO":15,"AC_NAME":"Mattannur","DIST_NAME":"KANNUR","PC_NAME":"KANNUR"},"geometry":{"type":"Polygon","coordinates":[[[75.66045344876773,12.020683160099793],[75.64345298496733,11.988896756380257],[75.6199286214088,11.992390755628946],[75.62081721544217,11.981432860038524],[75.60028260036177,11.974042600185896],[75.58982580881406,11.940498771900877],[75.6165269753397,11.940405372809778],[75.63080472995438,11.929172840454271],[75.6362984949796,11.946041347630114],[75.65181737966839,11.954754546185427],[75.68166021444739,11.943444700012947],[75.68395940949921,11.928087973880963],[75.67190897521908,11.908915087960963],[75.69502297632937,11.907367173056628],[75.69544635916219,11.891577325333344],[75.72423843055918,11.885423683656143],[75.73835489176491,11.873451469709607],[75.75354309214003,11.879582629235017],[75.7621942896348,11.863847920745002],[75.73106186841056,11.849642483314028],[75.73698217828496,11.837315673879289],[75.72168206627441,11.850909008444034],[75.69632450487205,11.85227012786413],[75.68618509666493,11.843428687783785],[75.66923731874732,11.842858322453651],[75.67370350041625,11.835174908795068],[75.65461475326833,11.83754735812414],[75.65169303400637,11.844331650285483],[75.60068905885305,11.82240615362116],[75.59403024100288,11.838113877053843],[75.57710483372114,11.835191609205424],[75.58154862317048,11.848227666273829],[75.57288556091999,11.847738969278055],[75.57121030920848,11.856513873916185],[75.55123085551963,11.853899113952991],[75.5521586024376,11.83308393197791],[75.5331080027322,11.839694784486767],[75.52401471200943,11.868676501319555],[75.54816777002662,11.873604632347963],[75.5466062079102,11.889772511891977],[75.52122748995674,11.894531791608927],[75.50881284913373,11.912220057809463],[75.47626543370285,11.90730274112866],[75.46178829669259,11.930479306275004],[75.47794927393988,11.94094012408749],[75.49453177152407,11.938877541565319],[75.50486997486951,11.957184346180668],[75.50547988249065,11.989182416135634],[75.53112222231277,11.984884927497433],[75.54663694943571,11.994464357544132],[75.54306948996503,11.974421793031354],[75.55051858436525,11.96732682647189],[75.56394123839749,11.983708981184577],[75.55456375651221,12.014831234673807],[75.56423296318076,12.0169777473252],[75.5819587868686,12.040973610144022],[75.61781281071268,12.03552947420593],[75.61630729704416,12.027909954680695],[75.6260029365863,12.02158541843238],[75.64831711933965,12.029456200443349],[75.66045344876773,12.020683160099793]]]}},{"id":"311","type":"Feature","properties":{"ST_NAME":"KERALA","AC_NO":10,"AC_NAME":"Azhikode","DIST_NAME":"KANNUR","PC_NAME":"KANNUR"},"geometry":{"type":"Polygon","coordinates":[[[75.38141376483344,11.975070545069627],[75.37731399034845,11.959259906819284],[75.39643527496804,11.971641141425607],[75.40073833130901,11.949220728054229],[75.41357861046458,11.946544030882364],[75.41333062420898,11.919424217353821],[75.40174278140432,11.917278613916949],[75.38844504770083,11.893825714984814],[75.38899594001066,11.874747773191245],[75.38391484599339,11.885416630273312],[75.37002839719281,11.889387022892834],[75.35342261436222,11.870939285519682],[75.31935488691857,11.905235474037966],[75.30471564800882,11.949234963422896],[75.3344566507539,11.958087796114967],[75.35261142138006,11.954982059374572],[75.35603064829581,11.96810792633977],[75.38141376483344,11.975070545069627]]]}},{"id":"312","type":"Feature","properties":{"ST_NAME":"KERALA","AC_NO":17,"AC_NAME":"Mananthavady (ST)","DIST_NAME":"WAYANAD","PC_NAME":"WAYANAD"},"geometry":{"type":"Polygon","coordinates":[[[75.94031792073554,11.94363173561618],[76.00295415531008,11.931421101502679],[76.0108878898643,11.941306397272456],[76.03450426396068,11.940986544393581],[76.07080101415556,11.967404431669252],[76.1123500865873,11.979083767002294],[76.11255098074321,11.858863557807013],[76.12122323856164,11.850999162781193],[76.08787193354294,11.833470117052286],[76.08957502017108,11.816193265506854],[76.07370169377822,11.799973436624839],[76.09690269260523,11.783510696361589],[76.11551241946262,11.784161012320908],[76.11137452721272,11.756924933538926],[76.12330373917627,11.751459578097126],[76.11869362730909,11.740162567048856],[76.08406413115478,11.740392107309958],[76.08236425060971,11.716043918891785],[76.06422141128917,11.703113528566519],[76.05812215701201,11.680720230654174],[76.02600272894284,11.700431685473973],[76.02262566674119,11.694100257720777],[76.01987259104732,11.702667951364901],[76.01245806838523,11.699652481376972],[76.01501775836289,11.71102260910618],[76.02309482416683,11.707919311327203],[76.0219190001618,11.717572064898945],[76.0300417659148,11.718306587079383],[76.02770957113984,11.726670528522106],[76.00386674055767,11.720357442442037],[76.00017525918093,11.709370067074985],[75.98927091821838,11.710822455092284],[75.97777802043936,11.701250136884369],[75.97179809990246,11.70714766243475],[75.958923601543,11.689174397480485],[75.94861392469295,11.696722708686082],[75.92886269375839,11.687871547833709],[75.8752906280601,11.704494897121833],[75.85058264247505,11.702942571042854],[75.81019933782926,11.742951950172426],[75.79102945564495,11.743627296962245],[75.79926245579776,11.753468759775501],[75.78310407039658,11.761363843266793],[75.79375840882358,11.790712493386934],[75.77288919557998,11.802736163842951],[75.79875969610316,11.81949182049118],[75.79025998401113,11.841106852299447],[75.81964163295504,11.858809933032035],[75.82820953074531,11.851415184663097],[75.84220962147691,11.856355308151024],[75.85442697262675,11.847994488255097],[75.92709786237651,11.842941563702254],[75.93128102290092,11.858516525617233],[75.91159651176969,11.875331393628983],[75.9364025468401,11.89094406591596],[75.93930360957398,11.903498178098516],[75.92523878833947,11.930285750586961],[75.94031792073554,11.94363173561618]]]}},{"id":"313","type":"Feature","properties":{"ST_NAME":"KERALA","AC_NO":11,"AC_NAME":"Kannur","DIST_NAME":"KANNUR","PC_NAME":"KANNUR"},"geometry":{"type":"Polygon","coordinates":[[[75.46178829669259,11.930479306275004],[75.47626543370285,11.90730274112866],[75.48581945250578,11.907108537029387],[75.4357442746786,11.874332298097102],[75.42924103864306,11.831622108273734],[75.44942838321339,11.831288274534302],[75.43304935454415,11.80936767287983],[75.38625347182034,11.856383379589317],[75.37461387213256,11.859060170290661],[75.36760474586237,11.852278261332742],[75.35640260969274,11.860293954702286],[75.35342261436222,11.870939285519682],[75.37002839719281,11.889387022892834],[75.38391484599339,11.885416630273312],[75.38899594001066,11.874747773191245],[75.38844504770083,11.893825714984814],[75.40174278140432,11.917278613916949],[75.42825222326155,11.924172232162846],[75.42958991444306,11.942880632635138],[75.43737288395147,11.948470567562708],[75.46178829669259,11.930479306275004]]]}},{"id":"314","type":"Feature","properties":{"ST_NAME":"KERALA","AC_NO":12,"AC_NAME":"Dharmadam","DIST_NAME":"KANNUR","PC_NAME":"KANNUR"},"geometry":{"type":"Polygon","coordinates":[[[75.4357442746786,11.874332298097102],[75.49274250556226,11.914192110977183],[75.50881284913373,11.912220057809463],[75.52122748995674,11.894531791608927],[75.5466062079102,11.889772511891977],[75.54816777002662,11.873604632347963],[75.52401471200943,11.868676501319555],[75.5331080027322,11.839694784486767],[75.52941906553752,11.828164446132348],[75.53619140750749,11.829615406026221],[75.5409498265733,11.812243540207248],[75.51993860318407,11.795249931039507],[75.49050882881943,11.79462754352636],[75.46826785357865,11.76484447769053],[75.45394146272838,11.77165549680376],[75.46158207045625,11.77985945245183],[75.4477535928541,11.782806547883922],[75.43304935454415,11.80936767287983],[75.44942838321339,11.831288274534302],[75.42924103864306,11.831622108273734],[75.4357442746786,11.874332298097102]]]}},{"id":"315","type":"Feature","properties":{"ST_NAME":"KERALA","AC_NO":14,"AC_NAME":"Kuthuparamba","DIST_NAME":"KANNUR","PC_NAME":"VADAKARA"},"geometry":{"type":"Polygon","coordinates":[[[75.5331080027322,11.839694784486767],[75.5521586024376,11.83308393197791],[75.55123085551963,11.853899113952991],[75.57121030920848,11.856513873916185],[75.57288556091999,11.847738969278055],[75.58154862317048,11.848227666273829],[75.57710483372114,11.835191609205424],[75.59403024100288,11.838113877053843],[75.60068905885305,11.82240615362116],[75.65169303400637,11.844331650285483],[75.65461475326833,11.83754735812414],[75.67370350041625,11.835174908795068],[75.66923731874732,11.842858322453651],[75.68618509666493,11.843428687783785],[75.69632450487205,11.85227012786413],[75.72168206627441,11.850909008444034],[75.73698217828496,11.837315673879289],[75.73106186841056,11.849642483314028],[75.74989574409335,11.85322812527778],[75.77597370921939,11.840367956715852],[75.78804339438722,11.852660100882986],[75.8053428072248,11.850281336514513],[75.79025998401113,11.841106852299447],[75.79875969610316,11.81949182049118],[75.77288919557998,11.802736163842951],[75.75000993730879,11.803941066527045],[75.74565105735047,11.79917558238725],[75.75757432119804,11.789156436020733],[75.74921950067949,11.783380519495438],[75.73812873745135,11.787742418477876],[75.72916038594309,11.780863081466066],[75.71682000573873,11.797353162018851],[75.69167415823586,11.799762525819972],[75.68574933556346,11.778842723912646],[75.6692364275192,11.770823783091146],[75.66609769914953,11.758829236280292],[75.58750971010511,11.712552625703154],[75.59222106584957,11.698334206558457],[75.6031851622655,11.693176251982493],[75.60060544258715,11.686893572880138],[75.58753852348411,11.687482891422349],[75.56946620630043,11.674984966183274],[75.56185502528922,11.681460964452015],[75.57808974064909,11.724049758389697],[75.56741808217879,11.737938768459458],[75.57151347876407,11.7636907518268],[75.54365728235774,11.779136004523025],[75.54682120703313,11.801109401777524],[75.53265899461695,11.794805017537556],[75.5409498265733,11.812243540207248],[75.53619140750749,11.829615406026221],[75.52941906553752,11.828164446132348],[75.5331080027322,11.839694784486767]]]}},{"id":"316","type":"Feature","properties":{"ST_NAME":"KERALA","AC_NO":18,"AC_NAME":"Sulthanbathery (S","DIST_NAME":"WAYANAD","PC_NAME":"WAYANAD"},"geometry":{"type":"Polygon","coordinates":[[[76.08787193354294,11.833470117052286],[76.1576548861641,11.870916684657345],[76.19159020912093,11.871165590019984],[76.20754907722818,11.861683361398036],[76.21006053386662,11.828889177393648],[76.22286313682434,11.809127299385409],[76.24639196911414,11.802900612073643],[76.28005131981263,11.811532841067788],[76.29029086303296,11.792936614832968],[76.30773606316882,11.783871361374281],[76.3169729162671,11.752298382964057],[76.33930299183965,11.739100282452114],[76.41402115135509,11.758877104494843],[76.41046425891847,11.742163904840368],[76.41815305232154,11.742681095056525],[76.42743113214107,11.72605851109148],[76.40344655041804,11.707840447079036],[76.4159171407635,11.67289345606821],[76.43093587109365,11.66654224322997],[76.44380253186142,11.647241951255069],[76.43248877004078,11.63162418790597],[76.38785361465267,11.629662806992997],[76.3776299723454,11.601887282472148],[76.34023718959469,11.587086171889382],[76.33577779331057,11.595744869730026],[76.3021946592562,11.571280297347869],[76.29568044789443,11.590664837812085],[76.28605144092131,11.59026629425415],[76.27865885452258,11.600890723028499],[76.21136748082466,11.548917601566131],[76.19623780293233,11.564143244315346],[76.18268789393125,11.561535486473588],[76.16173645297499,11.597439769829577],[76.1796020978586,11.609595391514176],[76.15874518284397,11.649537711796029],[76.1406901839049,11.648668391133413],[76.13460988194055,11.656947781015333],[76.14000419094072,11.676190359897248],[76.13323137592732,11.677922093529844],[76.14259220056965,11.692166488692521],[76.0994635067355,11.705974629025945],[76.12330373917627,11.751459578097126],[76.11137452721272,11.756924933538926],[76.11551241946262,11.784161012320908],[76.09690269260523,11.783510696361589],[76.07370169377822,11.799973436624839],[76.08957502017108,11.816193265506854],[76.08787193354294,11.833470117052286]]]}},{"id":"317","type":"Feature","properties":{"ST_NAME":"KERALA","AC_NO":13,"AC_NAME":"Thalassery","DIST_NAME":"KANNUR","PC_NAME":"VADAKARA"},"geometry":{"type":"Polygon","coordinates":[[[75.5317924411683,11.80081124594227],[75.53767247760283,11.793037819140068],[75.54682120703313,11.801109401777524],[75.54365728235774,11.779136004523025],[75.57151347876407,11.7636907518268],[75.56741808217879,11.737938768459458],[75.57808974064909,11.724049758389697],[75.5637065746987,11.693804237775396],[75.53585313651308,11.709934124560277],[75.53055591472372,11.704027559923986],[75.47145809601437,11.770351426776983],[75.49050882881943,11.79462754352636],[75.5317924411683,11.80081124594227]],[[75.53116885126155,11.708435934970453],[75.53658716856302,11.719389930201146],[75.54788132516308,11.715416011339926],[75.55550572351041,11.721747548810356],[75.54328633899343,11.73437909711771],[75.54623518180824,11.75634614066189],[75.53821831932004,11.762709882854836],[75.53126155517668,11.758628540874497],[75.54160290794789,11.738838631897409],[75.52663646510086,11.726135066779932],[75.53116885126155,11.708435934970453]]]}},{"id":"318","type":"Feature","properties":{"ST_NAME":"KERALA","AC_NO":22,"AC_NAME":"Nadapuram","DIST_NAME":"KOZHIKODE","PC_NAME":"VADAKARA"},"geometry":{"type":"Polygon","coordinates":[[[75.77288919557998,11.802736163842951],[75.79375840882358,11.790712493386934],[75.78310407039658,11.761363843266793],[75.79926245579776,11.753468759775501],[75.79102945564495,11.743627296962245],[75.81019933782926,11.742951950172426],[75.85058264247505,11.702942571042854],[75.8752906280601,11.704494897121833],[75.91506679229866,11.690739345544387],[75.9026941561105,11.678887246849001],[75.84302552870525,11.658230456170656],[75.82578059859583,11.638490169086083],[75.80723693413728,11.635431624270097],[75.80124129255165,11.62387370730579],[75.78490642419217,11.624523677026104],[75.75496160269586,11.658608901679543],[75.73925949552932,11.656723553049574],[75.73255485362364,11.664210798489592],[75.73614368548277,11.677209804389008],[75.71985316089473,11.683883756030582],[75.72923717635467,11.695217525068756],[75.72127889570453,11.697751166183423],[75.68312891077068,11.681530932606506],[75.69063896121912,11.67591505313726],[75.68622034109592,11.664220320511447],[75.65819038757638,11.659559550732752],[75.65768869627635,11.666831613588158],[75.64372386706287,11.66998712690446],[75.64308523869289,11.68140552754312],[75.62640272300735,11.682590890657139],[75.63169790243631,11.658484333884928],[75.62001597885438,11.653354225916814],[75.60605693947622,11.661532222634037],[75.6031851622655,11.693176251982493],[75.59222106584957,11.698334206558457],[75.58750971010511,11.712552625703154],[75.66609769914953,11.758829236280292],[75.6692364275192,11.770823783091146],[75.68574933556346,11.778842723912646],[75.69167415823586,11.799762525819972],[75.71682000573873,11.797353162018851],[75.72916038594309,11.780863081466066],[75.75757432119804,11.789156436020733],[75.74565105735047,11.79917558238725],[75.75000993730879,11.803941066527045],[75.77288919557998,11.802736163842951]]]}},{"id":"319","type":"Feature","properties":{"ST_NAME":"KERALA","AC_NO":19,"AC_NAME":"Kalpetta","DIST_NAME":"WAYANAD","PC_NAME":"WAYANAD"},"geometry":{"type":"Polygon","coordinates":[[[76.11869362730909,11.740162567048856],[76.1014662438721,11.720410878359417],[76.0994635067355,11.705974629025945],[76.14259220056965,11.692166488692521],[76.13323137592732,11.677922093529844],[76.14000419094072,11.676190359897248],[76.13460988194055,11.656947781015333],[76.1406901839049,11.648668391133413],[76.15874518284397,11.649537711796029],[76.1796020978586,11.609595391514176],[76.16173645297499,11.597439769829577],[76.17480511496416,11.584339103666764],[76.17888155024343,11.565687949539267],[76.19623780293233,11.564143244315346],[76.21136748082466,11.548917601566131],[76.23399311319167,11.568577125034324],[76.251427124862,11.537860392942832],[76.25025082331689,11.527455145138902],[76.23388022039592,11.528819249408855],[76.22415659215307,11.509777329060512],[76.20005948096036,11.506875098107344],[76.19164806790405,11.498680549367919],[76.18194270219402,11.484245504226692],[76.1861307766141,11.473703960569367],[76.1428824972295,11.45177220372426],[76.12308064435632,11.474005580593143],[76.08719886563517,11.487602234555538],[76.09310104967375,11.494076035780495],[76.0902327321549,11.511128069404947],[76.07588157757283,11.523388855111648],[76.05621531098785,11.50601959283],[76.03732630596431,11.502758768002764],[75.98040275748133,11.54103138269221],[75.95795849678723,11.56086291589088],[75.95210315933338,11.581130207493118],[75.90922021064426,11.600968553955624],[75.8971755437164,11.642938518997482],[75.90526431509613,11.6609622637975],[75.90019845469499,11.675863917685717],[75.91506679229866,11.690739345544387],[75.92886269375839,11.687871547833709],[75.94861392469295,11.696722708686082],[75.958923601543,11.689174397480485],[75.97179809990246,11.70714766243475],[75.97777802043936,11.701250136884369],[75.98927091821838,11.710822455092284],[76.00017525918093,11.709370067074985],[76.00386674055767,11.720357442442037],[76.02770957113984,11.726670528522106],[76.0300417659148,11.718306587079383],[76.0219190001618,11.717572064898945],[76.02309482416683,11.707919311327203],[76.01501775836289,11.71102260910618],[76.01245806838523,11.699652481376972],[76.01987259104732,11.702667951364901],[76.02262566674119,11.694100257720777],[76.02600272894284,11.700431685473973],[76.05812215701201,11.680720230654174],[76.06422141128917,11.703113528566519],[76.08236425060971,11.716043918891785],[76.08406413115478,11.740392107309958],[76.11869362730909,11.740162567048856]]]}},{"id":"320","type":"Feature","properties":{"ST_NAME":"KERALA","AC_NO":20,"AC_NAME":"Vadakara","DIST_NAME":"KOZHIKODE","PC_NAME":"VADAKARA"},"geometry":{"type":"Polygon","coordinates":[[[75.54429427396161,11.704624387805325],[75.5637065746987,11.693804237775396],[75.56185502528922,11.681460964452015],[75.56946620630043,11.674984966183274],[75.58753852348411,11.687482891422349],[75.60060544258715,11.686893572880138],[75.60815597511822,11.677475391276346],[75.60605693947622,11.661532222634037],[75.62851331223965,11.647269664763257],[75.62461334552955,11.630917741660483],[75.60382314402295,11.616251443049691],[75.62014859648059,11.61129461105753],[75.6117646550149,11.584160871527047],[75.62592103083097,11.584013311665046],[75.61477117944645,11.566139967685388],[75.59267389428487,11.570888082319186],[75.59060856972974,11.561798505796446],[75.5365868286193,11.69393882311823],[75.54429427396161,11.704624387805325]]]}},{"id":"321","type":"Feature","properties":{"ST_NAME":"KERALA","AC_NO":21,"AC_NAME":"Kuttiadi","DIST_NAME":"KOZHIKODE","PC_NAME":"VADAKARA"},"geometry":{"type":"Polygon","coordinates":[[[75.62001597885438,11.653354225916814],[75.63169790243631,11.658484333884928],[75.62640272300735,11.682590890657139],[75.64308523869289,11.68140552754312],[75.64372386706287,11.66998712690446],[75.65768869627635,11.666831613588158],[75.65819038757638,11.659559550732752],[75.68622034109592,11.664220320511447],[75.69063896121912,11.67591505313726],[75.68312891077068,11.681530932606506],[75.72127889570453,11.697751166183423],[75.72923717635467,11.695217525068756],[75.71985316089473,11.683883756030582],[75.73614368548277,11.677209804389008],[75.73255485362364,11.664210798489592],[75.74419864055488,11.654577115041889],[75.75496160269586,11.658608901679543],[75.75673989782808,11.65107695633651],[75.7400824561405,11.616563809072602],[75.74251453321921,11.594460929228546],[75.70270390606049,11.602600035663158],[75.68924325926906,11.574583083642437],[75.67313612263399,11.560277640700633],[75.67492433998638,11.542888869425838],[75.66463214595683,11.531639622270802],[75.64763420295617,11.52922349197064],[75.62611597956885,11.539320846080216],[75.61477117944645,11.566139967685388],[75.62592103083097,11.584013311665046],[75.6117646550149,11.584160871527047],[75.62014859648059,11.61129461105753],[75.60382314402295,11.616251443049691],[75.62461334552955,11.630917741660483],[75.62851331223965,11.647269664763257],[75.62001597885438,11.653354225916814]]]}},{"id":"322","type":"Feature","properties":{"ST_NAME":"KERALA","AC_NO":24,"AC_NAME":"Perambra","DIST_NAME":"KOZHIKODE","PC_NAME":"VADAKARA"},"geometry":{"type":"Polygon","coordinates":[[[75.9026941561105,11.678887246849001],[75.90122688791058,11.617028702812433],[75.8912450058524,11.615224000886997],[75.88425020308443,11.580183548731839],[75.86364853725024,11.554661998652364],[75.83968055701217,11.554891296995834],[75.83895760910644,11.548870111966153],[75.82506637141597,11.55216061532019],[75.82133746655091,11.560932017098935],[75.79827606768646,11.5569341007282],[75.80376136019868,11.553567847478234],[75.78421701290489,11.533079924299102],[75.79216507455862,11.530843034278632],[75.79210355283675,11.515906725914704],[75.78557381737784,11.518295399912802],[75.77831882005756,11.507680474274537],[75.75708502435447,11.515061360493462],[75.73633999939153,11.50701898783609],[75.7328442473642,11.476995453177665],[75.74200119929594,11.465937761618477],[75.7293578995475,11.445762745854097],[75.69820325787413,11.468090547940506],[75.66810899243609,11.507293192027248],[75.64823718040162,11.514219148095265],[75.64763420295617,11.52922349197064],[75.66463214595683,11.531639622270802],[75.67492433998638,11.542888869425838],[75.67313612263399,11.560277640700633],[75.68924325926906,11.574583083642437],[75.70270390606049,11.602600035663158],[75.74251453321921,11.594460929228546],[75.7400824561405,11.616563809072602],[75.75673989782808,11.65107695633651],[75.77758716041916,11.639636111317543],[75.78490642419217,11.624523677026104],[75.80124129255165,11.62387370730579],[75.80723693413728,11.635431624270097],[75.82578059859583,11.638490169086083],[75.84302552870525,11.658230456170656],[75.9026941561105,11.678887246849001]]]}},{"id":"323","type":"Feature","properties":{"ST_NAME":"KERALA","AC_NO":25,"AC_NAME":"Balusseri (SC)","DIST_NAME":"KOZHIKODE","PC_NAME":"KOZHIKODE"},"geometry":{"type":"Polygon","coordinates":[[[75.98040275748133,11.54103138269221],[75.93676275769519,11.502013042068313],[75.91689001126508,11.511878190326286],[75.89300560412539,11.503343082717151],[75.90850391232573,11.488926069882268],[75.89958151617407,11.462224052598003],[75.90833878330824,11.449759260181736],[75.90250066247563,11.432898689522972],[75.91294773415069,11.417770096213019],[75.89659365177567,11.417015135140446],[75.88303018729334,11.404482011335801],[75.8631170658,11.414781399042397],[75.85782046364352,11.406985627684605],[75.8467228511787,11.41341949361481],[75.85302738740404,11.41998366951077],[75.83535325764677,11.430153261663747],[75.840856291085,11.4437205140905],[75.83447773436001,11.446738117270343],[75.80289284892592,11.415014695771617],[75.7789225520342,11.424696301393226],[75.7824907048822,11.385332292851103],[75.76196279874421,11.379218175478456],[75.75634393172714,11.366703508460205],[75.7471532048566,11.36822648786216],[75.75074290546075,11.420352312409364],[75.7309050221491,11.432166971428614],[75.7293578995475,11.445762745854097],[75.74200119929594,11.465937761618477],[75.7328442473642,11.476995453177665],[75.73121446627465,11.499329233957042],[75.75708502435447,11.515061360493462],[75.77831882005756,11.507680474274537],[75.78557381737784,11.518295399912802],[75.79210355283675,11.515906725914704],[75.79216507455862,11.530843034278632],[75.78421701290489,11.533079924299102],[75.80376136019868,11.553567847478234],[75.79827606768646,11.5569341007282],[75.82133746655091,11.560932017098935],[75.82506637141597,11.55216061532019],[75.83895760910644,11.548870111966153],[75.83968055701217,11.554891296995834],[75.86364853725024,11.554661998652364],[75.88425020308443,11.580183548731839],[75.8912450058524,11.615224000886997],[75.90122688791058,11.617028702812433],[75.90922021064426,11.600968553955624],[75.95210315933338,11.581130207493118],[75.95795849678723,11.56086291589088],[75.98040275748133,11.54103138269221]]]}},{"id":"324","type":"Feature","properties":{"ST_NAME":"KERALA","AC_NO":23,"AC_NAME":"Quilandy","DIST_NAME":"KOZHIKODE","PC_NAME":"VADAKARA"},"geometry":{"type":"Polygon","coordinates":[[[75.61477117944645,11.566139967685388],[75.62611597956885,11.539320846080216],[75.64763420295617,11.52922349197064],[75.64823718040162,11.514219148095265],[75.66810899243609,11.507293192027248],[75.69820325787413,11.468090547940506],[75.72472433965663,11.452858916605749],[75.7309050221491,11.432166971428614],[75.75074290546075,11.420352312409364],[75.74236615587347,11.35550930161304],[75.73198052767924,11.356172103759604],[75.68066503186577,11.450866082803543],[75.64752865312488,11.468270498684603],[75.63402352316712,11.462173862333941],[75.61802859134644,11.47736258611451],[75.59060856972974,11.561798505796446],[75.59267389428487,11.570888082319186],[75.61477117944645,11.566139967685388]]]}},{"id":"325","type":"Feature","properties":{"ST_NAME":"KERALA","AC_NO":31,"AC_NAME":"Koduvally","DIST_NAME":"KOZHIKODE","PC_NAME":"KOZHIKODE"},"geometry":{"type":"Polygon","coordinates":[[[75.98040275748133,11.54103138269221],[75.94776910336151,11.485275391646041],[75.9232471767159,11.473671380829614],[75.93218724724375,11.462872560920005],[75.92835593837589,11.45294746205576],[75.95796044022222,11.432741421479477],[75.97227266315292,11.426997879648468],[75.98283335247731,11.451246282889713],[76.00014406349777,11.442036668457547],[75.99643136351665,11.427500270621067],[75.98781340856203,11.429550043199981],[75.99668699131166,11.413868456763907],[75.98354056494514,11.386504774975435],[75.99121552137927,11.379796600532757],[75.97250326191607,11.37593822386998],[75.97509456756029,11.363315615723138],[75.95944923459456,11.354310472050713],[75.96593458041662,11.352060302640893],[75.94482435515994,11.341869528755808],[75.93219326101024,11.346304217066006],[75.92292374813252,11.333401798354373],[75.89100394257792,11.33648354747777],[75.87336367679228,11.324107087372226],[75.8377173288917,11.343896714861557],[75.83502718056002,11.356283476701151],[75.82291334497495,11.3581343776994],[75.8494172344179,11.366424773484539],[75.85717480797109,11.376905917773911],[75.85209456830972,11.394684495692957],[75.8631170658,11.414781399042397],[75.88303018729334,11.404482011335801],[75.89659365177567,11.417015135140446],[75.91294773415069,11.417770096213019],[75.90250066247563,11.432898689522972],[75.90833878330824,11.449759260181736],[75.89958151617407,11.462224052598003],[75.90850391232573,11.488926069882268],[75.89300560412539,11.503343082717151],[75.91689001126508,11.511878190326286],[75.93676275769519,11.502013042068313],[75.98040275748133,11.54103138269221]]]}},{"id":"326","type":"Feature","properties":{"ST_NAME":"KERALA","AC_NO":32,"AC_NAME":"Thiruvambadi","DIST_NAME":"KOZHIKODE","PC_NAME":"WAYANAD"},"geometry":{"type":"Polygon","coordinates":[[[75.98040275748133,11.54103138269221],[76.03732630596431,11.502758768002764],[76.05621531098785,11.50601959283],[76.07588157757283,11.523388855111648],[76.0902327321549,11.511128069404947],[76.09310104967375,11.494076035780495],[76.08719886563517,11.487602234555538],[76.12308064435632,11.474005580593143],[76.1428824972295,11.45177220372426],[76.14619440534756,11.429245735102654],[76.14229340081982,11.420017166559035],[76.13120450908087,11.427203467366155],[76.11804478084201,11.40868047022758],[76.10571180205807,11.410292071521951],[76.09962218671461,11.395988981206585],[76.10231158141443,11.368658586924312],[76.09258843880548,11.351744428362736],[76.11650066377467,11.33758256038692],[76.11388177322533,11.314579202867947],[76.08546987403554,11.308907508774553],[76.04930359928176,11.267383543615722],[76.01370293154508,11.268078420083043],[75.99579718049552,11.25436676351535],[75.97699400047281,11.2677648543646],[75.97845005862337,11.288169855554429],[75.95062509926896,11.323978034658637],[75.96593458041662,11.352060302640893],[75.96201190672417,11.36038761469672],[75.97509456756029,11.363315615723138],[75.97250326191607,11.37593822386998],[75.99121552137927,11.379796600532757],[75.98354056494514,11.386504774975435],[75.99668699131166,11.413868456763907],[75.98781340856203,11.429550043199981],[75.99643136351665,11.427500270621067],[76.00014406349777,11.442036668457547],[75.98283335247731,11.451246282889713],[75.97227266315292,11.426997879648468],[75.95796044022222,11.432741421479477],[75.92835593837589,11.45294746205576],[75.93218724724375,11.462872560920005],[75.9232471767159,11.473671380829614],[75.94776910336151,11.485275391646041],[75.98040275748133,11.54103138269221]]]}},{"id":"327","type":"Feature","properties":{"ST_NAME":"KERALA","AC_NO":35,"AC_NAME":"Nilambur","DIST_NAME":"MALAPPURAM","PC_NAME":"WAYANAD"},"geometry":{"type":"Polygon","coordinates":[[[76.23776131932948,11.527455387955854],[76.25074557904532,11.502834825466891],[76.2474033610763,11.46834090570826],[76.26443832556834,11.480923890625093],[76.2756097669772,11.476871237018031],[76.28452029747382,11.482876763951538],[76.29369969108791,11.465671470561972],[76.30528854922721,11.467964473781478],[76.32563313396201,11.45335670844537],[76.34221552542624,11.46777318168705],[76.39793713628984,11.434852436091091],[76.41888476232197,11.441758894857173],[76.41527120090524,11.422485453940624],[76.46195176626105,11.387486772596503],[76.5171751608051,11.36949804919567],[76.50951782208989,11.35535641776454],[76.54752336151398,11.359436229998039],[76.54968195925505,11.331615752864764],[76.5369881346947,11.314556221592397],[76.54553977274236,11.301097752059661],[76.52604147793193,11.288356277820014],[76.52190774864374,11.271975201394469],[76.45318040405249,11.239474239544563],[76.44995985176581,11.212926696110173],[76.35189912124753,11.243525845441468],[76.32427988271047,11.235620493491012],[76.31268984196271,11.241770473128895],[76.30867666499614,11.233284900178035],[76.2706104024482,11.215048939656867],[76.26098522029173,11.234083720287515],[76.23457918608062,11.234313429621125],[76.23307462389482,11.253534678382778],[76.2154306870766,11.25572648988566],[76.21524500855037,11.265999154237647],[76.21164379032871,11.260290035756611],[76.20287959391817,11.266401331955933],[76.20897781577361,11.276716866090567],[76.19545838479667,11.278172997086187],[76.20282666341984,11.300988207439843],[76.18922351275495,11.323520903866665],[76.2064910788003,11.345961900921054],[76.2035701194655,11.354987977213455],[76.18091090461462,11.371800542061408],[76.16373501635798,11.369018167354568],[76.14648946301838,11.386169445663427],[76.1229730458694,11.365403740790043],[76.11650066377467,11.33758256038692],[76.10012685387125,11.341706153416283],[76.09258843880548,11.351744428362736],[76.10231158141443,11.368658586924312],[76.09764130939897,11.383453941845971],[76.10571180205807,11.410292071521951],[76.11804478084201,11.40868047022758],[76.13120450908087,11.427203467366155],[76.14229340081982,11.420017166559035],[76.1428824972295,11.45177220372426],[76.1861307766141,11.473703960569367],[76.18194270219402,11.484245504226692],[76.19164806790405,11.498680549367919],[76.20005948096036,11.506875098107344],[76.22415659215307,11.509777329060512],[76.23776131932948,11.527455387955854]]]}},{"id":"328","type":"Feature","properties":{"ST_NAME":"KERALA","AC_NO":26,"AC_NAME":"Elathur","DIST_NAME":"KOZHIKODE","PC_NAME":"KOZHIKODE"},"geometry":{"type":"Polygon","coordinates":[[[75.85782046364352,11.406985627684605],[75.85209456830972,11.394684495692957],[75.85717480797109,11.376905917773911],[75.8494172344179,11.366424773484539],[75.82291334497495,11.3581343776994],[75.83502718056002,11.356283476701151],[75.8377173288917,11.343896714861557],[75.85676197238718,11.338600963463762],[75.87881389484545,11.32040632319331],[75.87803940319594,11.315782787145963],[75.86624583957388,11.31528398806563],[75.85586650843265,11.301387801405951],[75.84120658961245,11.306595927360206],[75.83040239535433,11.298689071743297],[75.80014952008435,11.316142428730132],[75.75172671251784,11.309120188545933],[75.73668948493184,11.324989723397039],[75.73198052767924,11.356172103759604],[75.74236615587347,11.35550930161304],[75.7471532048566,11.36822648786216],[75.75634393172714,11.366703508460205],[75.76196279874421,11.379218175478456],[75.7824907048822,11.385332292851103],[75.7789225520342,11.424696301393226],[75.80289284892592,11.415014695771617],[75.83447773436001,11.446738117270343],[75.840856291085,11.4437205140905],[75.83535325764677,11.430153261663747],[75.85302738740404,11.41998366951077],[75.8467228511787,11.41341949361481],[75.85782046364352,11.406985627684605]]]}},{"id":"329","type":"Feature","properties":{"ST_NAME":"KERALA","AC_NO":34,"AC_NAME":"Ernad","DIST_NAME":"MALAPPURAM","PC_NAME":"WAYANAD"},"geometry":{"type":"Polygon","coordinates":[[[76.11388177322533,11.314579202867947],[76.1229730458694,11.365403740790043],[76.14648946301838,11.386169445663427],[76.16373501635798,11.369018167354568],[76.18091090461462,11.371800542061408],[76.2064910788003,11.345961900921054],[76.18922351275495,11.323520903866665],[76.20132815277208,11.30949836695612],[76.19545838479667,11.278172997086187],[76.20897781577361,11.276716866090567],[76.20287959391817,11.266401331955933],[76.18689551961262,11.257412944451858],[76.17826890148865,11.275687367178307],[76.13980642552616,11.264642222060957],[76.15695477204514,11.23077663883089],[76.16675705319551,11.235775443082275],[76.1776542400512,11.226143158979653],[76.1727922955281,11.212943261622286],[76.16099642064836,11.209448883759023],[76.15431113934767,11.183717660341813],[76.1385098666371,11.179804090486414],[76.11882982153907,11.194696674711793],[76.1021202578437,11.184149122683891],[76.0954007267622,11.19223486334829],[76.08813526762856,11.177743825517155],[76.09787196032278,11.164565946261462],[76.0816533805991,11.161084282113961],[76.06429035061922,11.170862343622332],[76.0607403397949,11.166584035724725],[76.04003941398781,11.188372047631958],[76.03719500674424,11.172806173366268],[76.03198914168559,11.167651761219872],[76.02070470855551,11.17355428070556],[76.01694684372194,11.158847653796215],[75.9914173238505,11.158830982164147],[75.98791220988062,11.151251631757475],[75.97439750753898,11.157277287317015],[75.98074353128902,11.172091063951484],[75.97659399821453,11.186997628138101],[75.99771604955612,11.180910369018363],[75.99823179456172,11.195350026782364],[76.01090950956626,11.19205678679134],[76.02175938129045,11.206196489176705],[76.01741544536657,11.211417736239582],[76.02489544406956,11.220819190453312],[76.01033395694662,11.22817934460113],[76.01947412752901,11.236838347311902],[76.00103120242812,11.247418071686695],[75.99385374915124,11.242236511705698],[75.99579718049552,11.25436676351535],[76.01370293154508,11.268078420083043],[76.04930359928176,11.267383543615722],[76.08546987403554,11.308907508774553],[76.11388177322533,11.314579202867947]]]}},{"id":"330","type":"Feature","properties":{"ST_NAME":"KERALA","AC_NO":30,"AC_NAME":"Kunnamangalam","DIST_NAME":"KOZHIKODE","PC_NAME":"KOZHIKODE"},"geometry":{"type":"Polygon","coordinates":[[[75.95598169879639,11.35030172874184],[75.9522664897068,11.314510133136196],[75.97845005862337,11.288169855554429],[75.97699400047281,11.2677648543646],[75.91748162847443,11.23637431152531],[75.90116921888438,11.242721424354272],[75.89713778927762,11.229937652300862],[75.87789985269609,11.223293414259729],[75.86966799468229,11.207258630781212],[75.84413207253715,11.208319189578958],[75.83257851728479,11.195958723916021],[75.83958975156582,11.210190364893492],[75.82260683983384,11.208352065195697],[75.8218947773222,11.223732346370753],[75.8096776779825,11.218140755791296],[75.80693492200908,11.229985222839787],[75.82369923822932,11.230202240940741],[75.82420512666533,11.243719779744083],[75.83470476551258,11.253706145822036],[75.8554984806704,11.255202781383275],[75.8512933910772,11.270542163190328],[75.87279135813475,11.289122186339853],[75.85586650843265,11.301387801405951],[75.86624583957388,11.31528398806563],[75.87803940319594,11.315782787145963],[75.87500700616846,11.329423728222537],[75.90710950000346,11.33940967431704],[75.92292374813252,11.333401798354373],[75.93219326101024,11.346304217066006],[75.94482435515994,11.341869528755808],[75.95598169879639,11.35030172874184]]]}},{"id":"331","type":"Feature","properties":{"ST_NAME":"KERALA","AC_NO":27,"AC_NAME":"Kozhikode North","DIST_NAME":"KOZHIKODE","PC_NAME":"KOZHIKODE"},"geometry":{"type":"Polygon","coordinates":[[[75.80443713596509,11.314826028998084],[75.81572599735694,11.303147032709433],[75.83040239535433,11.298689071743297],[75.84120658961245,11.306595927360206],[75.87279135813475,11.289122186339853],[75.8512933910772,11.270542163190328],[75.83779848461245,11.270620798111395],[75.83407093142841,11.280672905530196],[75.82574588386552,11.268642091759205],[75.80728645620502,11.270641605725586],[75.79498791336158,11.2373284769277],[75.78820116155441,11.237871963320515],[75.78376745890114,11.251405785248835],[75.77154755187809,11.250104482435972],[75.75172671251784,11.309120188545933],[75.80443713596509,11.314826028998084]]]}},{"id":"332","type":"Feature","properties":{"ST_NAME":"KERALA","AC_NO":28,"AC_NAME":"Kozhikode South","DIST_NAME":"KOZHIKODE","PC_NAME":"KOZHIKODE"},"geometry":{"type":"Polygon","coordinates":[[[75.8512933910772,11.270542163190328],[75.8554984806704,11.255202781383275],[75.83470476551258,11.253706145822036],[75.82420512666533,11.243719779744083],[75.82369923822932,11.230202240940741],[75.80693492200908,11.229985222839787],[75.8096776779825,11.218140755791296],[75.78566569121875,11.20946496543587],[75.77154755187809,11.250104482435972],[75.78376745890114,11.251405785248835],[75.79498791336158,11.2373284769277],[75.80728645620502,11.270641605725586],[75.82574588386552,11.268642091759205],[75.83407093142841,11.280672905530196],[75.83779848461245,11.270620798111395],[75.8512933910772,11.270542163190328]]]}},{"id":"333","type":"Feature","properties":{"ST_NAME":"KERALA","AC_NO":33,"AC_NAME":"Kondotty","DIST_NAME":"MALAPPURAM","PC_NAME":"MALAPPURAM"},"geometry":{"type":"Polygon","coordinates":[[[75.99579718049552,11.25436676351535],[75.99385374915124,11.242236511705698],[76.00103120242812,11.247418071686695],[76.01947412752901,11.236838347311902],[76.01033395694662,11.22817934460113],[76.02489544406956,11.220819190453312],[76.01741544536657,11.211417736239582],[76.02175938129045,11.206196489176705],[76.01090950956626,11.19205678679134],[75.99823179456172,11.195350026782364],[75.99771604955612,11.180910369018363],[75.97659399821453,11.186997628138101],[75.98074353128902,11.172091063951484],[75.97439750753898,11.157277287317015],[76.0077239894706,11.136573256150882],[76.00784404806444,11.098002579155775],[75.96308249476141,11.11789638051357],[75.96546425207362,11.133582084945317],[75.95130849678975,11.137221369670499],[75.93961484694768,11.159257800407204],[75.9234414248819,11.144239675320819],[75.90318395207777,11.172171027171203],[75.86150191847884,11.189416011239985],[75.85569612467646,11.201935924003749],[75.86966799468229,11.207258630781212],[75.87789985269609,11.223293414259729],[75.89713778927762,11.229937652300862],[75.90116921888438,11.242721424354272],[75.91748162847443,11.23637431152531],[75.97699400047281,11.2677648543646],[75.99579718049552,11.25436676351535]]]}},{"id":"334","type":"Feature","properties":{"ST_NAME":"KERALA","AC_NO":36,"AC_NAME":"Wandoor (SC)","DIST_NAME":"MALAPPURAM","PC_NAME":"WAYANAD"},"geometry":{"type":"Polygon","coordinates":[[[76.44995985176581,11.212926696110173],[76.4425992371651,11.203876132177811],[76.41033612531197,11.206715215434883],[76.40570714566832,11.184397653928613],[76.41549129109029,11.171776047626565],[76.41676243693695,11.142137388629635],[76.41211323154045,11.115790374226435],[76.34626862329839,11.088691866536465],[76.32151499981745,11.092901342123298],[76.3104741336744,11.07616391023629],[76.29417608625744,11.095262196493195],[76.27711132003145,11.091871487079516],[76.27383723560001,11.123296936204667],[76.28216900379653,11.140102052867519],[76.2689390996598,11.142291894855134],[76.26966377876045,11.157510768407292],[76.2270462272017,11.13500566767749],[76.19717977892373,11.137453987411618],[76.20402840408764,11.175204589720067],[76.18797213040955,11.1902601661738],[76.16018280579192,11.17072424013162],[76.15431113934767,11.183717660341813],[76.16099642064836,11.209448883759023],[76.1727922955281,11.212943261622286],[76.1776542400512,11.226143158979653],[76.16675705319551,11.235775443082275],[76.15695477204514,11.23077663883089],[76.13980642552616,11.264642222060957],[76.17826890148865,11.275687367178307],[76.18689551961262,11.257412944451858],[76.21524500855037,11.265999154237647],[76.2154306870766,11.25572648988566],[76.23307462389482,11.253534678382778],[76.23457918608062,11.234313429621125],[76.26098522029173,11.234083720287515],[76.2706104024482,11.215048939656867],[76.30867666499614,11.233284900178035],[76.31268984196271,11.241770473128895],[76.32427988271047,11.235620493491012],[76.35189912124753,11.243525845441468],[76.44995985176581,11.212926696110173]]]}},{"id":"335","type":"Feature","properties":{"ST_NAME":"KERALA","AC_NO":29,"AC_NAME":"Beypore","DIST_NAME":"KOZHIKODE","PC_NAME":"KOZHIKODE"},"geometry":{"type":"Polygon","coordinates":[[[75.78566569121875,11.20946496543587],[75.8218947773222,11.223732346370753],[75.82260683983384,11.208352065195697],[75.83958975156582,11.210190364893492],[75.83257851728479,11.195958723916021],[75.84413207253715,11.208319189578958],[75.85774559868048,11.207948079840037],[75.86150191847884,11.189416011239985],[75.88441689512365,11.185092695871276],[75.88703646106387,11.170927314244182],[75.87587179334867,11.164299415085964],[75.86498162750019,11.171730586897127],[75.85236174969504,11.154431367413736],[75.86119793413741,11.136858215334428],[75.84847089041932,11.142754864945118],[75.82611283154199,11.12447040578462],[75.80449033805871,11.156471922841035],[75.80931975140544,11.163002099867072],[75.80160836703254,11.166364280087521],[75.78566569121875,11.20946496543587]]]}},{"id":"336","type":"Feature","properties":{"ST_NAME":"KERALA","AC_NO":54,"AC_NAME":"Mannarkkad","DIST_NAME":"PALAKKAD","PC_NAME":"PALAKKAD"},"geometry":{"type":"Polygon","coordinates":[[[76.4425992371651,11.203876132177811],[76.43877257059773,11.199113471009923],[76.4519860441207,11.199301740483008],[76.4583402355135,11.187638444558615],[76.47342541405169,11.194835383446218],[76.47232250348083,11.208782083226595],[76.49896440648223,11.211462808461874],[76.53398028736041,11.196691157870703],[76.60044387378582,11.206129339497465],[76.62919040891029,11.194026572768166],[76.67771522927444,11.22113244500639],[76.6849368887265,11.233871910160588],[76.70665969798671,11.238072041791327],[76.73170018541526,11.215641689112715],[76.7220005987487,11.203426819192373],[76.72843324339954,11.191404995044536],[76.69985299382068,11.181611100072246],[76.68961317450845,11.15923124252788],[76.70556010501491,11.141908175721767],[76.71770368207933,11.147541398616681],[76.72837137364002,11.130317544119407],[76.74641968522036,11.137656363650308],[76.74564113672915,11.108464985170997],[76.7388377780411,11.103947492682664],[76.75484099981236,11.078999015792022],[76.74128309314028,11.07311551966552],[76.74418802116031,11.057011910171582],[76.77741072762302,11.042296293639083],[76.80012971411509,11.055147502255465],[76.79177126842933,11.037953364056534],[76.76596842750098,11.029652358069939],[76.73803178943558,11.039580447179958],[76.71088510416428,11.039016544378057],[76.6945467635224,11.022756666886721],[76.6859056015623,10.99022115488242],[76.66705618019864,10.96934447366857],[76.65929330154466,10.930550911395471],[76.62423413899438,10.925026330201035],[76.60620815218454,10.930192780672314],[76.59814472549874,10.920950239362128],[76.57119103923515,10.920424902187563],[76.56742840889399,10.930208177065765],[76.54232566319888,10.929503960239629],[76.53706948556834,10.957010446275149],[76.52274134823472,10.95247542420151],[76.52344632229,10.966114733008567],[76.5387313634617,10.980210284077373],[76.5501459590688,10.978588361263917],[76.56459362079903,10.995773400122346],[76.53809793587112,11.009108003331733],[76.51071538270878,11.009548036212948],[76.54304370890009,11.018729787849452],[76.52335402037181,11.024832452355838],[76.47301946907328,10.997578299898692],[76.47682084940271,10.97490092233977],[76.49827559144546,10.975226524584514],[76.49374411000275,10.954907845720527],[76.47173336300438,10.940321632637279],[76.44845096563961,10.950480531851099],[76.41704937642766,10.950446756013037],[76.41203817322315,10.969230951347356],[76.3868080556473,10.960779427628552],[76.37944510101067,10.977444820222331],[76.36315917105895,10.975715926648718],[76.37103155116523,10.997155167976643],[76.32553017327893,11.003638591947492],[76.32810566524432,11.024339424225104],[76.298358199971,11.028334452872741],[76.28841783961167,11.021460333727475],[76.28419469792703,11.035411135315712],[76.2948778479344,11.050465878997159],[76.32647977821927,11.05133367620823],[76.33460956497947,11.061225906650293],[76.32932631415815,11.074021547956136],[76.36046213302109,11.098091626427447],[76.37541004713603,11.09711181236031],[76.41211323154045,11.115790374226435],[76.41676243693695,11.142137388629635],[76.41549129109029,11.171776047626565],[76.40570714566832,11.184397653928613],[76.41033612531197,11.206715215434883],[76.4425992371651,11.203876132177811]]]}},{"id":"337","type":"Feature","properties":{"ST_NAME":"KERALA","AC_NO":37,"AC_NAME":"Manjeri","DIST_NAME":"MALAPPURAM","PC_NAME":"MALAPPURAM"},"geometry":{"type":"Polygon","coordinates":[[[76.15431113934767,11.183717660341813],[76.16018280579192,11.17072424013162],[76.18797213040955,11.1902601661738],[76.20402840408764,11.175204589720067],[76.19717977892373,11.137453987411618],[76.2270462272017,11.13500566767749],[76.26966377876045,11.157510768407292],[76.2689390996598,11.142291894855134],[76.28216900379653,11.140102052867519],[76.27383723560001,11.123296936204667],[76.27711132003145,11.091871487079516],[76.29417608625744,11.095262196493195],[76.3104741336744,11.07616391023629],[76.32151499981745,11.092901342123298],[76.33902980747968,11.09346188865527],[76.34626862329839,11.088691866536465],[76.32932631415815,11.074021547956136],[76.33460956497947,11.061225906650293],[76.3082312011091,11.047288951923633],[76.26266203772292,11.05873975963226],[76.24552505593664,11.037999901274475],[76.25005907976276,11.02684657940614],[76.24354925079734,11.014268509284307],[76.231821894365,11.02003957306789],[76.22344891293704,11.011873220772543],[76.20781441590265,11.022410087955222],[76.21169276201141,11.035206905574285],[76.18339628900759,11.050349312470871],[76.19477277314502,11.05869333482957],[76.19351603263885,11.070678830863415],[76.20609674406955,11.076972215495402],[76.20057417106119,11.09326530405059],[76.18986452792569,11.09113764208854],[76.18861765657965,11.100907836327622],[76.18082333582834,11.089825701195196],[76.16647068927097,11.096192944448887],[76.14795961714265,11.089373135361939],[76.13313434897111,11.098991601381329],[76.10820826070272,11.091628258237563],[76.09773414551444,11.111044373898778],[76.08620440071257,11.11528188045446],[76.07522981910091,11.102299693675945],[76.06803971326224,11.121576447694963],[76.10555742623427,11.16181573041166],[76.08813526762856,11.177743825517155],[76.0939416127153,11.180521479682568],[76.09063332886507,11.189521626721728],[76.09989902771804,11.191459040702227],[76.1021202578437,11.184149122683891],[76.11882982153907,11.194696674711793],[76.1385098666371,11.179804090486414],[76.15431113934767,11.183717660341813]]]}},{"id":"338","type":"Feature","properties":{"ST_NAME":"KERALA","AC_NO":40,"AC_NAME":"Malappuram","DIST_NAME":"MALAPPURAM","PC_NAME":"MALAPPURAM"},"geometry":{"type":"Polygon","coordinates":[[[76.0607403397949,11.166584035724725],[76.10555742623427,11.16181573041166],[76.10314940332233,11.154644972587448],[76.06803971326224,11.121576447694963],[76.07522981910091,11.102299693675945],[76.08620440071257,11.11528188045446],[76.09773414551444,11.111044373898778],[76.10820826070272,11.091628258237563],[76.13313434897111,11.098991601381329],[76.14795961714265,11.089373135361939],[76.16647068927097,11.096192944448887],[76.18082333582834,11.089825701195196],[76.18861765657965,11.100907836327622],[76.18986452792569,11.09113764208854],[76.20057417106119,11.09326530405059],[76.20609674406955,11.076972215495402],[76.19351603263885,11.070678830863415],[76.19477277314502,11.05869333482957],[76.17423287544688,11.04978990088324],[76.1631178503086,11.063328347125548],[76.12275403307223,11.082582346498157],[76.1268374938553,11.073303190190131],[76.1177049881947,11.06209299249764],[76.10413223011841,11.073947380866969],[76.0939951826316,11.06564235041418],[76.10243088277906,11.031399631987483],[76.09167301349885,10.998559616732962],[76.06227930014961,10.999043833306303],[76.04135963224127,11.040205617195511],[76.04558489003068,11.044318916584757],[76.0345741637667,11.049981008616726],[76.04403457123851,11.084145210832844],[76.02692955405576,11.088044214369063],[76.01244703550236,11.103287808485618],[76.00418887141933,11.117735410860575],[76.0077239894706,11.136573256150882],[75.98791220988062,11.151251631757475],[75.9914173238505,11.158830982164147],[76.01694684372194,11.158847653796215],[76.02070470855551,11.17355428070556],[76.03198914168559,11.167651761219872],[76.04003941398781,11.188372047631958],[76.0607403397949,11.166584035724725]]]}},{"id":"339","type":"Feature","properties":{"ST_NAME":"KERALA","AC_NO":42,"AC_NAME":"Vallikunnu","DIST_NAME":"MALAPPURAM","PC_NAME":"MALAPPURAM"},"geometry":{"type":"Polygon","coordinates":[[[75.88819229313987,11.17866365750183],[75.90318395207777,11.172171027171203],[75.9234414248819,11.144239675320819],[75.93961484694768,11.159257800407204],[75.95130849678975,11.137221369670499],[75.96546425207362,11.133582084945317],[75.95179613978007,11.089248552278889],[75.92057650140447,11.07743095607384],[75.91034136935878,11.080418709855621],[75.9038582745398,11.068454500774635],[75.91345607863519,11.065018136377944],[75.91619306096106,11.052951266088087],[75.88597399930069,11.049975538040712],[75.87487443620631,11.03891191095596],[75.88451160272837,11.066057898353392],[75.86339357315495,11.08375708052489],[75.8412827783776,11.082475211162091],[75.82611283154199,11.12447040578462],[75.84847089041932,11.142754864945118],[75.86119793413741,11.136858215334428],[75.85236174969504,11.154431367413736],[75.86498162750019,11.171730586897127],[75.87587179334867,11.164299415085964],[75.88819229313987,11.17866365750183]]]}},{"id":"340","type":"Feature","properties":{"ST_NAME":"KERALA","AC_NO":41,"AC_NAME":"Vengara","DIST_NAME":"MALAPPURAM","PC_NAME":"MALAPPURAM"},"geometry":{"type":"Polygon","coordinates":[[[75.96308249476141,11.11789638051357],[76.00784404806444,11.098002579155775],[76.01244703550236,11.103287808485618],[76.02692955405576,11.088044214369063],[76.04403457123851,11.084145210832844],[76.03411113162349,11.05944850274625],[76.04020792985216,11.055228795572532],[76.03636707378149,11.045891970238301],[76.04558489003068,11.044318916584757],[76.02933821998295,11.022287611983757],[76.03810844814643,11.003169319408585],[76.0302043579448,11.006776762737445],[76.0226237610778,10.993066590950434],[76.00840888975853,11.00521720790789],[75.98218135028912,11.00463786104848],[75.97610033336377,11.025568721919058],[75.96365048857922,11.033647544098926],[75.95458278716598,11.02499498143328],[75.94101542951853,11.036001859498242],[75.9436733938121,11.045538485412806],[75.92898244658272,11.045994763647457],[75.92220219687397,11.054181103375242],[75.91879406399494,11.044687660207387],[75.90790660780374,11.05227090467855],[75.91619306096106,11.052951266088087],[75.91345607863519,11.065018136377944],[75.9038582745398,11.068454500774635],[75.91034136935878,11.080418709855621],[75.92057650140447,11.07743095607384],[75.95179613978007,11.089248552278889],[75.95075313934598,11.100731111451694],[75.96308249476141,11.11789638051357]]]}},{"id":"341","type":"Feature","properties":{"ST_NAME":"KERALA","AC_NO":43,"AC_NAME":"Tirurangadi","DIST_NAME":"MALAPPURAM","PC_NAME":"PONNANI"},"geometry":{"type":"Polygon","coordinates":[[[75.85682387272362,11.083486423259899],[75.88451160272837,11.066057898353392],[75.87487443620631,11.03891191095596],[75.88597399930069,11.049975538040712],[75.90790660780374,11.05227090467855],[75.92222483730643,11.04524251403086],[75.92220219687397,11.054181103375242],[75.92898244658272,11.045994763647457],[75.9436733938121,11.045538485412806],[75.94101542951853,11.036001859498242],[75.95458278716598,11.02499498143328],[75.96365048857922,11.033647544098926],[75.97610033336377,11.025568721919058],[75.9972036392366,10.979609054014702],[76.01088876940122,10.969758166306406],[75.98155843487393,10.970973966075746],[75.97754599265352,10.96017139689252],[75.96316443289231,10.961293391976483],[75.9579979698305,10.976948803644405],[75.94742407306256,10.978726925207468],[75.94945279790835,10.989178613102581],[75.93716552357012,10.987684211457236],[75.92603348505736,10.998542428890005],[75.90112399018005,10.983194313766603],[75.88941586664896,11.022275963065283],[75.85821915558961,11.018565511389284],[75.8412827783776,11.082475211162091],[75.85682387272362,11.083486423259899]]]}},{"id":"342","type":"Feature","properties":{"ST_NAME":"KERALA","AC_NO":39,"AC_NAME":"Mankada","DIST_NAME":"MALAPPURAM","PC_NAME":"MALAPPURAM"},"geometry":{"type":"Polygon","coordinates":[[[76.20781441590265,11.022410087955222],[76.22933795877981,11.000469411634072],[76.2095600539534,10.984579883055233],[76.21527300984161,10.981903410713869],[76.20334382755567,10.948094888568278],[76.19341297123168,10.945820477932784],[76.15241675343049,10.964129713415616],[76.15240416202249,10.944385983726193],[76.16074769065347,10.936759155410755],[76.14898249434668,10.929176407365333],[76.16157608946503,10.912161355662079],[76.15081256614707,10.890299203645384],[76.11736269543212,10.90646552556359],[76.11757384545666,10.943226427557647],[76.1031515095346,10.940665672782643],[76.06816108036963,10.958874692313259],[76.08440469182312,10.975342312297926],[76.10243088277906,11.031399631987483],[76.0939951826316,11.06564235041418],[76.10413223011841,11.073947380866969],[76.1177049881947,11.06209299249764],[76.1268374938553,11.073303190190131],[76.12275403307223,11.082582346498157],[76.21169276201141,11.035206905574285],[76.20781441590265,11.022410087955222]]]}},{"id":"343","type":"Feature","properties":{"ST_NAME":"KERALA","AC_NO":38,"AC_NAME":"Perinthalmanna","DIST_NAME":"MALAPPURAM","PC_NAME":"MALAPPURAM"},"geometry":{"type":"Polygon","coordinates":[[[76.2948778479344,11.050465878997159],[76.28419469792703,11.035411135315712],[76.28841783961167,11.021460333727475],[76.31735148408376,11.029499865426487],[76.32810566524432,11.024339424225104],[76.32553017327893,11.003638591947492],[76.37103155116523,10.997155167976643],[76.36315917105895,10.975715926648718],[76.3284116811542,10.979853916924753],[76.32096111816111,10.935937357623004],[76.33331472649348,10.922789776526997],[76.33522844153941,10.906082730933349],[76.29589079842168,10.920356457484559],[76.28507668733931,10.913310696431552],[76.26886663858454,10.915493485935656],[76.25346817041981,10.88759352761923],[76.2304544239326,10.886837442394096],[76.2154459998331,10.914878807411071],[76.20437230663669,10.897774177836084],[76.18809596076005,10.899014330347143],[76.18874854930618,10.910226977792831],[76.17425004080678,10.905846949377235],[76.17062080240817,10.915120214226533],[76.16157608946503,10.912161355662079],[76.14898249434668,10.929176407365333],[76.16074769065347,10.936759155410755],[76.15240416202249,10.944385983726193],[76.15241675343049,10.964129713415616],[76.19341297123168,10.945820477932784],[76.20334382755567,10.948094888568278],[76.21527300984161,10.981903410713869],[76.2095600539534,10.984579883055233],[76.22933795877981,11.000469411634072],[76.22344891293704,11.011873220772543],[76.231821894365,11.02003957306789],[76.24354925079734,11.014268509284307],[76.25005907976276,11.02684657940614],[76.24552505593664,11.037999901274475],[76.26266203772292,11.05873975963226],[76.2948778479344,11.050465878997159]]]}},{"id":"344","type":"Feature","properties":{"ST_NAME":"KERALA","AC_NO":46,"AC_NAME":"Kottakkal","DIST_NAME":"MALAPPURAM","PC_NAME":"PONNANI"},"geometry":{"type":"Polygon","coordinates":[[[76.09167301349885,10.998559616732962],[76.08440469182312,10.975342312297926],[76.06816108036963,10.958874692313259],[76.12110232920918,10.938836910395139],[76.11736269543212,10.90646552556359],[76.13168417868195,10.896631568492126],[76.13115611746093,10.878880463962275],[76.11525570258868,10.881779027480206],[76.11243834965018,10.866725661560054],[76.10334243560499,10.871439368132371],[76.10262774797224,10.84628894218099],[76.09602107281432,10.841067314704844],[76.06895889503704,10.83790593960748],[76.04457625538993,10.848488772938595],[76.03226714011646,10.831542689343678],[76.02371074555452,10.837026648161327],[76.01947202221612,10.85618379414683],[75.99502202784436,10.862384237442654],[75.99635553897701,10.870528577931566],[75.98808581500839,10.873263786794382],[76.01431242367948,10.888790654764932],[76.04029909412793,10.881967817660723],[76.04138968578542,10.927186294911621],[76.02564625567021,10.929640225516039],[76.02280273785613,10.94252652118206],[76.00436412680307,10.94806712379875],[76.01088876940122,10.969758166306406],[75.9972036392366,10.979609054014702],[75.98702197368522,11.0015642390984],[75.99896621152152,11.007826676260152],[76.0226237610778,10.993066590950434],[76.0302043579448,11.006776762737445],[76.03810844814643,11.003169319408585],[76.02933821998295,11.022287611983757],[76.04135963224127,11.040205617195511],[76.06227930014961,10.999043833306303],[76.09167301349885,10.998559616732962]]]}},{"id":"345","type":"Feature","properties":{"ST_NAME":"KERALA","AC_NO":44,"AC_NAME":"Tanur","DIST_NAME":"MALAPPURAM","PC_NAME":"PONNANI"},"geometry":{"type":"Polygon","coordinates":[[[75.86262148449396,11.018378259948804],[75.88941586664896,11.022275963065283],[75.90658970355202,10.980953659184081],[75.92603348505736,10.998542428890005],[75.93716552357012,10.987684211457236],[75.94945279790835,10.989178613102581],[75.94742407306256,10.978726925207468],[75.9579979698305,10.976948803644405],[75.96316443289231,10.961293391976483],[75.95792481627728,10.934226027808961],[75.96889099732175,10.918353246405275],[75.95459239192542,10.909332387080042],[75.93876055845305,10.920088067410404],[75.92454978444505,10.945274887126402],[75.91333408649893,10.939023827287826],[75.89822890344118,10.906246778965738],[75.88391563190095,10.912702993048754],[75.86262148449396,11.018378259948804]]]}},{"id":"346","type":"Feature","properties":{"ST_NAME":"KERALA","AC_NO":53,"AC_NAME":"Kongad(SC)","DIST_NAME":"PALAKKAD","PC_NAME":"PALAKKAD"},"geometry":{"type":"Polygon","coordinates":[[[76.47173336300438,10.940321632637279],[76.49374411000275,10.954907845720527],[76.49827559144546,10.975226524584514],[76.47682084940271,10.97490092233977],[76.47301946907328,10.997578299898692],[76.52335402037181,11.024832452355838],[76.54304370890009,11.018729787849452],[76.51071538270878,11.009548036212948],[76.53809793587112,11.009108003331733],[76.56459362079903,10.995773400122346],[76.5501459590688,10.978588361263917],[76.5387313634617,10.980210284077373],[76.52344632229,10.966114733008567],[76.52274134823472,10.95247542420151],[76.53706948556834,10.957010446275149],[76.54232566319888,10.929503960239629],[76.56742840889399,10.930208177065765],[76.57119103923515,10.920424902187563],[76.56719362378675,10.879209966566748],[76.55732107051108,10.888332647134007],[76.54439141403259,10.882272112268197],[76.53824484732189,10.889347569834513],[76.5320795360418,10.877713917363451],[76.54394740704726,10.868699562834593],[76.53386955923281,10.864663518806424],[76.5363199644948,10.849181983861513],[76.5518502301041,10.847382254287652],[76.53428933488493,10.837434381891285],[76.53271683701246,10.82781324488542],[76.56825527975741,10.826708450234833],[76.58835876524489,10.81764207801956],[76.58989018748224,10.787862737175601],[76.58197406165368,10.779752346093971],[76.52582446702559,10.787532858654572],[76.50959395149971,10.770289359366473],[76.48918613902913,10.764098740264728],[76.47784219685997,10.781526274118278],[76.45382949603447,10.782693154365631],[76.44601239905302,10.79726351060259],[76.45275525135384,10.813280770790982],[76.46142681039902,10.81161678488678],[76.46408645912283,10.866950781653316],[76.48197927252545,10.87656657758555],[76.48498248745187,10.888251589439335],[76.52245901417223,10.887051911816343],[76.5110995847781,10.91105261298776],[76.47953454378421,10.914832036369432],[76.47173336300438,10.940321632637279]]]}},{"id":"347","type":"Feature","properties":{"ST_NAME":"KERALA","AC_NO":45,"AC_NAME":"Tirur","DIST_NAME":"MALAPPURAM","PC_NAME":"PONNANI"},"geometry":{"type":"Polygon","coordinates":[[[76.00779958558246,10.969794757921818],[76.00436412680307,10.94806712379875],[76.02280273785613,10.94252652118206],[76.02564625567021,10.929640225516039],[76.04138968578542,10.927186294911621],[76.04029909412793,10.881967817660723],[76.01431242367948,10.888790654764932],[75.9980171488724,10.88299356280271],[75.98808581500839,10.873263786794382],[75.99635553897701,10.870528577931566],[75.99502202784436,10.862384237442654],[75.96979361898036,10.853884749281804],[75.94781744461943,10.880479484640546],[75.93916318763104,10.879334917472534],[75.93840517695742,10.872392109008672],[75.91892548822074,10.871338432722553],[75.92181533371075,10.863783363111793],[75.91187862999482,10.854272809442648],[75.90330986525811,10.85526967645444],[75.90047510504212,10.871049273705069],[75.89376363548342,10.867626369461448],[75.88391563190095,10.912702993048754],[75.89822890344118,10.906246778965738],[75.91333408649893,10.939023827287826],[75.92454978444505,10.945274887126402],[75.93876055845305,10.920088067410404],[75.95459239192542,10.909332387080042],[75.96889099732175,10.918353246405275],[75.95792481627728,10.934226027808961],[75.96316443289231,10.961293391976483],[75.97754599265352,10.96017139689252],[75.98155843487393,10.970973966075746],[76.00779958558246,10.969794757921818]]]}},{"id":"348","type":"Feature","properties":{"ST_NAME":"KERALA","AC_NO":52,"AC_NAME":"Ottappalam","DIST_NAME":"PALAKKAD","PC_NAME":"PALAKKAD"},"geometry":{"type":"Polygon","coordinates":[[[76.3284116811542,10.979853916924753],[76.37944510101067,10.977444820222331],[76.3868080556473,10.960779427628552],[76.41203817322315,10.969230951347356],[76.41704937642766,10.950446756013037],[76.44845096563961,10.950480531851099],[76.47173336300438,10.940321632637279],[76.47953454378421,10.914832036369432],[76.5110995847781,10.91105261298776],[76.52245901417223,10.887051911816343],[76.48498248745187,10.888251589439335],[76.48197927252545,10.87656657758555],[76.46408645912283,10.866950781653316],[76.46142681039902,10.81161678488678],[76.45275525135384,10.813280770790982],[76.44601239905302,10.79726351060259],[76.45382949603447,10.782693154365631],[76.47784219685997,10.781526274118278],[76.48918613902913,10.764098740264728],[76.47248903094408,10.749456178359992],[76.3975798176545,10.746260005794682],[76.387713757484,10.766753859103346],[76.36568501055484,10.763839865917134],[76.3572290154068,10.785440000455708],[76.34287328957072,10.788834362915566],[76.3412284232532,10.800604652083052],[76.35331415592361,10.80580580559348],[76.36628158482733,10.799356604423792],[76.36206834827573,10.807150931470346],[76.37210677520756,10.83757230731618],[76.37774349106934,10.834242839035824],[76.38241020986334,10.845700173124555],[76.38914547818132,10.844350073097416],[76.3854161659234,10.85788390491831],[76.39485555264167,10.861593390722476],[76.38217869199309,10.878802783221943],[76.38866905153554,10.89180677945933],[76.39715980548067,10.890086576034719],[76.39797753113822,10.909512957457082],[76.35783476726078,10.929201361753485],[76.35381933029794,10.920908784213054],[76.34151252268481,10.919692810874551],[76.33522844153941,10.906082730933349],[76.33331472649348,10.922789776526997],[76.32096111816111,10.935937357623004],[76.3284116811542,10.979853916924753]]]}},{"id":"349","type":"Feature","properties":{"ST_NAME":"KERALA","AC_NO":51,"AC_NAME":"Shornur","DIST_NAME":"PALAKKAD","PC_NAME":"PALAKKAD"},"geometry":{"type":"Polygon","coordinates":[[[76.33522844153941,10.906082730933349],[76.34151252268481,10.919692810874551],[76.35381933029794,10.920908784213054],[76.35783476726078,10.929201361753485],[76.39797753113822,10.909512957457082],[76.39715980548067,10.890086576034719],[76.38866905153554,10.89180677945933],[76.38217869199309,10.878802783221943],[76.39485555264167,10.861593390722476],[76.3854161659234,10.85788390491831],[76.38914547818132,10.844350073097416],[76.38241020986334,10.845700173124555],[76.37774349106934,10.834242839035824],[76.37210677520756,10.83757230731618],[76.36206834827573,10.807150931470346],[76.36628158482733,10.799356604423792],[76.35331415592361,10.80580580559348],[76.3412284232532,10.800604652083052],[76.34287328957072,10.788834362915566],[76.3572290154068,10.785440000455708],[76.36568501055484,10.763839865917134],[76.35480216608715,10.743124289254581],[76.28806833248763,10.75627197916856],[76.24902393130947,10.747407967903428],[76.24023140355649,10.773506627329027],[76.26553474033608,10.779519926203704],[76.24940589766408,10.812362970374807],[76.26005285445575,10.811397419555306],[76.27506702702175,10.825839384979702],[76.26635264316002,10.832846570512856],[76.26420160242208,10.849859234516089],[76.2518296740003,10.851953757360036],[76.2532572155481,10.874159087971577],[76.26467555323427,10.875789930261135],[76.25346817041981,10.88759352761923],[76.26886663858454,10.915493485935656],[76.28507668733931,10.913310696431552],[76.29589079842168,10.920356457484559],[76.33522844153941,10.906082730933349]]]}},{"id":"350","type":"Feature","properties":{"ST_NAME":"KERALA","AC_NO":50,"AC_NAME":"Pattambi","DIST_NAME":"PALAKKAD","PC_NAME":"PALAKKAD"},"geometry":{"type":"Polygon","coordinates":[[[76.16157608946503,10.912161355662079],[76.17062080240817,10.915120214226533],[76.17425004080678,10.905846949377235],[76.18874854930618,10.910226977792831],[76.18809596076005,10.899014330347143],[76.20437230663669,10.897774177836084],[76.2154459998331,10.914878807411071],[76.2304544239326,10.886837442394096],[76.25346817041981,10.88759352761923],[76.26467555323427,10.875789930261135],[76.2532572155481,10.874159087971577],[76.2518296740003,10.851953757360036],[76.26420160242208,10.849859234516089],[76.26635264316002,10.832846570512856],[76.27506702702175,10.825839384979702],[76.26005285445575,10.811397419555306],[76.24940589766408,10.812362970374807],[76.26553474033608,10.779519926203704],[76.24634862359017,10.771663259951538],[76.23066522412086,10.772433076025663],[76.2201381676424,10.78193945414256],[76.18890150240247,10.782466510820882],[76.18263154331112,10.798898800039638],[76.16594252642653,10.794625942932953],[76.1366812751208,10.81187885272692],[76.14075348178778,10.844949421778438],[76.11872301085833,10.847951354271629],[76.1029052310916,10.859714292380716],[76.10334243560499,10.871439368132371],[76.11243834965018,10.866725661560054],[76.11525570258868,10.881779027480206],[76.13115611746093,10.878880463962275],[76.13168417868195,10.896631568492126],[76.15081256614707,10.890299203645384],[76.16157608946503,10.912161355662079]]]}},{"id":"351","type":"Feature","properties":{"ST_NAME":"KERALA","AC_NO":55,"AC_NAME":"Malampuzha","DIST_NAME":"PALAKKAD","PC_NAME":"PALAKKAD"},"geometry":{"type":"Polygon","coordinates":[[[76.65929330154466,10.930550911395471],[76.74119773488763,10.890316217019858],[76.78213158920153,10.891304353413204],[76.82807779425485,10.873007447635644],[76.84746154151696,10.849915598626012],[76.85282408376452,10.834249477831179],[76.84476137293905,10.82581882737702],[76.85050554429552,10.818877606216574],[76.82369072594628,10.813000703919386],[76.82612225443853,10.803711450023457],[76.81665005595539,10.796313467692414],[76.83486951661496,10.79350361330114],[76.81433395904503,10.782039510914728],[76.81444297486348,10.769803363934159],[76.80783734381839,10.769611525051914],[76.81425997182032,10.758938863837557],[76.80678548865944,10.76106126656424],[76.80385817291642,10.750786398873231],[76.78367710471468,10.752299363424925],[76.78773628650049,10.739950185152964],[76.7771919423543,10.743251302305794],[76.7803734820506,10.736136781787081],[76.76995836148927,10.734184164767441],[76.77096948635278,10.722690066393511],[76.75667157433372,10.738521253253282],[76.71249963185261,10.74498310068958],[76.71045641083475,10.71503454970474],[76.69635876344626,10.716341011028874],[76.68876721013868,10.73706217517929],[76.67030266713442,10.739127568082836],[76.67562536042209,10.74861419888623],[76.66909156002754,10.781543555490714],[76.6781810610072,10.799118642011763],[76.66739830658662,10.807828924964952],[76.64780440305083,10.796547000044086],[76.6454825540767,10.803443856748629],[76.64203171778962,10.790363146542006],[76.62625346772342,10.784830916613544],[76.59024264797989,10.799301766463373],[76.58835876524489,10.81764207801956],[76.56825527975741,10.826708450234833],[76.53271683701246,10.82781324488542],[76.53428933488493,10.837434381891285],[76.5518502301041,10.847382254287652],[76.5363199644948,10.849181983861513],[76.53386955923281,10.864663518806424],[76.54394740704726,10.868699562834593],[76.5320795360418,10.877713917363451],[76.53824484732189,10.889347569834513],[76.54439141403259,10.882272112268197],[76.55732107051108,10.888332647134007],[76.56719362378675,10.879209966566748],[76.57119103923515,10.920424902187563],[76.59814472549874,10.920950239362128],[76.60620815218454,10.930192780672314],[76.62423413899438,10.925026330201035],[76.65929330154466,10.930550911395471]]]}},{"id":"352","type":"Feature","properties":{"ST_NAME":"KERALA","AC_NO":47,"AC_NAME":"Thavanur","DIST_NAME":"MALAPPURAM","PC_NAME":"PONNANI"},"geometry":{"type":"Polygon","coordinates":[[[75.9445582268807,10.878296433433718],[75.96979361898036,10.853884749281804],[76.00595613996393,10.863457724894147],[76.01947202221612,10.85618379414683],[76.03394193137507,10.827256573532111],[76.02707608059671,10.822004257590493],[76.04993036919126,10.800705609975978],[76.04258890025761,10.795345853828167],[76.0391654753065,10.767272134801203],[76.01020644027506,10.766143795899495],[76.01670215707895,10.753503198613771],[75.99156189886259,10.733490991616009],[75.96460782499116,10.814057206774748],[75.91286193433086,10.786020586580833],[75.89376363548342,10.867626369461448],[75.90047510504212,10.871049273705069],[75.90330986525811,10.85526967645444],[75.91187862999482,10.854272809442648],[75.92181533371075,10.863783363111793],[75.91892548822074,10.871338432722553],[75.9445582268807,10.878296433433718]]]}},{"id":"353","type":"Feature","properties":{"ST_NAME":"KERALA","AC_NO":49,"AC_NAME":"Thrithala","DIST_NAME":"PALAKKAD","PC_NAME":"PONNANI"},"geometry":{"type":"Polygon","coordinates":[[[76.1029052310916,10.859714292380716],[76.12813352843966,10.8436307458623],[76.14075348178778,10.844949421778438],[76.1366812751208,10.81187885272692],[76.16594252642653,10.794625942932953],[76.18263154331112,10.798898800039638],[76.18372925759923,10.787294131818783],[76.20596316057146,10.768449552404945],[76.20313906631492,10.752102946993432],[76.19256164420455,10.750869343345585],[76.16125485792543,10.707041725195495],[76.15715983096146,10.718059504842302],[76.15392775746011,10.711675562976893],[76.13298587000196,10.722495611383408],[76.12271818519616,10.710486430804167],[76.09612041282685,10.72826760326734],[76.06927997638985,10.730368492412026],[76.06375363522216,10.743658056674008],[76.04662761617163,10.742496088523694],[76.03981651072343,10.755517027988503],[76.04258890025761,10.795345853828167],[76.04993036919126,10.800705609975978],[76.03492651724503,10.808289280725774],[76.03671165621802,10.815541423597892],[76.02707608059671,10.822004257590493],[76.03226714011646,10.831542689343678],[76.04457625538993,10.848488772938595],[76.06895889503704,10.83790593960748],[76.09602107281432,10.841067314704844],[76.1029052310916,10.859714292380716]]]}},{"id":"354","type":"Feature","properties":{"ST_NAME":"KERALA","AC_NO":48,"AC_NAME":"Ponnani","DIST_NAME":"MALAPPURAM","PC_NAME":"PONNANI"},"geometry":{"type":"Polygon","coordinates":[[[75.95835215972443,10.814076358736997],[75.97357627092822,10.801129553086469],[75.97023887422472,10.785586479332608],[75.99156189886259,10.733490991616009],[76.01670215707895,10.753503198613771],[76.01020644027506,10.766143795899495],[76.02019769686626,10.762182161777389],[76.02721716084335,10.767991556465233],[76.0391654753065,10.767272134801203],[76.04662761617163,10.742496088523694],[76.06941544216897,10.737594818446155],[76.05183426274107,10.704484048799884],[76.0371418397242,10.707398652625784],[76.00707638316862,10.689705518394987],[76.00094496913505,10.694937404437724],[75.98293366735493,10.687347948349213],[75.97738667955167,10.696518235428243],[75.95662961716317,10.686582963433068],[75.91286193433086,10.786020586580833],[75.95835215972443,10.814076358736997]]]}},{"id":"355","type":"Feature","properties":{"ST_NAME":"KERALA","AC_NO":58,"AC_NAME":"Chittur","DIST_NAME":"PALAKKAD","PC_NAME":"ALATHUR (SC)"},"geometry":{"type":"Polygon","coordinates":[[[76.85050554429552,10.818877606216574],[76.87156003496767,10.808578130376475],[76.90005254129181,10.808561689870146],[76.90717709464724,10.779202363898037],[76.88877083940275,10.734408490759279],[76.8932711179678,10.721905925018461],[76.86789230918276,10.695410779683812],[76.8826229956548,10.639505413044446],[76.85951685012259,10.632347118025109],[76.79715167480998,10.639673600656181],[76.78907084264534,10.630512519037552],[76.77020766435231,10.629620096590259],[76.7270137858576,10.636012228581535],[76.71127913042756,10.647991108303074],[76.70937998260018,10.659452573877218],[76.7030721863324,10.652998868003408],[76.69155372892152,10.661649036673737],[76.68897737090902,10.677389125807565],[76.69742384403526,10.68090992485321],[76.67607051764031,10.684781046707997],[76.65091739012553,10.703642072923401],[76.65599416829627,10.727225153218285],[76.66770126480156,10.716400300633438],[76.71045641083475,10.71503454970474],[76.71249963185261,10.74498310068958],[76.75667157433372,10.738521253253282],[76.77096948635278,10.722690066393511],[76.76995836148927,10.734184164767441],[76.7803734820506,10.736136781787081],[76.7771919423543,10.743251302305794],[76.78773628650049,10.739950185152964],[76.78367710471468,10.752299363424925],[76.80385817291642,10.750786398873231],[76.80678548865944,10.76106126656424],[76.81425997182032,10.758938863837557],[76.80783734381839,10.769611525051914],[76.81444297486348,10.769803363934159],[76.81433395904503,10.782039510914728],[76.83486951661496,10.79350361330114],[76.81665005595539,10.796313467692414],[76.82612225443853,10.803711450023457],[76.82369072594628,10.813000703919386],[76.85050554429552,10.818877606216574]]]}},{"id":"356","type":"Feature","properties":{"ST_NAME":"KERALA","AC_NO":56,"AC_NAME":"Palakkad","DIST_NAME":"PALAKKAD","PC_NAME":"PALAKKAD"},"geometry":{"type":"Polygon","coordinates":[[[76.66980581418704,10.804963376458716],[76.6781810610072,10.799118642011763],[76.66909156002754,10.781543555490714],[76.67562536042209,10.74861419888623],[76.67030266713442,10.739127568082836],[76.68876721013868,10.73706217517929],[76.69557366789053,10.720069284569888],[76.66770126480156,10.716400300633438],[76.65599416829627,10.727225153218285],[76.6375745824011,10.728257989514645],[76.62103616508699,10.713617094053689],[76.6059429268247,10.744768460396187],[76.59511804456218,10.725562393989321],[76.57725107137992,10.723216443184356],[76.5488623297328,10.735334048727395],[76.56774410420712,10.767719011523184],[76.56578257220798,10.783699759236526],[76.58197406165368,10.779752346093971],[76.59024264797989,10.799301766463373],[76.62625346772342,10.784830916613544],[76.64203171778962,10.790363146542006],[76.6454825540767,10.803443856748629],[76.64780440305083,10.796547000044086],[76.66980581418704,10.804963376458716]]]}},{"id":"357","type":"Feature","properties":{"ST_NAME":"KERALA","AC_NO":61,"AC_NAME":"Chelakkara (SC)","DIST_NAME":"THRISSUR","PC_NAME":"ALATHUR (SC)"},"geometry":{"type":"Polygon","coordinates":[[[76.18890150240247,10.782466510820882],[76.24023140355649,10.773506627329027],[76.24902393130947,10.747407967903428],[76.28806833248763,10.75627197916856],[76.35480216608715,10.743124289254581],[76.36568501055484,10.763839865917134],[76.387713757484,10.766753859103346],[76.3975798176545,10.746260005794682],[76.46678512493361,10.752934960180312],[76.47857732158616,10.734986522809834],[76.46384862981046,10.721023622642122],[76.45648182967278,10.699445624915711],[76.44074338719764,10.696556431434203],[76.45067044298662,10.66546058653688],[76.4225687190712,10.647199897357439],[76.41773201671924,10.627297449018101],[76.42588311201604,10.62729735998522],[76.42865435131733,10.614310737750372],[76.41380604970948,10.605954969346385],[76.41330306338574,10.595649703670915],[76.404213936524,10.600563322339497],[76.40280699484697,10.590989799939337],[76.38368338188263,10.59811060941712],[76.37938692836411,10.60917809729142],[76.35980660728916,10.620782319448551],[76.34266682591334,10.620363132852333],[76.32596832837572,10.599131118706225],[76.29666903484815,10.59821306737922],[76.29483995140271,10.609857373219256],[76.311788708682,10.608863278817296],[76.31256303665486,10.63130913580801],[76.3291570581518,10.626618396122126],[76.32904040708917,10.633640022968734],[76.30409027184862,10.638441589707668],[76.29809954236003,10.644099817352753],[76.30187330900606,10.652352961420092],[76.29346885400446,10.641749860967366],[76.28732741163083,10.652702337243113],[76.27541375074406,10.65427908711024],[76.27050884740544,10.668481112513405],[76.28055943497003,10.669539281812433],[76.26550541973938,10.67329868898338],[76.27253830969528,10.6794595027539],[76.26703388140857,10.682613294767805],[76.25785506156188,10.678162242393626],[76.2505617333374,10.694150803416903],[76.24394842478006,10.687793142439602],[76.24394945090648,10.709512426357435],[76.23282695599926,10.70933080377364],[76.2358686709025,10.703020514585148],[76.2189569629935,10.71295200403182],[76.21188103508177,10.707210757270673],[76.21865981439896,10.696817433577735],[76.2142727083189,10.692584261754348],[76.20762816810554,10.700047457524192],[76.19710763081258,10.694789158393007],[76.18866078356837,10.708086281456758],[76.17190951381309,10.700617221207835],[76.16125485792543,10.707041725195495],[76.19256164420455,10.750869343345585],[76.20313906631492,10.752102946993432],[76.20596316057146,10.768449552404945],[76.18890150240247,10.782466510820882]]]}},{"id":"358","type":"Feature","properties":{"ST_NAME":"KERALA","AC_NO":57,"AC_NAME":"Tarur (SC)","DIST_NAME":"PALAKKAD","PC_NAME":"ALATHUR (SC)"},"geometry":{"type":"Polygon","coordinates":[[[76.56391844757837,10.779355815218764],[76.56774410420712,10.767719011523184],[76.5488623297328,10.735334048727395],[76.56887961340351,10.728149068125049],[76.57099019813921,10.720006714238536],[76.56323178192127,10.71523155699083],[76.56013143301925,10.693521186253804],[76.55241181175575,10.696398457422902],[76.54402595923068,10.687476166491933],[76.54658218501987,10.6723270938204],[76.5273715563523,10.64100000084943],[76.51227704734794,10.628044441198028],[76.5355614744825,10.624537017769228],[76.53052113953902,10.610882031980225],[76.51307859060455,10.611558456157866],[76.48609462146965,10.575467041870525],[76.46519597881144,10.570605165695895],[76.4684954007422,10.563035909279847],[76.43075586459156,10.558427530406277],[76.42053406139786,10.578409572343958],[76.40926523959916,10.579144858048835],[76.404213936524,10.600563322339497],[76.41330306338574,10.595649703670915],[76.41380604970948,10.605954969346385],[76.42865435131733,10.614310737750372],[76.42588311201604,10.62729735998522],[76.41773201671924,10.627297449018101],[76.4225687190712,10.647199897357439],[76.45067044298662,10.66546058653688],[76.44074338719764,10.696556431434203],[76.45648182967278,10.699445624915711],[76.46384862981046,10.721023622642122],[76.47766706648201,10.730544268503252],[76.46846575009437,10.741443091225733],[76.47248903094408,10.749456178359992],[76.52582446702559,10.787532858654572],[76.54561646602713,10.789311312966788],[76.5521854739805,10.77919286615787],[76.56391844757837,10.779355815218764]]]}},{"id":"359","type":"Feature","properties":{"ST_NAME":"KERALA","AC_NO":62,"AC_NAME":"Kunnamkulam","DIST_NAME":"THRISSUR","PC_NAME":"ALATHUR (SC)"},"geometry":{"type":"Polygon","coordinates":[[[76.06927997638985,10.730368492412026],[76.09612041282685,10.72826760326734],[76.12271818519616,10.710486430804167],[76.13298587000196,10.722495611383408],[76.15392775746011,10.711675562976893],[76.15715983096146,10.718059504842302],[76.17190951381309,10.700617221207835],[76.18866078356837,10.708086281456758],[76.19710763081258,10.694789158393007],[76.20762816810554,10.700047457524192],[76.2142727083189,10.692584261754348],[76.21865981439896,10.696817433577735],[76.21188103508177,10.707210757270673],[76.2189569629935,10.71295200403182],[76.2358686709025,10.703020514585148],[76.23282695599926,10.70933080377364],[76.24394945090648,10.709512426357435],[76.24394842478006,10.687793142439602],[76.2349747088158,10.670409105196086],[76.19699735504395,10.671315189244638],[76.18152675045923,10.66020715273794],[76.18162075389472,10.633296063762373],[76.17264704422576,10.629346755748202],[76.17553343541977,10.618005503451286],[76.16338875668583,10.611548909854378],[76.15489520315117,10.623181850961714],[76.14443824522891,10.621456634715969],[76.14254943420906,10.643771277022893],[76.12839827805817,10.649921441921038],[76.1098982379134,10.6466823483118],[76.10450417352882,10.631414670350807],[76.08414890484812,10.62935543690395],[76.05928861008135,10.60781094881628],[76.02819621228542,10.652561359519154],[76.03223785189539,10.670480312616405],[76.00707638316862,10.689705518394987],[76.0371418397242,10.707398652625784],[76.05183426274107,10.704484048799884],[76.05933809797489,10.727614516496772],[76.0670716713206,10.72340776045985],[76.06927997638985,10.730368492412026]]]}},{"id":"360","type":"Feature","properties":{"ST_NAME":"KERALA","AC_NO":60,"AC_NAME":"Alathur","DIST_NAME":"PALAKKAD","PC_NAME":"ALATHUR (SC)"},"geometry":{"type":"Polygon","coordinates":[[[76.6059429268247,10.744768460396187],[76.62103616508699,10.713617094053689],[76.6375745824011,10.728257989514645],[76.65147949608195,10.726133602883522],[76.6552239790035,10.715761589525812],[76.64384495877789,10.693305382237668],[76.63013967390691,10.687681309944537],[76.63015915052443,10.644132397991825],[76.6036003907455,10.635530633531971],[76.60152934290488,10.621283876749544],[76.61093481349093,10.606684447229497],[76.56226503410409,10.587423208314476],[76.5391796530186,10.54745681767804],[76.59927351406151,10.47361617704496],[76.5782341616773,10.444282885546784],[76.58250582448426,10.437198305257652],[76.5587618680658,10.434838275565994],[76.5573373149652,10.444110546664433],[76.53646340006594,10.44908000783613],[76.52294821748632,10.469349954237032],[76.47455368280629,10.487470959817017],[76.4329810472376,10.53443864902448],[76.44288256138117,10.562118131346722],[76.4684954007422,10.563035909279847],[76.46519597881144,10.570605165695895],[76.48609462146965,10.575467041870525],[76.51307859060455,10.611558456157866],[76.53052113953902,10.610882031980225],[76.5355614744825,10.624537017769228],[76.51227704734794,10.628044441198028],[76.54658218501987,10.6723270938204],[76.54402595923068,10.687476166491933],[76.55241181175575,10.696398457422902],[76.56013143301925,10.693521186253804],[76.56887961340351,10.728149068125049],[76.59511804456218,10.725562393989321],[76.6059429268247,10.744768460396187]]]}},{"id":"361","type":"Feature","properties":{"ST_NAME":"KERALA","AC_NO":63,"AC_NAME":"Guruvayoor","DIST_NAME":"THRISSUR","PC_NAME":"THRISSUR"},"geometry":{"type":"Polygon","coordinates":[[[76.00094496913505,10.694937404437724],[76.03223785189539,10.670480312616405],[76.02819621228542,10.652561359519154],[76.05928861008135,10.60781094881628],[76.04820600999943,10.60241225112452],[76.04203751062266,10.586363386960784],[76.0359239247494,10.588106172362018],[76.0416698264014,10.573803842873076],[76.0344466093236,10.570002830366377],[76.07855814524225,10.496423695497185],[76.05714683415914,10.491341226416523],[76.0530811403824,10.482606105987031],[75.95662961716317,10.686582963433068],[75.97738667955167,10.696518235428243],[75.98293366735493,10.687347948349213],[76.00094496913505,10.694937404437724]]]}},{"id":"362","type":"Feature","properties":{"ST_NAME":"KERALA","AC_NO":65,"AC_NAME":"Wadakkanchery","DIST_NAME":"THRISSUR","PC_NAME":"ALATHUR (SC)"},"geometry":{"type":"Polygon","coordinates":[[[76.2505617333374,10.694150803416903],[76.25785506156188,10.678162242393626],[76.26703388140857,10.682613294767805],[76.27253830969528,10.6794595027539],[76.26550541973938,10.67329868898338],[76.28055943497003,10.669539281812433],[76.27050884740544,10.668481112513405],[76.27541375074406,10.65427908711024],[76.28732741163083,10.652702337243113],[76.29346885400446,10.641749860967366],[76.30187330900606,10.652352961420092],[76.29809954236003,10.644099817352753],[76.30409027184862,10.638441589707668],[76.32904040708917,10.633640022968734],[76.3291570581518,10.626618396122126],[76.31256303665486,10.63130913580801],[76.311788708682,10.608863278817296],[76.29483995140271,10.609857373219256],[76.29666903484815,10.59821306737922],[76.2746976781554,10.601629509094607],[76.25768827149659,10.577994024404745],[76.25770692073786,10.587126489595846],[76.2483481195701,10.587140492939454],[76.24988129998206,10.572852415006992],[76.24057566853236,10.567401581817592],[76.2244998399957,10.574466096433241],[76.22433252742428,10.56809652663344],[76.2072789712476,10.56558931839237],[76.20423270937209,10.550816924961168],[76.18158695377497,10.549237804481152],[76.17000491429542,10.533732046296961],[76.1490788674958,10.531403440716247],[76.14824927978049,10.514595806851048],[76.13412458977803,10.512291449690679],[76.12398074071865,10.532379188948482],[76.12550978964515,10.54830684788277],[76.116758202629,10.550390218234043],[76.11119548928048,10.566446932579936],[76.11900227733327,10.583464904381856],[76.11243091495481,10.590803348895463],[76.1228280391827,10.60273934534456],[76.11598891085958,10.607099523024601],[76.13149259610645,10.608780577161951],[76.14012790527869,10.621689249759129],[76.15489520315117,10.623181850961714],[76.16338875668583,10.611548909854378],[76.17553343541977,10.618005503451286],[76.18152675045923,10.66020715273794],[76.19699735504395,10.671315189244638],[76.2349747088158,10.670409105196086],[76.2505617333374,10.694150803416903]]]}},{"id":"363","type":"Feature","properties":{"ST_NAME":"KERALA","AC_NO":59,"AC_NAME":"Nemmara","DIST_NAME":"PALAKKAD","PC_NAME":"ALATHUR (SC)"},"geometry":{"type":"Polygon","coordinates":[[[76.65091739012553,10.703642072923401],[76.69742384403526,10.68090992485321],[76.68897737090902,10.677389125807565],[76.69155372892152,10.661649036673737],[76.7030721863324,10.652998868003408],[76.70937998260018,10.659452573877218],[76.71127913042756,10.647991108303074],[76.7270137858576,10.636012228581535],[76.77020766435231,10.629620096590259],[76.78907084264534,10.630512519037552],[76.79715167480998,10.639673600656181],[76.81449679569062,10.635809569955711],[76.8104500839043,10.624280773938608],[76.81740814936666,10.603826895494876],[76.8387671531816,10.597073814305134],[76.8353355524938,10.545751319068188],[76.8430708327528,10.537362345895588],[76.83044520108524,10.498543078300486],[76.8282648055764,10.450830052564925],[76.81623445765416,10.423744581447352],[76.83354303368412,10.408106566265076],[76.82366448282966,10.39543239728738],[76.84874026954787,10.368637526800455],[76.83757930793877,10.338027246560216],[76.8165101124518,10.34925981129129],[76.80418279310146,10.33708001942739],[76.77743673691594,10.342359649578214],[76.77154770276434,10.334354428813867],[76.75444551574799,10.336329708749133],[76.75233160172212,10.347759524482512],[76.76333926129792,10.354250182599912],[76.76316383684167,10.362511709248054],[76.71867303343379,10.373651665392117],[76.68669903833,10.364025407646523],[76.66146358957303,10.386384388328906],[76.65464449724578,10.377597757430635],[76.64537454370031,10.383601786992926],[76.62320472281976,10.379794173462358],[76.5782341616773,10.444282885546784],[76.59927351406151,10.47361617704496],[76.5391796530186,10.54745681767804],[76.56226503410409,10.587423208314476],[76.61093481349093,10.606684447229497],[76.60152934290488,10.621283876749544],[76.6036003907455,10.635530633531971],[76.63015915052443,10.644132397991825],[76.63013967390691,10.687681309944537],[76.65091739012553,10.703642072923401]]]}},{"id":"364","type":"Feature","properties":{"ST_NAME":"KERALA","AC_NO":64,"AC_NAME":"Manalur","DIST_NAME":"THRISSUR","PC_NAME":"THRISSUR"},"geometry":{"type":"Polygon","coordinates":[[[76.14443824522891,10.621456634715969],[76.13149259610645,10.608780577161951],[76.11598891085958,10.607099523024601],[76.1228280391827,10.60273934534456],[76.11243091495481,10.590803348895463],[76.11900227733327,10.583464904381856],[76.11346393920951,10.557034868164692],[76.12550978964515,10.54830684788277],[76.12398074071865,10.532379188948482],[76.13412458977803,10.512291449690679],[76.15837032383143,10.514858515008484],[76.16401196348141,10.497552473268058],[76.17538303819668,10.503655425557497],[76.17837389104227,10.488746679615645],[76.1610684428544,10.465421711043177],[76.1270734480812,10.475354621418717],[76.09793054575812,10.460661664204508],[76.0671171212582,10.456015908607355],[76.0530811403824,10.482606105987031],[76.05714683415914,10.491341226416523],[76.07855814524225,10.496423695497185],[76.0344466093236,10.570002830366377],[76.0416698264014,10.573803842873076],[76.0359239247494,10.588106172362018],[76.04203751062266,10.586363386960784],[76.04820600999943,10.60241225112452],[76.08414890484812,10.62935543690395],[76.10450417352882,10.631414670350807],[76.1098982379134,10.6466823483118],[76.14254943420906,10.643771277022893],[76.14443824522891,10.621456634715969]]]}},{"id":"365","type":"Feature","properties":{"ST_NAME":"KERALA","AC_NO":66,"AC_NAME":"Ollur","DIST_NAME":"THRISSUR","PC_NAME":"THRISSUR"},"geometry":{"type":"Polygon","coordinates":[[[76.35980660728916,10.620782319448551],[76.43905772223616,10.557221540441788],[76.4329810472376,10.53443864902448],[76.47898631166902,10.486456354577172],[76.44676701388664,10.47085298577673],[76.39981206717323,10.473078335696698],[76.36076620369738,10.452870970418985],[76.33106580444337,10.473977958116336],[76.27553582202063,10.472151896392973],[76.24709160119647,10.463117766671644],[76.24940177607118,10.45457726402958],[76.23921393127796,10.431260990102658],[76.23761853576684,10.477124826249792],[76.22862775516683,10.481468068796403],[76.22606580519283,10.50480713514122],[76.2381207136001,10.5126683258826],[76.24187124086512,10.53190929677669],[76.25833491372532,10.534679226665048],[76.25105072621011,10.555929663423285],[76.2746976781554,10.601629509094607],[76.32596832837572,10.599131118706225],[76.34266682591334,10.620363132852333],[76.35980660728916,10.620782319448551]]]}},{"id":"366","type":"Feature","properties":{"ST_NAME":"KERALA","AC_NO":67,"AC_NAME":"Thrissur","DIST_NAME":"THRISSUR","PC_NAME":"THRISSUR"},"geometry":{"type":"Polygon","coordinates":[[[76.26524681249049,10.584799424553864],[76.25105072621011,10.555929663423285],[76.25833491372532,10.534679226665048],[76.24187124086512,10.53190929677669],[76.2381207136001,10.5126683258826],[76.22812779236381,10.509975842011556],[76.22862775516683,10.481468068796403],[76.21901848741334,10.474890264574071],[76.1743058788133,10.480921982463542],[76.17538303819668,10.503655425557497],[76.16401196348141,10.497552473268058],[76.15837032383143,10.514858515008484],[76.14824927978049,10.514595806851048],[76.1490788674958,10.531403440716247],[76.17000491429542,10.533732046296961],[76.18158695377497,10.549237804481152],[76.20423270937209,10.550816924961168],[76.2072789712476,10.56558931839237],[76.22433252742428,10.56809652663344],[76.2244998399957,10.574466096433241],[76.24057566853236,10.567401581817592],[76.24988129998206,10.572852415006992],[76.2483481195701,10.587140492939454],[76.25770692073786,10.587126489595846],[76.25768827149659,10.577994024404745],[76.26524681249049,10.584799424553864]]]}},{"id":"367","type":"Feature","properties":{"ST_NAME":"KERALA","AC_NO":68,"AC_NAME":"Nattika(SC)","DIST_NAME":"THRISSUR","PC_NAME":"THRISSUR"},"geometry":{"type":"Polygon","coordinates":[[[76.1743058788133,10.480921982463542],[76.23761853576684,10.477124826249792],[76.23528955067229,10.456448872817248],[76.2239395191935,10.452993670321689],[76.2194964240208,10.440396304345995],[76.22427200844646,10.43175167639879],[76.21660847430172,10.415373469709891],[76.22270389297034,10.40435951398041],[76.19182560846514,10.412599966815037],[76.1711507719906,10.400653925838071],[76.15291326193756,10.404092497171064],[76.13890764217399,10.385604766946471],[76.12701427179127,10.404410319380759],[76.12256167258317,10.387737716922175],[76.1325730569011,10.365177225148898],[76.11023775716683,10.350505899327857],[76.0671171212582,10.456015908607355],[76.09793054575812,10.460661664204508],[76.1270734480812,10.475354621418717],[76.1610684428544,10.465421711043177],[76.1743058788133,10.480921982463542]]]}},{"id":"368","type":"Feature","properties":{"ST_NAME":"KERALA","AC_NO":71,"AC_NAME":"Puthukkad","DIST_NAME":"THRISSUR","PC_NAME":"THRISSUR"},"geometry":{"type":"Polygon","coordinates":[[[76.47898631166902,10.486456354577172],[76.52294821748632,10.469349954237032],[76.53646340006594,10.44908000783613],[76.5573373149652,10.444110546664433],[76.5587618680658,10.434838275565994],[76.58696046065677,10.43637004224371],[76.50102109754567,10.383228670866515],[76.47400559817987,10.380839702790126],[76.46620407565763,10.372484214974577],[76.41133851775845,10.357759000877252],[76.38597355403635,10.37017014873345],[76.36362986452667,10.361431734986638],[76.33844727522165,10.376284648317892],[76.33541931185181,10.365550288215275],[76.31522825937674,10.37774086564849],[76.30970277886018,10.372392127095054],[76.31382483135093,10.380744146225425],[76.30334719351822,10.384484643351641],[76.27530630694059,10.370721315336482],[76.27018276672135,10.392262259195945],[76.24383969584534,10.383675123108503],[76.21660847430172,10.415373469709891],[76.2239395191935,10.452993670321689],[76.23775501238396,10.454893975576567],[76.23921393127796,10.431260990102658],[76.24709160119647,10.463117766671644],[76.27553582202063,10.472151896392973],[76.33106580444337,10.473977958116336],[76.36076620369738,10.452870970418985],[76.39981206717323,10.473078335696698],[76.44676701388664,10.47085298577673],[76.47898631166902,10.486456354577172]]]}},{"id":"369","type":"Feature","properties":{"ST_NAME":"KERALA","AC_NO":72,"AC_NAME":"Chalakudy","DIST_NAME":"THRISSUR","PC_NAME":"CHALAKUDY"},"geometry":{"type":"Polygon","coordinates":[[[76.58696046065677,10.43637004224371],[76.62320472281976,10.379794173462358],[76.64537454370031,10.383601786992926],[76.65464449724578,10.377597757430635],[76.66146358957303,10.386384388328906],[76.68669903833,10.364025407646523],[76.71867303343379,10.373651665392117],[76.76316383684167,10.362511709248054],[76.76333926129792,10.354250182599912],[76.75233160172212,10.347759524482512],[76.75444551574799,10.336329708749133],[76.77154770276434,10.334354428813867],[76.77743673691594,10.342359649578214],[76.80418279310146,10.33708001942739],[76.8165101124518,10.34925981129129],[76.83757930793877,10.338027246560216],[76.83003521725152,10.303923217982174],[76.84856534691329,10.285440584215621],[76.87319706009629,10.298506478091554],[76.87333495494426,10.276668079868045],[76.89751644952457,10.262615220516068],[76.90111648783568,10.251928969646258],[76.87789666170164,10.260578821755246],[76.87520376414244,10.271395775594613],[76.8359320260422,10.283932855516923],[76.82911290044007,10.275517294787392],[76.80959874788397,10.286436610361307],[76.76902333995525,10.269298691481481],[76.74906777136061,10.278565144865581],[76.6955651692972,10.264605707987073],[76.66197140615554,10.28068654215025],[76.62145594433645,10.274214108794126],[76.57699835019378,10.303296401307932],[76.56621138874465,10.294216403464304],[76.57330643714243,10.285010808102356],[76.55461183496828,10.283499991131748],[76.54515316858391,10.290228370642865],[76.52423856026138,10.284860684273212],[76.49034733646045,10.294389301724948],[76.41562671639991,10.294197006886407],[76.41151292058487,10.278772426006697],[76.3907481177315,10.266424077809006],[76.39057783559866,10.25576124798323],[76.37805387768435,10.255203057675033],[76.37958998808756,10.24544211026523],[76.35810642816921,10.237026928150271],[76.35134504174033,10.24182999675702],[76.35376370183343,10.258873031765063],[76.31674842839732,10.236799175741396],[76.31821171439918,10.248525562704629],[76.28862114574935,10.256849748717002],[76.2950196278536,10.277965163961198],[76.3038362754238,10.275904518578727],[76.30256622854864,10.291326628121453],[76.3114170692424,10.293194005598934],[76.3156479873648,10.343790267706765],[76.2890593287251,10.346731950119477],[76.28367437986878,10.362224699610238],[76.29064251234212,10.378812418658242],[76.30334719351822,10.384484643351641],[76.31382483135093,10.380744146225425],[76.30970277886018,10.372392127095054],[76.31522825937674,10.37774086564849],[76.33541931185181,10.365550288215275],[76.33844727522165,10.376284648317892],[76.36362986452667,10.361431734986638],[76.38597355403635,10.37017014873345],[76.41133851775845,10.357759000877252],[76.46620407565763,10.372484214974577],[76.47400559817987,10.380839702790126],[76.50102109754567,10.383228670866515],[76.58696046065677,10.43637004224371]]]}},{"id":"370","type":"Feature","properties":{"ST_NAME":"KERALA","AC_NO":70,"AC_NAME":"Irinjalakuda","DIST_NAME":"THRISSUR","PC_NAME":"THRISSUR"},"geometry":{"type":"Polygon","coordinates":[[[76.22270389297034,10.40435951398041],[76.24383969584534,10.383675123108503],[76.27018276672135,10.392262259195945],[76.27530630694059,10.370721315336482],[76.28820457348235,10.372383641092199],[76.2890593287251,10.346731950119477],[76.3156479873648,10.343790267706765],[76.3114170692424,10.293194005598934],[76.2966153615098,10.289745057888183],[76.28591700936255,10.300434942918343],[76.2790777452418,10.286839695495587],[76.27101815506387,10.28632886078833],[76.25373895089194,10.296911877581124],[76.24905039655863,10.284039970168521],[76.23114315263444,10.282191321971993],[76.23143186918549,10.312019288259592],[76.2038278777544,10.317966522936729],[76.19891792292384,10.311378954774966],[76.2086824325483,10.311057859033042],[76.20518054264801,10.292999678292574],[76.19557113460024,10.296864361001496],[76.19172248050813,10.288351368620795],[76.17649566953958,10.288479506723888],[76.16406508913263,10.300835401132929],[76.16831961355939,10.316680960957626],[76.15525072943768,10.32399328286374],[76.15965900735733,10.353180966028788],[76.15273525552766,10.355281149205723],[76.15712997167094,10.363440016443633],[76.14520527790131,10.385524134631169],[76.15291326193756,10.404092497171064],[76.1711507719906,10.400653925838071],[76.19182560846514,10.412599966815037],[76.22270389297034,10.40435951398041]]]}},{"id":"371","type":"Feature","properties":{"ST_NAME":"KERALA","AC_NO":69,"AC_NAME":"Kaipamangalam","DIST_NAME":"THRISSUR","PC_NAME":"CHALAKUDY"},"geometry":{"type":"Polygon","coordinates":[[[76.14901340854203,10.394679207879165],[76.14520527790131,10.385524134631169],[76.15712997167094,10.363440016443633],[76.15273525552766,10.355281149205723],[76.15965900735733,10.353180966028788],[76.15525072943768,10.32399328286374],[76.16831961355939,10.316680960957626],[76.16406508913263,10.300835401132929],[76.17649566953958,10.288479506723888],[76.17963156954136,10.268257799058233],[76.20059212872383,10.25786376490089],[76.20013019375352,10.243207509918705],[76.17667674443624,10.23813846232025],[76.19041072487511,10.21942451572886],[76.17420586520859,10.20974952012432],[76.17944044831808,10.188446573750412],[76.16711694479125,10.182266528877278],[76.11023775716683,10.350505899327857],[76.1325730569011,10.365177225148898],[76.1231561316502,10.400852086954274],[76.1371582602456,10.395634903927714],[76.13890764217399,10.385604766946471],[76.14901340854203,10.394679207879165]]]}},{"id":"372","type":"Feature","properties":{"ST_NAME":"KERALA","AC_NO":88,"AC_NAME":"Devikulam (SC)","DIST_NAME":"IDUKKI","PC_NAME":"IDUKKI"},"geometry":{"type":"Polygon","coordinates":[[[77.0509154018244,10.262657868166116],[77.0528467345892,10.272539535171461],[77.0435168664103,10.283705130087753],[77.0912323769727,10.314148493458276],[77.09593912459098,10.309126099090236],[77.12047211469638,10.318078941789793],[77.17650207161336,10.358073772586579],[77.23577479047424,10.352161837199048],[77.22774997438188,10.316414767027936],[77.2629250982148,10.263904735015558],[77.2568843358435,10.259197672634514],[77.2593176485907,10.230214798374277],[77.26940966342528,10.237075194764486],[77.28811038998259,10.231711546350823],[77.29501806912862,10.217725267407218],[77.28311830186817,10.20779327344087],[77.27521593296899,10.185016397588754],[77.27501779613442,10.132090068501896],[77.26652110306651,10.121838574190917],[77.23917173578701,10.130162196328342],[77.21653028704316,10.115472475774197],[77.20719365866046,10.118138238089273],[77.20128915616965,10.106483300463992],[77.20487494832025,10.086990149775659],[77.23146801543663,10.066531100230122],[77.26195891786983,10.03073167602605],[77.26188304566608,10.021943161947434],[77.21468124494356,10.011141551441483],[77.19737049435287,10.016588454593546],[77.19480198922048,10.025200685363416],[77.16832609657217,10.026757535931608],[77.15358186091419,10.006232043574016],[77.1386698207557,10.010643804567962],[77.13215861492819,9.983850033951967],[77.10884764790069,9.9895519902322],[77.104376108071,9.979705653093447],[77.08527739643478,9.972480721008537],[77.0662486889259,9.988494806590097],[77.05782985646277,9.978249297267325],[77.01725940020123,9.973011011648907],[77.00193747063781,9.980660285244028],[76.98242362654918,9.95115831510418],[76.79704724103738,10.041942189380563],[76.76956582360395,10.066557955785072],[76.80692818858512,10.066108001583075],[76.80419546454908,10.057737608403954],[76.82506538106253,10.06256875654293],[76.81387063282352,10.081022621896523],[76.82500717873836,10.089666872128475],[76.86485975747189,10.073791918862014],[76.86675421623414,10.094758608722884],[76.92700882749546,10.17909193554442],[76.96720283474309,10.160502998314769],[76.99792581442483,10.162397217857347],[77.0234114248974,10.178909262552452],[77.02917461061986,10.17254587379307],[77.05705199145632,10.17757465064966],[77.06186523049604,10.169707715039067],[77.08390266217816,10.173956873211182],[77.08753924174266,10.185964392742562],[77.06624212747226,10.196344852532945],[77.06397544830833,10.211368358263144],[77.03975342128342,10.203429933744474],[77.0137233648415,10.222686600506279],[77.06030700306582,10.236072369744136],[77.06155143545044,10.247869173623485],[77.0509154018244,10.262657868166116]]]}},{"id":"373","type":"Feature","properties":{"ST_NAME":"KERALA","AC_NO":73,"AC_NAME":"Kodungallur","DIST_NAME":"THRISSUR","PC_NAME":"CHALAKUDY"},"geometry":{"type":"Polygon","coordinates":[[[76.19891792292384,10.311378954774966],[76.23143186918549,10.312019288259592],[76.23114315263444,10.282191321971993],[76.24905039655863,10.284039970168521],[76.25373895089194,10.296911877581124],[76.2790777452418,10.286839695495587],[76.28591700936255,10.300434942918343],[76.30256622854864,10.291326628121453],[76.3038362754238,10.275904518578727],[76.2950196278536,10.277965163961198],[76.28862114574935,10.256849748717002],[76.31821171439918,10.248525562704629],[76.31674842839732,10.236799175741396],[76.35376370183343,10.258873031765063],[76.35134504174033,10.24182999675702],[76.35810642816921,10.237026928150271],[76.33960385193626,10.231977369759875],[76.3309228059428,10.209027355528065],[76.31023727113319,10.205814601262887],[76.31205108319097,10.182908035977107],[76.30200054508913,10.185669523929448],[76.29663321575038,10.17612842118973],[76.27402423163306,10.175070018066947],[76.26112026249018,10.189815108080836],[76.26368046328281,10.199986189511094],[76.2197929394926,10.207083219115304],[76.21348355772005,10.194190600316006],[76.17944044831808,10.188446573750412],[76.17420586520859,10.20974952012432],[76.19041072487511,10.21942451572886],[76.17667674443624,10.23813846232025],[76.20013019375352,10.243207509918705],[76.20059212872383,10.25786376490089],[76.17963156954136,10.268257799058233],[76.17649566953958,10.288479506723888],[76.19172248050813,10.288351368620795],[76.19557113460024,10.296864361001496],[76.20518054264801,10.292999678292574],[76.2086824325483,10.311057859033042],[76.19891792292384,10.311378954774966]]]}},{"id":"374","type":"Feature","properties":{"ST_NAME":"KERALA","AC_NO":75,"AC_NAME":"Angamaly","DIST_NAME":"ERNAKULAM","PC_NAME":"CHALAKUDY"},"geometry":{"type":"Polygon","coordinates":[[[76.68774376096587,10.267344975490289],[76.67357482791601,10.215736364541613],[76.65147140757944,10.191126660467035],[76.64146947963286,10.161630326378486],[76.62863409908448,10.17549177222753],[76.5928260872542,10.175992888860776],[76.55627962680342,10.198536580398923],[76.51658262628723,10.194898214780835],[76.50242447071281,10.182689253406352],[76.47184837280423,10.184184293570354],[76.43891840825802,10.16295349620691],[76.39489719574902,10.152871918903998],[76.39373715844317,10.177291222112274],[76.37279681332234,10.176416983956699],[76.34383393818575,10.191112220052958],[76.327875004428,10.165455915558084],[76.32019196758529,10.170267463872392],[76.32321385063875,10.183764296685013],[76.3117869262257,10.181474370046203],[76.31023727113319,10.205814601262887],[76.3309228059428,10.209027355528065],[76.33960385193626,10.231977369759875],[76.37958998808756,10.24544211026523],[76.37805387768435,10.255203057675033],[76.39057783559866,10.25576124798323],[76.3907481177315,10.266424077809006],[76.41151292058487,10.278772426006697],[76.41562671639991,10.294197006886407],[76.49034733646045,10.294389301724948],[76.52423856026138,10.284860684273212],[76.54515316858391,10.290228370642865],[76.55461183496828,10.283499991131748],[76.57330643714243,10.285010808102356],[76.56621138874465,10.294216403464304],[76.57699835019378,10.303296401307932],[76.62145594433645,10.274214108794126],[76.66197140615554,10.28068654215025],[76.68774376096587,10.267344975490289]]]}},{"id":"375","type":"Feature","properties":{"ST_NAME":"KERALA","AC_NO":87,"AC_NAME":"Kothamangalam","DIST_NAME":"IDUKKI","PC_NAME":"IDUKKI"},"geometry":{"type":"Polygon","coordinates":[[[76.68774376096587,10.267344975490289],[76.74906777136061,10.278565144865581],[76.76902333995525,10.269298691481481],[76.80959874788397,10.286436610361307],[76.82911290044007,10.275517294787392],[76.8359320260422,10.283932855516923],[76.87933076470307,10.26942009725974],[76.87789666170164,10.260578821755246],[76.89523609437032,10.258705328887856],[76.91276720224465,10.235013894675546],[76.93948701261559,10.239182443015409],[76.98257550585498,10.220398419451556],[77.0509154018244,10.262657868166116],[77.06155143545044,10.247869173623485],[77.06030700306582,10.236072369744136],[77.0137233648415,10.222686600506279],[77.03975342128342,10.203429933744474],[77.06397544830833,10.211368358263144],[77.06624212747226,10.196344852532945],[77.08753924174266,10.185964392742562],[77.08390266217816,10.173956873211182],[77.06186523049604,10.169707715039067],[77.05705199145632,10.17757465064966],[77.02917461061986,10.17254587379307],[77.0234114248974,10.178909262552452],[76.9889397076015,10.161072729622845],[76.96720283474309,10.160502998314769],[76.92700882749546,10.17909193554442],[76.86675421623414,10.094758608722884],[76.86485975747189,10.073791918862014],[76.82500717873836,10.089666872128475],[76.81387063282352,10.081022621896523],[76.82506538106253,10.06256875654293],[76.76714664280337,10.061706768052943],[76.677039643265,10.139338449509864],[76.65872806145092,10.138839627946538],[76.64146947963286,10.161630326378486],[76.65147140757944,10.191126660467035],[76.67357482791601,10.215736364541613],[76.68774376096587,10.267344975490289]]]}},{"id":"376","type":"Feature","properties":{"ST_NAME":"KERALA","AC_NO":78,"AC_NAME":"Paravur","DIST_NAME":"ERNAKULAM","PC_NAME":"ERNAKULAM"},"geometry":{"type":"Polygon","coordinates":[[[76.17944044831808,10.188446573750412],[76.21348355772005,10.194190600316006],[76.2197929394926,10.207083219115304],[76.26368046328281,10.199986189511094],[76.26112026249018,10.189815108080836],[76.27402423163306,10.175070018066947],[76.31205108319097,10.182908035977107],[76.278509799088,10.147838831596857],[76.25473268556505,10.164568323369451],[76.27024122715096,10.127096257286496],[76.26717679267489,10.088935084786385],[76.28427436077317,10.08622792487887],[76.2807636710067,10.064106904809876],[76.22892941476073,10.072056835254784],[76.19367890615666,10.162846859095339],[76.17861935200153,10.174349174574786],[76.17944044831808,10.188446573750412]]]}},{"id":"377","type":"Feature","properties":{"ST_NAME":"KERALA","AC_NO":79,"AC_NAME":"Vypeen","DIST_NAME":"ERNAKULAM","PC_NAME":"ERNAKULAM"},"geometry":{"type":"Polygon","coordinates":[[[76.17518660287948,10.18645544686143],[76.19367890615666,10.162846859095339],[76.22892941476073,10.072056835254784],[76.2807636710067,10.064106904809876],[76.27973000913266,10.04785300691077],[76.26775168249424,10.045809908200738],[76.26870046275621,10.032703463893768],[76.25778681201183,10.026392689071372],[76.26783612253911,10.02178390910018],[76.27372827643887,10.001361430485701],[76.26960845606544,9.98354994367503],[76.25656249386407,9.977124981033114],[76.25778612852707,9.985710743855805],[76.2513817243871,9.98064840160248],[76.24583002413635,9.98715809387096],[76.2402278260534,9.97455234801248],[76.2388178185875,9.984642746765417],[76.2206781340887,9.998922258655341],[76.16745670506293,10.171108587191611],[76.16711694479125,10.182266528877278],[76.17518660287948,10.18645544686143]]]}},{"id":"378","type":"Feature","properties":{"ST_NAME":"KERALA","AC_NO":76,"AC_NAME":"Aluva","DIST_NAME":"ERNAKULAM","PC_NAME":"CHALAKUDY"},"geometry":{"type":"Polygon","coordinates":[[[76.33643427502182,10.186192088494124],[76.37279681332234,10.176416983956699],[76.39373715844317,10.177291222112274],[76.39489719574902,10.152871918903998],[76.43891840825802,10.16295349620691],[76.42941841352899,10.146423373340042],[76.44967987122914,10.14479276217628],[76.45709043687424,10.132671619599591],[76.45193704186107,10.122038862203794],[76.4119403647561,10.114544638923974],[76.39793361364542,10.060528727219037],[76.38086953540079,10.037047480756655],[76.37142605676718,10.049083436851163],[76.36212284899034,10.047417146883845],[76.34648574931794,10.078305775391243],[76.32595414246975,10.067522659443227],[76.34688894506883,10.107500743064861],[76.3218335118072,10.12115454804399],[76.3308550690063,10.126718130137647],[76.327875004428,10.165455915558084],[76.33919687183823,10.175551735424278],[76.33643427502182,10.186192088494124]]]}},{"id":"379","type":"Feature","properties":{"ST_NAME":"KERALA","AC_NO":74,"AC_NAME":"Perumbavoor","DIST_NAME":"ERNAKULAM","PC_NAME":"CHALAKUDY"},"geometry":{"type":"Polygon","coordinates":[[[76.43891840825802,10.16295349620691],[76.47184837280423,10.184184293570354],[76.50242447071281,10.182689253406352],[76.51658262628723,10.194898214780835],[76.55627962680342,10.198536580398923],[76.5928260872542,10.175992888860776],[76.62863409908448,10.17549177222753],[76.64160339857801,10.161384780882997],[76.636913253344,10.150000255907116],[76.60811889227313,10.15100099809763],[76.57912614795345,10.13754817091143],[76.57476165802416,10.090093396293241],[76.55827132206394,10.084475153405663],[76.56232801182836,10.063069017021576],[76.55678131630475,10.054501053580793],[76.52805325865103,10.050561186649475],[76.49472065053766,10.06488551625364],[76.47351700100887,10.043583488087563],[76.43402595333515,10.064075476202333],[76.43984141664811,10.10262885473793],[76.46247516000068,10.103741562523169],[76.46581746250592,10.114427057063097],[76.45193704186107,10.122038862203794],[76.45709043687424,10.132671619599591],[76.44967987122914,10.14479276217628],[76.42941841352899,10.146423373340042],[76.43891840825802,10.16295349620691]]]}},{"id":"380","type":"Feature","properties":{"ST_NAME":"KERALA","AC_NO":77,"AC_NAME":"Kalamassery","DIST_NAME":"ERNAKULAM","PC_NAME":"ERNAKULAM"},"geometry":{"type":"Polygon","coordinates":[[[76.32309314273442,10.179804217490698],[76.3308550690063,10.126718130137647],[76.3218335118072,10.12115454804399],[76.34688894506883,10.107500743064861],[76.32595414246975,10.067522659443227],[76.34648574931794,10.078305775391243],[76.36212284899034,10.047417146883845],[76.37142605676718,10.049083436851163],[76.38086953540079,10.037047480756655],[76.37933355000337,10.018076959384189],[76.36076713269705,9.991640877924226],[76.35011065298431,9.992086880505155],[76.35067450632346,10.031310137952573],[76.33616322205512,10.03984567273966],[76.3101427622787,10.024955448335334],[76.29433914413625,10.065663901967525],[76.28148597589711,10.073087711928395],[76.28427436077317,10.08622792487887],[76.26717679267489,10.088935084786385],[76.26498163389533,10.097068206232791],[76.27024122715096,10.127096257286496],[76.25473268556505,10.164568323369451],[76.278509799088,10.147838831596857],[76.3117869262257,10.181474370046203],[76.32309314273442,10.179804217490698]]]}},{"id":"381","type":"Feature","properties":{"ST_NAME":"KERALA","AC_NO":87,"AC_NAME":"Kothamangalam","DIST_NAME":"ERNAKULAM","PC_NAME":"IDUKKI"},"geometry":{"type":"Polygon","coordinates":[[[76.64160339857801,10.161384780882997],[76.65872806145092,10.138839627946538],[76.677039643265,10.139338449509864],[76.76714664280337,10.061706768052943],[76.83969716549183,10.024532373969919],[76.8308325408891,10.013055147776925],[76.78326755525353,10.036342376299672],[76.76955211433864,10.018104693576788],[76.73340239520445,10.027372351153133],[76.67463429673546,10.021336950539876],[76.65347627071338,10.029232455813258],[76.6522340407684,10.014557935600294],[76.62814623845821,10.00106974527256],[76.59958855916472,9.99937213551567],[76.59388178611562,10.003762066366335],[76.59992902540426,10.009184733688585],[76.59805483915954,10.03217059849436],[76.57769427257267,10.034538849788134],[76.55678131630475,10.054501053580793],[76.56232801182836,10.063069017021576],[76.55827132206394,10.084475153405663],[76.57476165802416,10.090093396293241],[76.57179864459181,10.105635644469487],[76.58550868597712,10.143887261787768],[76.636913253344,10.150000255907116],[76.64160339857801,10.161384780882997]]]}},{"id":"382","type":"Feature","properties":{"ST_NAME":"KERALA","AC_NO":84,"AC_NAME":"Kunnathunad (SC)","DIST_NAME":"ERNAKULAM","PC_NAME":"CHALAKUDY"},"geometry":{"type":"Polygon","coordinates":[[[76.45193704186107,10.122038862203794],[76.46581746250592,10.114427057063097],[76.46247516000068,10.103741562523169],[76.43984141664811,10.10262885473793],[76.43402595333515,10.064075476202333],[76.47351700100887,10.043583488087563],[76.49472065053766,10.06488551625364],[76.53968075706132,10.052465066709487],[76.54463224708059,10.049238664332961],[76.53788944694048,10.025855466456676],[76.54509449771297,10.009090625931663],[76.51081623178374,10.000323815191962],[76.50634079609091,9.973268638636796],[76.49399931961295,9.967063124963317],[76.49984335438734,9.955621465158515],[76.4869692697161,9.954250606979997],[76.47190080507812,9.937611879284873],[76.44512239847995,9.94424756567264],[76.44139010856674,9.91992299614941],[76.42561758358465,9.913533979409692],[76.41694031834106,9.927224245602474],[76.37899239668184,9.94247757398091],[76.3557975591101,9.97965382516395],[76.39793361364542,10.060528727219037],[76.4119403647561,10.114544638923974],[76.45193704186107,10.122038862203794]]]}},{"id":"383","type":"Feature","properties":{"ST_NAME":"KERALA","AC_NO":82,"AC_NAME":"Ernakulam","DIST_NAME":"ERNAKULAM","PC_NAME":"ERNAKULAM"},"geometry":{"type":"Polygon","coordinates":[[[76.29433914413625,10.065663901967525],[76.2984085781934,10.048779415637568],[76.28249313385112,10.021926412074322],[76.30010005637257,9.95408170800448],[76.28974705558221,9.943135862430154],[76.26960845606544,9.98354994367503],[76.26783612253911,10.02178390910018],[76.25778681201183,10.026392689071372],[76.26870046275621,10.032703463893768],[76.26775168249424,10.045809908200738],[76.27973000913266,10.04785300691077],[76.28148597589711,10.073087711928395],[76.29433914413625,10.065663901967525]]]}},{"id":"384","type":"Feature","properties":{"ST_NAME":"KERALA","AC_NO":86,"AC_NAME":"Muvattupuzha","DIST_NAME":"ERNAKULAM","PC_NAME":"IDUKKI"},"geometry":{"type":"Polygon","coordinates":[[[76.5523824956557,10.058897955076588],[76.57769427257267,10.034538849788134],[76.59805483915954,10.03217059849436],[76.59992902540426,10.009184733688585],[76.59388178611562,10.003762066366335],[76.59958855916472,9.99937213551567],[76.62814623845821,10.00106974527256],[76.6522340407684,10.014557935600294],[76.65347627071338,10.029232455813258],[76.67463429673546,10.021336950539876],[76.73340239520445,10.027372351153133],[76.76955211433864,10.018104693576788],[76.76420836162663,10.010987399548924],[76.77016981998128,9.994528700838941],[76.75994328455499,9.991742262095784],[76.76580960183173,9.981431235363289],[76.74423209063855,9.991441832774399],[76.72621416715015,9.981711427240612],[76.7099333417504,9.98859701633927],[76.7084576576948,9.975912291119414],[76.72304732057745,9.95312784027766],[76.70546692715703,9.9460320040738],[76.68662186210929,9.923640622616688],[76.69867344212571,9.918692610275798],[76.69593001615738,9.90915838285315],[76.64899189575942,9.92220904221358],[76.63010534408642,9.915602997480391],[76.63506729951632,9.865385133217387],[76.62938078189762,9.855940691409842],[76.6096475266121,9.85139874905309],[76.61044944398668,9.859791723309456],[76.58427007040746,9.893377492377397],[76.58253146685377,9.911929127527287],[76.53983540268172,9.942947533601853],[76.54721058450093,9.971247255856213],[76.53043614281381,9.963141515168843],[76.50634079609091,9.973268638636796],[76.51081623178374,10.000323815191962],[76.54509449771297,10.009090625931663],[76.53872715823184,10.045652305609451],[76.5523824956557,10.058897955076588]]]}},{"id":"385","type":"Feature","properties":{"ST_NAME":"KERALA","AC_NO":83,"AC_NAME":"Thrikkakara","DIST_NAME":"ERNAKULAM","PC_NAME":"ERNAKULAM"},"geometry":{"type":"Polygon","coordinates":[[[76.29958245966282,10.045429311513544],[76.3101427622787,10.024955448335334],[76.33616322205512,10.03984567273966],[76.35414622576775,10.024984979373357],[76.35011065298431,9.992086880505155],[76.34307907334062,9.980435223606719],[76.33096556420946,9.991309368032944],[76.32490028721855,9.984732662782221],[76.33207202080717,9.979428241020571],[76.3202166144053,9.964383341318182],[76.33090089845774,9.959503927464311],[76.30630218229993,9.945937181355873],[76.30737006337779,9.92770362472254],[76.30081192373137,9.922805980711473],[76.28974705558221,9.943135862430154],[76.30010005637257,9.95408170800448],[76.28249313385112,10.021926412074322],[76.2903450363944,10.03029194801502],[76.28744427043677,10.038699333007855],[76.29958245966282,10.045429311513544]]]}},{"id":"386","type":"Feature","properties":{"ST_NAME":"KERALA","AC_NO":90,"AC_NAME":"Thodupuzha","DIST_NAME":"IDUKKI","PC_NAME":"IDUKKI"},"geometry":{"type":"Polygon","coordinates":[[[76.83969716549183,10.024532373969919],[76.98242362654918,9.95115831510418],[76.9705082947221,9.932571460704423],[76.97853573323755,9.923353359370083],[76.97162403232329,9.91329222005993],[76.97685781593549,9.893469807785436],[76.96551396010125,9.871533980608774],[76.97026234633029,9.857304562755417],[76.95485839140167,9.85883739692838],[76.93195856113874,9.876456157225903],[76.87487767086787,9.844001897169846],[76.88191522021128,9.821387061163989],[76.82334963917458,9.832038107172934],[76.81672306201978,9.814652278479912],[76.76525761324831,9.83765562970359],[76.76103364688538,9.829112626046879],[76.76798344218219,9.81121778287445],[76.7541011059813,9.817766319560064],[76.74237028985704,9.804673411848512],[76.68228098837699,9.839804709919463],[76.64641924745035,9.840639787995883],[76.62786070280924,9.851100334213129],[76.63680518271309,9.874210200240611],[76.63010534408642,9.915602997480391],[76.64899189575942,9.92220904221358],[76.69593001615738,9.90915838285315],[76.69867344212571,9.918692610275798],[76.68662186210929,9.923640622616688],[76.70546692715703,9.9460320040738],[76.72304732057745,9.95312784027766],[76.7084576576948,9.975912291119414],[76.7099333417504,9.98859701633927],[76.72621416715015,9.981711427240612],[76.74423209063855,9.991441832774399],[76.76580960183173,9.981431235363289],[76.75994328455499,9.991742262095784],[76.77016981998128,9.994528700838941],[76.76420836162663,10.010987399548924],[76.78326755525353,10.036342376299672],[76.8256889313991,10.013635970423763],[76.83969716549183,10.024532373969919]]]}},{"id":"387","type":"Feature","properties":{"ST_NAME":"KERALA","AC_NO":89,"AC_NAME":"Udumbanchola","DIST_NAME":"IDUKKI","PC_NAME":"IDUKKI"},"geometry":{"type":"Polygon","coordinates":[[[77.26188304566608,10.021943161947434],[77.25344532474202,10.012879145955878],[77.26519377567229,10.00282050046576],[77.26086214966853,9.991882361182093],[77.27278362116726,9.964998725810574],[77.2609843675346,9.952561193644215],[77.24683990054103,9.952626712852577],[77.23056075147758,9.913675624430596],[77.21882840290851,9.904731565409463],[77.221102581519,9.885111448434657],[77.2124898390349,9.878344369297281],[77.22078950143441,9.864495483379926],[77.236534281432,9.860718758863698],[77.23748879037544,9.851932181025404],[77.22321585252962,9.845584597850973],[77.22200285234982,9.823289812574842],[77.24140147170061,9.816758589637232],[77.2467883091332,9.798634852816235],[77.22296485444451,9.788430529745199],[77.23253100420254,9.769493565675589],[77.22033261345939,9.74514300484583],[77.22390277899012,9.730175524181163],[77.2037260644064,9.722330659732222],[77.20680842866608,9.694692336682067],[77.19452698912932,9.671114776425838],[77.18064604867624,9.658243088447819],[77.16202521249363,9.65802614049403],[77.15642956507241,9.666937301415373],[77.13893666849253,9.67011014107021],[77.15333903766651,9.69122069997536],[77.12406703856306,9.71309583190714],[77.12972659630543,9.728512553611495],[77.15347494051616,9.745673075152354],[77.15948332189782,9.770400897983109],[77.10502797626015,9.79036034715233],[77.1018390072644,9.799265145370214],[77.06387313153982,9.81805574657551],[77.08553081729343,9.821732585190716],[77.07956963503068,9.826085552106576],[77.09181921878195,9.84207678591497],[77.08920782408188,9.849206119167093],[77.1040623741793,9.856205595711742],[77.10638235526153,9.86552788800168],[77.0935372188676,9.881136837994745],[77.10519367994442,9.89470873721848],[77.09242918216108,9.901227804019982],[77.1000262006487,9.904601899358227],[77.09649938693724,9.927777093937777],[77.10432809326693,9.934124641139306],[77.07891098865127,9.941055951770807],[77.05528608898186,9.959677305962941],[77.05782985646277,9.978249297267325],[77.0662486889259,9.988494806590097],[77.08527739643478,9.972480721008537],[77.104376108071,9.979705653093447],[77.10884764790069,9.9895519902322],[77.13215861492819,9.983850033951967],[77.1386698207557,10.010643804567962],[77.15358186091419,10.006232043574016],[77.16832609657217,10.026757535931608],[77.19480198922048,10.025200685363416],[77.19737049435287,10.016588454593546],[77.21468124494356,10.011141551441483],[77.26188304566608,10.021943161947434]]]}},{"id":"388","type":"Feature","properties":{"ST_NAME":"KERALA","AC_NO":81,"AC_NAME":"Thripunithura","DIST_NAME":"ERNAKULAM","PC_NAME":"ERNAKULAM"},"geometry":{"type":"Polygon","coordinates":[[[76.33096556420946,9.991309368032944],[76.35109759058139,9.96895798752115],[76.36411643912243,9.923088991963482],[76.38084465205912,9.924001251656478],[76.38469910228179,9.914663252706987],[76.37434102212052,9.899609875995054],[76.38943789094594,9.850643777188623],[76.37258360564891,9.836796835605526],[76.37096975515016,9.857366291321341],[76.3530856220039,9.883785850436709],[76.33375015574512,9.876736990319898],[76.3029962357877,9.889907563483291],[76.3028318927777,9.936795465738214],[76.31454440500033,9.954135307598392],[76.33090089845774,9.959503927464311],[76.3202166144053,9.964383341318182],[76.33207202080717,9.979428241020571],[76.32490028721855,9.984732662782221],[76.33096556420946,9.991309368032944]]]}},{"id":"389","type":"Feature","properties":{"ST_NAME":"KERALA","AC_NO":85,"AC_NAME":"Piravom","DIST_NAME":"ERNAKULAM","PC_NAME":"KOTTAYAM"},"geometry":{"type":"Polygon","coordinates":[[[76.35645908421941,9.991808715699733],[76.3557975591101,9.97965382516395],[76.37899239668184,9.94247757398091],[76.41694031834106,9.927224245602474],[76.42561758358465,9.913533979409692],[76.44139010856674,9.91992299614941],[76.44512239847995,9.94424756567264],[76.47190080507812,9.937611879284873],[76.4869692697161,9.954250606979997],[76.49984335438734,9.955621465158515],[76.49399931961295,9.967063124963317],[76.50634079609091,9.973268638636796],[76.53043614281381,9.963141515168843],[76.54721058450093,9.971247255856213],[76.53983540268172,9.942947533601853],[76.58253146685377,9.911929127527287],[76.58427007040746,9.893377492377397],[76.61044944398668,9.859791723309456],[76.61671941656789,9.837581640680241],[76.6022643651084,9.845565557404598],[76.57995617543719,9.84342106373117],[76.58031075203962,9.822094198088791],[76.56108184465148,9.820616345767803],[76.55698608923666,9.803665933735886],[76.54727250911907,9.799528361644605],[76.53924155965029,9.822006615812711],[76.52015344652438,9.82304633282206],[76.51495162751564,9.848644371140892],[76.49889030234561,9.851808575505402],[76.49894613675485,9.860653977998709],[76.48743015068095,9.853852948554788],[76.47603215655886,9.861796304955533],[76.42846639121103,9.824806031772994],[76.39354717036565,9.831493067651024],[76.37434102212052,9.899609875995054],[76.38469910228179,9.914663252706987],[76.38084465205912,9.924001251656478],[76.36411643912243,9.923088991963482],[76.34307907334062,9.980435223606719],[76.35645908421941,9.991808715699733]]]}},{"id":"390","type":"Feature","properties":{"ST_NAME":"KERALA","AC_NO":80,"AC_NAME":"Kochi","DIST_NAME":"ERNAKULAM","PC_NAME":"ERNAKULAM"},"geometry":{"type":"Polygon","coordinates":[[[76.26960845606544,9.98354994367503],[76.30081192373137,9.922805980711473],[76.3029962357877,9.889907563483291],[76.2926538721785,9.890256084051089],[76.29856684088708,9.853176566645288],[76.28574306788835,9.849071539220233],[76.2792563065334,9.830384769241732],[76.29162549112357,9.806312383110026],[76.28201987281892,9.804174480567895],[76.28498906009708,9.790626550075274],[76.27944968055834,9.789034044985215],[76.23777424168799,9.956527454778268],[76.24583002413635,9.98715809387096],[76.2513817243871,9.98064840160248],[76.25778612852707,9.985710743855805],[76.25656249386407,9.977124981033114],[76.26960845606544,9.98354994367503]]]}},{"id":"391","type":"Feature","properties":{"ST_NAME":"KERALA","AC_NO":91,"AC_NAME":"Idukki","DIST_NAME":"IDUKKI","PC_NAME":"IDUKKI"},"geometry":{"type":"Polygon","coordinates":[[[77.05782985646277,9.978249297267325],[77.05528608898186,9.959677305962941],[77.07891098865127,9.941055951770807],[77.10432809326693,9.934124641139306],[77.09649938693724,9.927777093937777],[77.1000262006487,9.904601899358227],[77.09242918216108,9.901227804019982],[77.10519367994442,9.89470873721848],[77.0935372188676,9.881136837994745],[77.10638235526153,9.86552788800168],[77.1040623741793,9.856205595711742],[77.08920782408188,9.849206119167093],[77.09181921878195,9.84207678591497],[77.07956963503068,9.826085552106576],[77.08553081729343,9.821732585190716],[77.06387313153982,9.81805574657551],[77.1018390072644,9.799265145370214],[77.10502797626015,9.79036034715233],[77.15948332189782,9.770400897983109],[77.15347494051616,9.745673075152354],[77.12972659630543,9.728512553611495],[77.12406703856306,9.71309583190714],[77.14838368415974,9.696612016931113],[77.15117808010439,9.686968217908998],[77.1121552185885,9.686098239841954],[77.107506543792,9.695282969133757],[77.09190763562896,9.698756977352673],[77.08302028695675,9.681674463905438],[77.03120291368356,9.717839742210401],[76.9486710386376,9.721219385466327],[76.89287394857394,9.75117433692617],[76.8605112862669,9.730078919006928],[76.80807588449454,9.789574026720004],[76.76798344218219,9.81121778287445],[76.76103364688538,9.829112626046879],[76.76525761324831,9.83765562970359],[76.81672306201978,9.814652278479912],[76.82334963917458,9.832038107172934],[76.88191522021128,9.821387061163989],[76.87487767086787,9.844001897169846],[76.93195856113874,9.876456157225903],[76.95485839140167,9.85883739692838],[76.97026234633029,9.857304562755417],[76.96551396010125,9.871533980608774],[76.97685781593549,9.893469807785436],[76.97162403232329,9.91329222005993],[76.97853573323755,9.923353359370083],[76.9705082947221,9.932571460704423],[77.00193747063781,9.980660285244028],[77.01725940020123,9.973011011648907],[77.05782985646277,9.978249297267325]]]}},{"id":"392","type":"Feature","properties":{"ST_NAME":"KERALA","AC_NO":102,"AC_NAME":"Aroor","DIST_NAME":"ALAPPUZHA","PC_NAME":"ALAPPUZHA"},"geometry":{"type":"Polygon","coordinates":[[[76.2926538721785,9.890256084051089],[76.33375015574512,9.876736990319898],[76.3530856220039,9.883785850436709],[76.37096975515016,9.857366291321341],[76.38156251519797,9.81816687040481],[76.36470103082797,9.792753042019342],[76.38080158082835,9.751476155700061],[76.37614826373147,9.696756111705213],[76.34677925835615,9.713300471739444],[76.34529263045061,9.751898799290188],[76.33694054836769,9.752347137410538],[76.3349579812259,9.739709585229207],[76.32068773954762,9.749992124137293],[76.28377360566742,9.751981488355057],[76.27944968055834,9.789034044985215],[76.28498906009708,9.790626550075274],[76.28201987281892,9.804174480567895],[76.29162549112357,9.806312383110026],[76.2792563065334,9.830384769241732],[76.28574306788835,9.849071539220233],[76.29856684088708,9.853176566645288],[76.2926538721785,9.890256084051089]]]}},{"id":"393","type":"Feature","properties":{"ST_NAME":"KERALA","AC_NO":94,"AC_NAME":"Kaduthuruthy","DIST_NAME":"KOTTAYAM","PC_NAME":"KOTTAYAM"},"geometry":{"type":"Polygon","coordinates":[[[76.62938078189762,9.855940691409842],[76.62970591739423,9.830220704122269],[76.61912273602553,9.821976306861131],[76.6243752093485,9.811051920909449],[76.61102587254607,9.800849198631681],[76.63875892658325,9.7811563301006],[76.63061168218343,9.773894625636501],[76.61749944444387,9.777800340813144],[76.6104144873388,9.767521128497322],[76.63429090040478,9.741459797231926],[76.63270208163584,9.727543989163792],[76.62433370563605,9.722572263499217],[76.64277299657658,9.694079372265264],[76.63689595668313,9.667648247868385],[76.62799538437952,9.668133424018379],[76.62818085066579,9.659349280644847],[76.61738102711274,9.655023678300154],[76.6041292217862,9.671463757446475],[76.59575439494944,9.665517569580231],[76.59577442734798,9.687189572540774],[76.58202376088792,9.678478071006225],[76.56503618617108,9.692895753836012],[76.5491949601793,9.686168241271389],[76.52896813357256,9.691963988747148],[76.52467502463276,9.681548505758997],[76.51284720583396,9.693866248228801],[76.52308419318103,9.703689584306915],[76.51684703776061,9.706913724888523],[76.49243212774059,9.695523991938728],[76.47926388202262,9.72592983469417],[76.46649918099246,9.725753891329077],[76.45091553972043,9.751526586982436],[76.46252649060511,9.783516956042718],[76.47404970992625,9.789986638372739],[76.47722962095031,9.809222679183335],[76.47418712363691,9.842668015516551],[76.45861565199078,9.848616091059796],[76.47603215655886,9.861796304955533],[76.48743015068095,9.853852948554788],[76.49894613675485,9.860653977998709],[76.49889030234561,9.851808575505402],[76.51495162751564,9.848644371140892],[76.52015344652438,9.82304633282206],[76.53924155965029,9.822006615812711],[76.54727250911907,9.799528361644605],[76.55698608923666,9.803665933735886],[76.56108184465148,9.820616345767803],[76.58031075203962,9.822094198088791],[76.57995617543719,9.84342106373117],[76.6022643651084,9.845565557404598],[76.61671941656789,9.837581640680241],[76.6096475266121,9.85139874905309],[76.62938078189762,9.855940691409842]]]}},{"id":"394","type":"Feature","properties":{"ST_NAME":"KERALA","AC_NO":95,"AC_NAME":"Vaikom (SC)","DIST_NAME":"KOTTAYAM","PC_NAME":"KOTTAYAM"},"geometry":{"type":"Polygon","coordinates":[[[76.47418712363691,9.842668015516551],[76.47404970992625,9.789986638372739],[76.46252649060511,9.783516956042718],[76.45091553972043,9.751526586982436],[76.46649918099246,9.725753891329077],[76.47926388202262,9.72592983469417],[76.49243212774059,9.695523991938728],[76.47813920516023,9.676977571957423],[76.45610152076864,9.676483562666306],[76.45337478082155,9.655734774040639],[76.42251184054908,9.646057011222126],[76.39751028207394,9.649040274688957],[76.40294565052142,9.68583390750888],[76.37614826373147,9.696756111705213],[76.38080158082835,9.751476155700061],[76.36470103082797,9.792753042019342],[76.38156251519797,9.81816687040481],[76.37258360564891,9.836796835605526],[76.38809851533426,9.844210272785915],[76.39354717036565,9.831493067651024],[76.41361538714045,9.822759352861908],[76.44649777125522,9.834760427851506],[76.45861565199078,9.848616091059796],[76.47418712363691,9.842668015516551]]]}},{"id":"395","type":"Feature","properties":{"ST_NAME":"KERALA","AC_NO":93,"AC_NAME":"Pala","DIST_NAME":"KOTTAYAM","PC_NAME":"KOTTAYAM"},"geometry":{"type":"Polygon","coordinates":[[[76.63283701951292,9.846812643688622],[76.68228098837699,9.839804709919463],[76.74237028985704,9.804673411848512],[76.7541011059813,9.817766319560064],[76.76798344218219,9.81121778287445],[76.80807588449454,9.789574026720004],[76.8605112862669,9.730078919006928],[76.86664117954683,9.735342853290092],[76.88169788734768,9.721120628214464],[76.8800542989668,9.701696765793145],[76.85933873219682,9.703232966128553],[76.83374034673966,9.722780059951845],[76.82640118276845,9.717105986252307],[76.8252918816151,9.699026548236645],[76.76816477068769,9.721650669742644],[76.76312285563534,9.696020040892222],[76.73121246238532,9.700581942802444],[76.75102563682373,9.675314686823413],[76.76315606759852,9.621628148220509],[76.75614467863409,9.620804195657172],[76.76253732503756,9.612870971018538],[76.74937194186168,9.602889026007801],[76.75712881304435,9.588623883485468],[76.74120187356766,9.589479532654366],[76.73624617112398,9.577600046904706],[76.72670201338724,9.57604424674463],[76.70877696558455,9.605152211305551],[76.7157201535623,9.624330149616753],[76.70520306606869,9.65084511331139],[76.68684234529803,9.645908092484547],[76.68528789771835,9.635699163985294],[76.63689595668313,9.667648247868385],[76.64277299657658,9.694079372265264],[76.62433370563605,9.722572263499217],[76.63270208163584,9.727543989163792],[76.63429090040478,9.741459797231926],[76.6104144873388,9.767521128497322],[76.61749944444387,9.777800340813144],[76.63061168218343,9.773894625636501],[76.63875892658325,9.7811563301006],[76.61102587254607,9.800849198631681],[76.6243752093485,9.811051920909449],[76.61912273602553,9.821976306861131],[76.62970591739423,9.830220704122269],[76.63283701951292,9.846812643688622]]]}},{"id":"396","type":"Feature","properties":{"ST_NAME":"KERALA","AC_NO":103,"AC_NAME":"Cherthala","DIST_NAME":"ALAPPUZHA","PC_NAME":"ALAPPUZHA"},"geometry":{"type":"Polygon","coordinates":[[[76.27732211032719,9.789055760914664],[76.28377360566742,9.751981488355057],[76.32068773954762,9.749992124137293],[76.3349579812259,9.739709585229207],[76.33694054836769,9.752347137410538],[76.34529263045061,9.751898799290188],[76.34677925835615,9.713300471739444],[76.40294565052142,9.68583390750888],[76.3954692284222,9.589305775541163],[76.32830717993244,9.598903020258206],[76.33523042994045,9.639406316947998],[76.29538825456433,9.637414220589847],[76.27732211032719,9.789055760914664]]]}},{"id":"397","type":"Feature","properties":{"ST_NAME":"KERALA","AC_NO":92,"AC_NAME":"Peerumade","DIST_NAME":"IDUKKI","PC_NAME":"IDUKKI"},"geometry":{"type":"Polygon","coordinates":[[[76.86664117954683,9.735342853290092],[76.89287394857394,9.75117433692617],[76.9486710386376,9.721219385466327],[77.03120291368356,9.717839742210401],[77.08302028695675,9.681674463905438],[77.09190763562896,9.698756977352673],[77.107506543792,9.695282969133757],[77.1121552185885,9.686098239841954],[77.15117808010439,9.686968217908998],[77.13893666849253,9.67011014107021],[77.15642956507241,9.666937301415373],[77.16202521249363,9.65802614049403],[77.18064604867624,9.658243088447819],[77.17637087941262,9.62923101769735],[77.16564562044908,9.613931324770874],[77.18844762156056,9.606100865662484],[77.20899827604967,9.61370063787416],[77.23463053986757,9.581455002546363],[77.25311347310833,9.58313662415594],[77.26875233725065,9.57303942562902],[77.3178182500123,9.602686713620983],[77.33000784448649,9.599111749307838],[77.3252401399206,9.580564448890243],[77.33952067613836,9.573354527389597],[77.3546778526009,9.604141707873566],[77.36128440365235,9.60237369558962],[77.36627324881147,9.595890288705903],[77.357820924696,9.595221384659226],[77.35997214260038,9.577775355348422],[77.35038357724034,9.567126278854744],[77.36552661186369,9.551998958085505],[77.36548838438148,9.535141967627737],[77.38510891954104,9.519405157422113],[77.40017505133761,9.527499872421231],[77.41138934094539,9.50748858542994],[77.39856568665715,9.49539400432991],[77.4019444719599,9.478464730862697],[77.39120469344192,9.468495773860923],[77.39234905646384,9.459222643909925],[77.37716092173918,9.452808542380353],[77.36425341466344,9.459172704556693],[77.3485077362431,9.440179359290028],[77.33632591820663,9.411614900907011],[77.34354302888772,9.402839492648525],[77.33434328271636,9.381410796770922],[77.33588413794268,9.361895271849392],[77.3250670779833,9.337110402323276],[77.29967929036701,9.336463034341591],[77.30241034885859,9.319484397986628],[77.28284420919294,9.301485150719202],[77.28856524548974,9.274363844315985],[77.24900430700325,9.289924919799262],[77.2371653545975,9.282762905183972],[77.23567025327964,9.293052993001254],[77.22457077112426,9.296061366438948],[77.22473105099726,9.312418459744151],[77.23505210876789,9.324245320764987],[77.23479271191417,9.35028615827963],[77.24810378975815,9.377800023252519],[77.24544843349844,9.38908357864426],[77.228742458098,9.41995321706736],[77.22048055283528,9.421412362590502],[77.22408148777049,9.434193264907321],[77.20788645049936,9.441552106044924],[77.20668013677897,9.450602835452571],[77.18339921610101,9.454436696596304],[77.18124012733006,9.472267191477727],[77.16890505042778,9.461770260489175],[77.16628011103836,9.469632902736294],[77.1546162926079,9.471026859102324],[77.14282654211127,9.46119296588273],[77.14311541514434,9.487269735809718],[77.13070092450812,9.49322395642048],[77.11947939535787,9.479426732058073],[77.10362043023872,9.479830323510669],[77.07274315926946,9.456451023296154],[77.05381505711927,9.46137365407094],[77.04773276675382,9.452535813077361],[77.06688176128432,9.416914287364534],[77.00953196382915,9.409038929602957],[77.0152011838876,9.441850131478418],[76.9701078068299,9.464752682190579],[76.98490220037633,9.47052601046704],[76.97535734836299,9.501566357301613],[76.96111972059867,9.50841848442559],[76.94988270062618,9.490757463186412],[76.90414296462615,9.521936092476722],[76.90183276277185,9.537129071849222],[76.88669480482145,9.538083210271964],[76.88279759363411,9.582013002198323],[76.8952801053926,9.586229926869692],[76.88744616410924,9.619113906381699],[76.89346326082091,9.6314283582322],[76.90331082373558,9.634329289665061],[76.92977494245969,9.614807017130204],[76.93495222346638,9.621057915090773],[76.91821541211164,9.643236794842267],[76.92684167140607,9.653634367831842],[76.90260480556736,9.677395851137646],[76.88968370703753,9.715687928055502],[76.86664117954683,9.735342853290092]]]}},{"id":"398","type":"Feature","properties":{"ST_NAME":"KERALA","AC_NO":101,"AC_NAME":"Poonjar","DIST_NAME":"KOTTAYAM","PC_NAME":"PATHANAMTHITTA"},"geometry":{"type":"Polygon","coordinates":[[[76.88169788734768,9.721120628214464],[76.89709434372901,9.700537968652384],[76.90260480556736,9.677395851137646],[76.92684167140607,9.653634367831842],[76.91821541211164,9.643236794842267],[76.93495222346638,9.621057915090773],[76.92977494245969,9.614807017130204],[76.90331082373558,9.634329289665061],[76.89346326082091,9.6314283582322],[76.88744616410924,9.619113906381699],[76.8952801053926,9.586229926869692],[76.88279759363411,9.582013002198323],[76.88669480482145,9.538083210271964],[76.90183276277185,9.537129071849222],[76.90414296462615,9.521936092476722],[76.94988270062618,9.490757463186412],[76.96111972059867,9.50841848442559],[76.98409251555722,9.488200385739276],[76.98490220037633,9.47052601046704],[76.94089304687668,9.44570403581264],[76.94112548655204,9.420796049098442],[76.92768550438257,9.41563984640186],[76.92292492964185,9.424983115378495],[76.91173707020965,9.42407850352015],[76.85504330480472,9.456968251283797],[76.84829583628385,9.445742600540655],[76.82433932779782,9.456486411618641],[76.82508482890177,9.465640667382957],[76.79641199142031,9.467682063676364],[76.79440206600259,9.49169518988117],[76.77801036768437,9.501741161225652],[76.79505389102428,9.512425830187965],[76.79825490823748,9.50477406637009],[76.80848597534754,9.511012184964386],[76.82346442324462,9.501046619306067],[76.8226473352064,9.486188338820853],[76.83070506198908,9.49365712027992],[76.8347412544054,9.485343575945308],[76.83824136184944,9.492941544117002],[76.8538694862878,9.494952443500495],[76.83017380727546,9.5195989757122],[76.83317865177344,9.536560875683904],[76.81620582144154,9.568264180247752],[76.82423999318121,9.577646955542605],[76.80785847249058,9.599317733626549],[76.79000257356,9.598957253874232],[76.77457943609215,9.620593351402078],[76.76315606759852,9.621628148220509],[76.75102563682373,9.675314686823413],[76.73121246238532,9.700581942802444],[76.76312285563534,9.696020040892222],[76.76816477068769,9.721650669742644],[76.8252918816151,9.699026548236645],[76.82640118276845,9.717105986252307],[76.83374034673966,9.722780059951845],[76.85933873219682,9.703232966128553],[76.8800542989668,9.701696765793145],[76.88169788734768,9.721120628214464]]]}},{"id":"399","type":"Feature","properties":{"ST_NAME":"KERALA","AC_NO":96,"AC_NAME":"Ettumanoor","DIST_NAME":"KOTTAYAM","PC_NAME":"KOTTAYAM"},"geometry":{"type":"Polygon","coordinates":[[[76.59577442734798,9.687189572540774],[76.59351287791702,9.64909945367691],[76.58244724084756,9.651094193142569],[76.56266571265257,9.627274145085778],[76.54678792382367,9.626965654241587],[76.53417359213762,9.638947562879764],[76.52140025311922,9.632123187934837],[76.51728724600963,9.615456730543713],[76.50812586131951,9.610453314568872],[76.51207374570686,9.59787779312569],[76.48964139833191,9.58712855463915],[76.48998105787956,9.571052137046536],[76.42714654347827,9.549121208477061],[76.41442741919008,9.563122617614738],[76.39242668434406,9.548696711384196],[76.39751028207394,9.649040274688957],[76.42251184054908,9.646057011222126],[76.45337478082155,9.655734774040639],[76.45610152076864,9.676483562666306],[76.47813920516023,9.676977571957423],[76.4793808100764,9.68597305331383],[76.51684703776061,9.706913724888523],[76.52308419318103,9.703689584306915],[76.51284720583396,9.693866248228801],[76.52467502463276,9.681548505758997],[76.52896813357256,9.691963988747148],[76.5491949601793,9.686168241271389],[76.56503618617108,9.692895753836012],[76.58202376088792,9.678478071006225],[76.59577442734798,9.687189572540774]]]}},{"id":"400","type":"Feature","properties":{"ST_NAME":"KERALA","AC_NO":98,"AC_NAME":"Puthuppally","DIST_NAME":"KOTTAYAM","PC_NAME":"KOTTAYAM"},"geometry":{"type":"Polygon","coordinates":[[[76.6041292217862,9.671463757446475],[76.61738102711274,9.655023678300154],[76.62818085066579,9.659349280644847],[76.62799538437952,9.668133424018379],[76.64095460876825,9.669500786532126],[76.67024450168248,9.639863555658621],[76.67773800910192,9.64349806588308],[76.68528789771835,9.635699163985294],[76.68684234529803,9.645908092484547],[76.70520306606869,9.65084511331139],[76.7157201535623,9.624330149616753],[76.70877696558455,9.605152211305551],[76.69292752428589,9.617381035106746],[76.67872313366576,9.611560176760804],[76.65775701397507,9.61554855312329],[76.66988685749254,9.59869641450797],[76.67204707131532,9.571865427247701],[76.6754457136488,9.579443666991665],[76.68116711956696,9.570420309349856],[76.67437013527359,9.538316471028338],[76.64356809169414,9.527292101149612],[76.62201512299958,9.537166229138222],[76.61049754782363,9.51971122189542],[76.6152655167902,9.507094286672043],[76.59835018731133,9.510467755182788],[76.57782624808294,9.49759527040544],[76.57810419884976,9.486653304506433],[76.5694139231141,9.482388795806344],[76.553875308199,9.49420790557042],[76.56380936161281,9.52466043303258],[76.56260238419276,9.536632694643174],[76.54887299299429,9.54806329998138],[76.57495790808105,9.586793966368475],[76.56266571265257,9.627274145085778],[76.58244724084756,9.651094193142569],[76.59351287791702,9.64909945367691],[76.59575439494944,9.665517569580231],[76.6041292217862,9.671463757446475]]]}},{"id":"401","type":"Feature","properties":{"ST_NAME":"KERALA","AC_NO":104,"AC_NAME":"Alappuzha","DIST_NAME":"ALAPPUZHA","PC_NAME":"ALAPPUZHA"},"geometry":{"type":"Polygon","coordinates":[[[76.29538825456433,9.637414220589847],[76.33523042994045,9.639406316947998],[76.32830717993244,9.598903020258206],[76.3954692284222,9.589305775541163],[76.3837756829015,9.51984818414644],[76.37039225639757,9.508977826765317],[76.36416272273152,9.489415990355724],[76.31831856105282,9.493923664045894],[76.29538825456433,9.637414220589847]]]}},{"id":"402","type":"Feature","properties":{"ST_NAME":"KERALA","AC_NO":97,"AC_NAME":"Kottayam","DIST_NAME":"KOTTAYAM","PC_NAME":"KOTTAYAM"},"geometry":{"type":"Polygon","coordinates":[[[76.56266571265257,9.627274145085778],[76.57495790808105,9.586793966368475],[76.54887299299429,9.54806329998138],[76.56260238419276,9.536632694643174],[76.56380936161281,9.52466043303258],[76.553875308199,9.49420790557042],[76.5390643554357,9.509765553737338],[76.51885616547969,9.509514322727853],[76.5096421920336,9.517528951300108],[76.47939158755179,9.506472132982594],[76.4796754621529,9.536197724045792],[76.46510056973557,9.541257059865472],[76.46365659397668,9.560475116933162],[76.48998105787956,9.571052137046536],[76.48964139833191,9.58712855463915],[76.51207374570686,9.59787779312569],[76.50812586131951,9.610453314568872],[76.52826225659794,9.637472699005912],[76.56266571265257,9.627274145085778]]]}},{"id":"403","type":"Feature","properties":{"ST_NAME":"KERALA","AC_NO":100,"AC_NAME":"Kanjirappally","DIST_NAME":"KOTTAYAM","PC_NAME":"PATHANAMTHITTA"},"geometry":{"type":"Polygon","coordinates":[[[76.75614467863409,9.620804195657172],[76.77457943609215,9.620593351402078],[76.79000257356,9.598957253874232],[76.80785847249058,9.599317733626549],[76.82423999318121,9.577646955542605],[76.81620582144154,9.568264180247752],[76.83317865177344,9.536560875683904],[76.83017380727546,9.5195989757122],[76.8538694862878,9.494952443500495],[76.83824136184944,9.492941544117002],[76.8347412544054,9.485343575945308],[76.83070506198908,9.49365712027992],[76.8226473352064,9.486188338820853],[76.82346442324462,9.501046619306067],[76.80848597534754,9.511012184964386],[76.79825490823748,9.50477406637009],[76.79505389102428,9.512425830187965],[76.77801036768437,9.501741161225652],[76.79440206600259,9.49169518988117],[76.79641199142031,9.467682063676364],[76.82508482890177,9.465640667382957],[76.82985396698706,9.452140412649953],[76.82347192359043,9.44567077258813],[76.81806874187902,9.455638612631901],[76.80036131382366,9.459984842726385],[76.7929456355327,9.444743074233543],[76.7818242539862,9.44839278030264],[76.76521262466298,9.436482507161998],[76.74913835285275,9.452967507444555],[76.7473411719576,9.474222823924208],[76.73311688833377,9.474705371355867],[76.73125733585744,9.466585321555385],[76.70805815096293,9.454412930212584],[76.70050564262135,9.476442045863791],[76.68052844353292,9.483463105238172],[76.64295829289097,9.479416739690805],[76.63552441861708,9.462330642445238],[76.63010577576102,9.47262234994156],[76.62619224007989,9.461112482854844],[76.61535709385487,9.461498024913965],[76.61049754782363,9.51971122189542],[76.62201512299958,9.537166229138222],[76.64356809169414,9.527292101149612],[76.67437013527359,9.538316471028338],[76.68116711956696,9.570420309349856],[76.6754457136488,9.579443666991665],[76.67204707131532,9.571865427247701],[76.66988685749254,9.59869641450797],[76.65775701397507,9.61554855312329],[76.7008672474256,9.614670707786956],[76.72670201338724,9.57604424674463],[76.74189509258451,9.582826794221205],[76.74120187356766,9.589479532654366],[76.75712881304435,9.588623883485468],[76.74937194186168,9.602889026007801],[76.76253732503756,9.612870971018538],[76.75614467863409,9.620804195657172]]]}},{"id":"404","type":"Feature","properties":{"ST_NAME":"KERALA","AC_NO":106,"AC_NAME":"Kuttanad","DIST_NAME":"ALAPPUZHA","PC_NAME":"MAVELIKKARA (SC)"},"geometry":{"type":"Polygon","coordinates":[[[76.39242668434406,9.548696711384196],[76.41442741919008,9.563122617614738],[76.42714654347827,9.549121208477061],[76.46365659397668,9.560475116933162],[76.46510056973557,9.541257059865472],[76.4796754621529,9.536197724045792],[76.47939158755179,9.506472132982594],[76.50989576397836,9.500804223236344],[76.51593116728958,9.489374206054833],[76.50791183886031,9.486505439774248],[76.49509469566374,9.44437278107904],[76.51175727068153,9.436153312125725],[76.50509769650154,9.429275578605143],[76.5113025752537,9.419026822729734],[76.50644059385837,9.403836751764743],[76.51364928238854,9.400820691821536],[76.50896746937326,9.377069006629426],[76.52383816859668,9.366247747735429],[76.51590066408443,9.366061587172567],[76.51267326795698,9.354330617264225],[76.48260266727931,9.346052985556867],[76.47391351389763,9.3326828438382],[76.49276214925385,9.3254446350619],[76.48895108952121,9.303020615409139],[76.47008321856572,9.31770127889098],[76.46796606787979,9.296881878196189],[76.45388730265694,9.297671268913973],[76.45218819822685,9.325822263087048],[76.46419635447825,9.330321285299135],[76.46102317847698,9.348942803167859],[76.43504278169905,9.351724866709276],[76.42080808122802,9.340538031604922],[76.38754761043396,9.35586874035016],[76.4043862034606,9.37494089230836],[76.40383864134026,9.39523406100318],[76.38777932255772,9.394795368111772],[76.36089054126552,9.455298410793091],[76.37039225639757,9.508977826765317],[76.3837756829015,9.51984818414644],[76.39242668434406,9.548696711384196]]]}},{"id":"405","type":"Feature","properties":{"ST_NAME":"KERALA","AC_NO":99,"AC_NAME":"Changanassery","DIST_NAME":"KOTTAYAM","PC_NAME":"MAVELIKKARA (SC)"},"geometry":{"type":"Polygon","coordinates":[[[76.5096421920336,9.517528951300108],[76.51885616547969,9.509514322727853],[76.5390643554357,9.509765553737338],[76.5694139231141,9.482388795806344],[76.57810419884976,9.486653304506433],[76.57782624808294,9.49759527040544],[76.59835018731133,9.510467755182788],[76.6152655167902,9.507094286672043],[76.61535709385487,9.461498024913965],[76.59077055631616,9.44548997378331],[76.5937710615853,9.414482480082427],[76.57932785779445,9.422569610199389],[76.55870876399831,9.411334736908657],[76.55302264657792,9.423711631386709],[76.54392178086556,9.422645696441805],[76.5159223359471,9.408989151228411],[76.51364928238854,9.400820691821536],[76.50644059385837,9.403836751764743],[76.5113025752537,9.419026822729734],[76.50509769650154,9.429275578605143],[76.51175727068153,9.436153312125725],[76.49509469566374,9.44437278107904],[76.50791183886031,9.486505439774248],[76.51593116728958,9.489374206054833],[76.50989576397836,9.500804223236344],[76.48947476744661,9.506896177716499],[76.49337929731678,9.516414169678228],[76.5096421920336,9.517528951300108]]]}},{"id":"406","type":"Feature","properties":{"ST_NAME":"KERALA","AC_NO":105,"AC_NAME":"Ambalappuzha","DIST_NAME":"ALAPPUZHA","PC_NAME":"ALAPPUZHA"},"geometry":{"type":"Polygon","coordinates":[[[76.36416272273152,9.489415990355724],[76.36089054126552,9.455298410793091],[76.37864568375136,9.410601108654305],[76.38777932255772,9.394795368111772],[76.40383864134026,9.39523406100318],[76.4043862034606,9.37494089230836],[76.38754761043396,9.35586874035016],[76.411472247846,9.344040799243544],[76.40044365295228,9.339673516020014],[76.39460425418304,9.307781038164421],[76.38461802660072,9.307513659827578],[76.34315455523858,9.400726165879917],[76.31831856105282,9.493923664045894],[76.36416272273152,9.489415990355724]]]}},{"id":"407","type":"Feature","properties":{"ST_NAME":"KERALA","AC_NO":111,"AC_NAME":"Thiruvalla","DIST_NAME":"PATHANAMTHITTA","PC_NAME":"PATHANAMTHITTA"},"geometry":{"type":"Polygon","coordinates":[[[76.59077055631616,9.44548997378331],[76.62619224007989,9.461112482854844],[76.63010577576102,9.47262234994156],[76.63552441861708,9.462330642445238],[76.64295829289097,9.479416739690805],[76.68052844353292,9.483463105238172],[76.70050564262135,9.476442045863791],[76.70805815096293,9.454412930212584],[76.70425506821687,9.448127797759696],[76.68718118736194,9.453616580540825],[76.69661155567883,9.420214435947514],[76.6677726035229,9.402545002449926],[76.67955401190818,9.38151026538651],[76.64953114724472,9.37457985137911],[76.64357183557183,9.389697258022068],[76.62899067128251,9.394723432240653],[76.61737848293069,9.38203714489839],[76.602562622567,9.38526437015463],[76.59704462081265,9.372765124710781],[76.6005100279155,9.357597526005065],[76.61624552690961,9.351568562739033],[76.61138118029731,9.343221584308708],[76.56681291738226,9.356255744706914],[76.5501131571965,9.350773500896423],[76.55982231175034,9.343371424851398],[76.55158845364429,9.324544713168052],[76.47474131286134,9.328417394447229],[76.48260266727931,9.346052985556867],[76.51267326795698,9.354330617264225],[76.51590066408443,9.366061587172567],[76.52383816859668,9.366247747735429],[76.50896746937326,9.377069006629426],[76.5159223359471,9.408989151228411],[76.55302264657792,9.423711631386709],[76.55870876399831,9.411334736908657],[76.57932785779445,9.422569610199389],[76.5937710615853,9.414482480082427],[76.59077055631616,9.44548997378331]]]}},{"id":"408","type":"Feature","properties":{"ST_NAME":"KERALA","AC_NO":114,"AC_NAME":"Konni","DIST_NAME":"PATHANAMTHITTA","PC_NAME":"PATHANAMTHITTA"},"geometry":{"type":"Polygon","coordinates":[[[77.14282654211127,9.46119296588273],[77.1546162926079,9.471026859102324],[77.16628011103836,9.469632902736294],[77.16890505042778,9.461770260489175],[77.18124012733006,9.472267191477727],[77.18339921610101,9.454436696596304],[77.20668013677897,9.450602835452571],[77.20788645049936,9.441552106044924],[77.22408148777049,9.434193264907321],[77.22048055283528,9.421412362590502],[77.228742458098,9.41995321706736],[77.24810378975815,9.377800023252519],[77.23479271191417,9.35028615827963],[77.23505210876789,9.324245320764987],[77.22473105099726,9.312418459744151],[77.22457077112426,9.296061366438948],[77.23567025327964,9.293052993001254],[77.2371653545975,9.282762905183972],[77.24900430700325,9.289924919799262],[77.28185311582871,9.2731202249185],[77.27407981493155,9.235195215286979],[77.2822493292432,9.2167963785501],[77.25310941446799,9.189242714979343],[77.2662380783247,9.181784128234995],[77.26736695861831,9.154185829512471],[77.24719358051937,9.124688940542228],[77.21224309204513,9.100176927123528],[77.20769012759735,9.072177555050189],[77.1109677303765,9.093384421453948],[77.07881440326219,9.113460720435967],[77.05785481984412,9.117236238061992],[77.05446403758532,9.127311277293643],[77.01842901079027,9.130717188847257],[76.93058696731475,9.173427161034681],[76.92675210522555,9.138865861370448],[76.96015007246791,9.129910639064803],[76.94876573095377,9.117484611026043],[76.89830965966314,9.130409311340713],[76.8849218777425,9.121989280980586],[76.87590209670446,9.130887765058333],[76.86573528165798,9.115565667321732],[76.85145761607617,9.112618386629265],[76.85196163931823,9.099679075029314],[76.84133576173605,9.092101251671465],[76.82295616779294,9.093500144416168],[76.80903201671424,9.108537174151309],[76.78822664993999,9.113175030103605],[76.80420208355935,9.124187978592374],[76.77666811514143,9.141274720651893],[76.79502746714394,9.148702314959905],[76.7960331511091,9.157037147146696],[76.80594205048527,9.151794204838723],[76.80235476006419,9.158416447261288],[76.80798327590753,9.156978185794685],[76.79448966176852,9.163070625009368],[76.78972324683042,9.175113667761593],[76.80847886980405,9.170513936768828],[76.78897079936297,9.17914548857351],[76.79627865703446,9.182404449106116],[76.76724167146602,9.207255626545987],[76.74918735331374,9.209558931499544],[76.72155420316398,9.227931771534088],[76.74212201941572,9.23118264716146],[76.7448366526894,9.239030838202666],[76.77883869544951,9.227260205494133],[76.78798297503431,9.236115906124212],[76.78130517609304,9.24636484725994],[76.78852068418229,9.258019170648254],[76.79833818276097,9.252287764268942],[76.7980641575349,9.260927776895414],[76.80832002165175,9.26192046385836],[76.82192840637089,9.255455481385411],[76.81688670625653,9.263440988111142],[76.82521986750294,9.262038145544011],[76.82526741825683,9.283613339184285],[76.78891838237752,9.287159468534696],[76.78882156046672,9.300355419666914],[76.77975680703105,9.298474498399457],[76.78212840919878,9.322185804031676],[76.79030831068008,9.33128518226539],[76.83991586262704,9.301972345847105],[76.89478822389748,9.287235005291336],[76.89803383489362,9.305148836749481],[76.87720586815635,9.32140487413568],[76.879186770653,9.330069111800128],[76.89675377766474,9.331019983885199],[76.89909306359408,9.348680962856179],[76.94435701326563,9.338804700776393],[76.9679079562872,9.362332676012215],[76.97770387113678,9.35555695708797],[76.98683636420691,9.36585228255683],[76.9989919094491,9.362448184935829],[76.99685425062324,9.385218406704155],[77.02045468783365,9.39486026588861],[77.01781617497653,9.407322963783827],[77.06688176128432,9.416914287364534],[77.04773276675382,9.452535813077361],[77.05381505711927,9.46137365407094],[77.07274315926946,9.456451023296154],[77.10362043023872,9.479830323510669],[77.11947939535787,9.479426732058073],[77.13070092450812,9.49322395642048],[77.14311541514434,9.487269735809718],[77.14282654211127,9.46119296588273]]]}},{"id":"409","type":"Feature","properties":{"ST_NAME":"KERALA","AC_NO":112,"AC_NAME":"Ranni","DIST_NAME":"PATHANAMTHITTA","PC_NAME":"PATHANAMTHITTA"},"geometry":{"type":"Polygon","coordinates":[[[76.73311688833377,9.474705371355867],[76.75163205687397,9.463354105107896],[76.74913835285275,9.452967507444555],[76.76521262466298,9.436482507161998],[76.7818242539862,9.44839278030264],[76.7929456355327,9.444743074233543],[76.80036131382366,9.459984842726385],[76.81806874187902,9.455638612631901],[76.82347192359043,9.44567077258813],[76.82985396698706,9.452140412649953],[76.84829583628385,9.445742600540655],[76.85504330480472,9.456968251283797],[76.91173707020965,9.42407850352015],[76.92292492964185,9.424983115378495],[76.92768550438257,9.41563984640186],[76.94112548655204,9.420796049098442],[76.94089304687668,9.44570403581264],[76.9701078068299,9.464752682190579],[77.0152011838876,9.441850131478418],[77.00953196382915,9.409038929602957],[77.01781617497653,9.407322963783827],[77.02045468783365,9.39486026588861],[76.99948809779755,9.391214334274139],[76.9989919094491,9.362448184935829],[76.98683636420691,9.36585228255683],[76.97770387113678,9.35555695708797],[76.9679079562872,9.362332676012215],[76.94435701326563,9.338804700776393],[76.89909306359408,9.348680962856179],[76.89675377766474,9.331019983885199],[76.879186770653,9.330069111800128],[76.87720586815635,9.32140487413568],[76.89803383489362,9.305148836749481],[76.89478822389748,9.287235005291336],[76.86655655514096,9.29198917685909],[76.81094403384014,9.320110726329006],[76.80770905822652,9.315864424403685],[76.79482253952864,9.33047557478801],[76.78212840919878,9.322185804031676],[76.76509066939894,9.333309289991803],[76.75854280180891,9.328007320681365],[76.72553241448941,9.334356917437844],[76.72497729986253,9.348360529015224],[76.71171304252294,9.360149757005729],[76.71869046769098,9.369328973453435],[76.7088209999892,9.382106630116937],[76.67955401190818,9.38151026538651],[76.6677726035229,9.402545002449926],[76.69661155567883,9.420214435947514],[76.68718118736194,9.453616580540825],[76.70425506821687,9.448127797759696],[76.73311688833377,9.474705371355867]]]}},{"id":"410","type":"Feature","properties":{"ST_NAME":"KERALA","AC_NO":113,"AC_NAME":"Aranmula","DIST_NAME":"PATHANAMTHITTA","PC_NAME":"PATHANAMTHITTA"},"geometry":{"type":"Polygon","coordinates":[[[76.71226618943314,9.37834699361889],[76.71869046769098,9.369328973453435],[76.71171304252294,9.360149757005729],[76.72497729986253,9.348360529015224],[76.72553241448941,9.334356917437844],[76.75854280180891,9.328007320681365],[76.76509066939894,9.333309289991803],[76.78212840919878,9.322185804031676],[76.77975680703105,9.298474498399457],[76.78882156046672,9.300355419666914],[76.78891838237752,9.287159468534696],[76.82526741825683,9.283613339184285],[76.82521986750294,9.262038145544011],[76.81688670625653,9.263440988111142],[76.82192840637089,9.255455481385411],[76.80832002165175,9.26192046385836],[76.7980641575349,9.260927776895414],[76.79833818276097,9.252287764268942],[76.78852068418229,9.258019170648254],[76.78130517609304,9.24636484725994],[76.78798297503431,9.236115906124212],[76.77883869544951,9.227260205494133],[76.7448366526894,9.239030838202666],[76.74212201941572,9.23118264716146],[76.72747414341706,9.23264098689208],[76.7159071001326,9.223926140778815],[76.69409263736537,9.22634825606724],[76.69052749095101,9.233381348370585],[76.67161722235699,9.231638375910393],[76.66935846622027,9.239759030954588],[76.65770470221031,9.242193002904799],[76.65491840645933,9.261741953828164],[76.6767786806916,9.282842109375906],[76.67515815452526,9.291438852920749],[76.65359633830042,9.29242469334497],[76.65163821922852,9.308545982611065],[76.63529525517197,9.3272097236499],[76.64163588928494,9.341122303151792],[76.61138118029731,9.343221584308708],[76.61624552690961,9.351568562739033],[76.6005100279155,9.357597526005065],[76.59704462081265,9.372765124710781],[76.602562622567,9.38526437015463],[76.61737848293069,9.38203714489839],[76.62899067128251,9.394723432240653],[76.64357183557183,9.389697258022068],[76.64953114724472,9.37457985137911],[76.67955401190818,9.38151026538651],[76.71226618943314,9.37834699361889]]]}},{"id":"411","type":"Feature","properties":{"ST_NAME":"KERALA","AC_NO":107,"AC_NAME":"Haripad","DIST_NAME":"ALAPPUZHA","PC_NAME":"ALAPPUZHA"},"geometry":{"type":"Polygon","coordinates":[[[76.46102317847698,9.348942803167859],[76.46419635447825,9.330321285299135],[76.45218819822685,9.325822263087048],[76.45388730265694,9.297671268913973],[76.46796606787979,9.296881878196189],[76.47008321856572,9.31770127889098],[76.48311000272452,9.312285727904055],[76.48094912969862,9.303931022498716],[76.50128600634417,9.292403366821986],[76.50451643588485,9.265117118460296],[76.49807929462378,9.227102918564867],[76.46764138114486,9.227122962654676],[76.47551765441625,9.207451473706612],[76.44753494408246,9.196323899428478],[76.46998566370746,9.157755904211683],[76.46625999280445,9.128963361569902],[76.38461802660072,9.307513659827578],[76.39460425418304,9.307781038164421],[76.40044365295228,9.339673516020014],[76.42080808122802,9.340538031604922],[76.43504278169905,9.351724866709276],[76.46102317847698,9.348942803167859]]]}},{"id":"412","type":"Feature","properties":{"ST_NAME":"KERALA","AC_NO":110,"AC_NAME":"Chengannur","DIST_NAME":"ALAPPUZHA","PC_NAME":"MAVELIKKARA (SC)"},"geometry":{"type":"Polygon","coordinates":[[[76.56681291738226,9.356255744706914],[76.64163588928494,9.341122303151792],[76.63529525517197,9.3272097236499],[76.65163821922852,9.308545982611065],[76.65359633830042,9.29242469334497],[76.67515815452526,9.291438852920749],[76.6767786806916,9.282842109375906],[76.65491840645933,9.261741953828164],[76.65770470221031,9.242193002904799],[76.63923964389448,9.233794223524626],[76.63275640248605,9.243900296561492],[76.62762739438881,9.230781574709965],[76.61802271587567,9.227786738767009],[76.59062040101077,9.245879191771337],[76.57666047849835,9.268535435262152],[76.5530871558476,9.270726914015938],[76.5396043623515,9.25625029141787],[76.52529969012863,9.257963262494627],[76.51899252068836,9.268585103020143],[76.49935245764988,9.26795315391496],[76.50128600634417,9.292403366821986],[76.49082097700654,9.293157226225048],[76.48895108952121,9.303020615409139],[76.49276214925385,9.3254446350619],[76.55158845364429,9.324544713168052],[76.55982231175034,9.343371424851398],[76.5501131571965,9.350773500896423],[76.56681291738226,9.356255744706914]]]}},{"id":"413","type":"Feature","properties":{"ST_NAME":"KERALA","AC_NO":109,"AC_NAME":"Mavelikkara (SC)","DIST_NAME":"ALAPPUZHA","PC_NAME":"MAVELIKKARA (SC)"},"geometry":{"type":"Polygon","coordinates":[[[76.52529969012863,9.257963262494627],[76.5396043623515,9.25625029141787],[76.5446963327696,9.266617624703656],[76.5477149494854,9.259682600771441],[76.56233660844777,9.272200943318921],[76.57035932102588,9.264896435622063],[76.57666047849835,9.268535435262152],[76.59062040101077,9.245879191771337],[76.61802271587567,9.227786738767009],[76.62762739438881,9.230781574709965],[76.63275640248605,9.243900296561492],[76.64385663917261,9.203290135231612],[76.64916054022683,9.208702111413345],[76.66740992582749,9.199416589703901],[76.68539362741404,9.174276859389579],[76.67324505281698,9.166893619644895],[76.67448571074704,9.153722191226166],[76.64041128335413,9.150693142374678],[76.61462730930293,9.130444528791998],[76.59204759272228,9.131849626858866],[76.58441915641902,9.117141683342084],[76.5682988573065,9.111953401828089],[76.5495642730728,9.114133587794868],[76.54239528151709,9.142713736649682],[76.56283075173786,9.14208378853607],[76.56133307566097,9.15755155306175],[76.5866017156967,9.170118865493293],[76.56277478962488,9.20414195148993],[76.55811328959669,9.19429317179248],[76.53323866233444,9.19998051948545],[76.52529969012863,9.257963262494627]]]}},{"id":"414","type":"Feature","properties":{"ST_NAME":"KERALA","AC_NO":108,"AC_NAME":"Kayamkulam","DIST_NAME":"ALAPPUZHA","PC_NAME":"ALAPPUZHA"},"geometry":{"type":"Polygon","coordinates":[[[76.50451643588485,9.265117118460296],[76.51899252068836,9.268585103020143],[76.52529969012863,9.257963262494627],[76.53323866233444,9.19998051948545],[76.55811328959669,9.19429317179248],[76.56277478962488,9.20414195148993],[76.5866017156967,9.170118865493293],[76.56133307566097,9.15755155306175],[76.56283075173786,9.14208378853607],[76.50895824862431,9.13700796814328],[76.50252471724195,9.135188622556939],[76.50656782364621,9.125150273866097],[76.47825651092927,9.123968568294856],[76.48499643503749,9.090058679064839],[76.46625999280445,9.128963361569902],[76.46998566370746,9.157755904211683],[76.44753494408246,9.196323899428478],[76.47551765441625,9.207451473706612],[76.46764138114486,9.227122962654676],[76.49807929462378,9.227102918564867],[76.50451643588485,9.265117118460296]]]}},{"id":"415","type":"Feature","properties":{"ST_NAME":"KERALA","AC_NO":115,"AC_NAME":"Adoor (SC)","DIST_NAME":"PATHANAMTHITTA","PC_NAME":"PATHANAMTHITTA"},"geometry":{"type":"Polygon","coordinates":[[[76.63923964389448,9.233794223524626],[76.66935846622027,9.239759030954588],[76.67161722235699,9.231638375910393],[76.67464412272813,9.23655609099086],[76.69409263736537,9.22634825606724],[76.72155420316398,9.227931771534088],[76.74918735331374,9.209558931499544],[76.76724167146602,9.207255626545987],[76.79627865703446,9.182404449106116],[76.78897079936297,9.17914548857351],[76.80847886980405,9.170513936768828],[76.78972324683042,9.175113667761593],[76.79448966176852,9.163070625009368],[76.80798327590753,9.156978185794685],[76.80235476006419,9.158416447261288],[76.80594205048527,9.151794204838723],[76.7960331511091,9.157037147146696],[76.79502746714394,9.148702314959905],[76.77666811514143,9.141274720651893],[76.79203118419184,9.13614145246612],[76.79343936603397,9.125014125501536],[76.80436542922126,9.120453609446542],[76.7823960114668,9.113869075597393],[76.76588128769134,9.094617361402129],[76.77110035479757,9.075163519181103],[76.758254261525,9.072883343891249],[76.75478995249438,9.08874037007206],[76.7351660143002,9.082921881439745],[76.6929571893229,9.092105373264417],[76.67579368473082,9.07768660855021],[76.6723763652771,9.118437990420944],[76.6549308413853,9.113223767962552],[76.64507110704602,9.123670282057901],[76.63448116907074,9.121624533045804],[76.64041128335413,9.150693142374678],[76.67448571074704,9.153722191226166],[76.67324505281698,9.166893619644895],[76.68539362741404,9.174276859389579],[76.66740992582749,9.199416589703901],[76.64916054022683,9.208702111413345],[76.64385663917261,9.203290135231612],[76.63923964389448,9.233794223524626]]]}},{"id":"416","type":"Feature","properties":{"ST_NAME":"KERALA","AC_NO":120,"AC_NAME":"Pathanapuram","DIST_NAME":"KOLLAM","PC_NAME":"MAVELIKKARA (SC)"},"geometry":{"type":"Polygon","coordinates":[[[77.0471642756109,9.123368547820291],[77.02442235280938,9.125676064299],[77.01352219369431,9.072248320004007],[76.99350864670674,9.07288663540993],[76.98466050577775,9.058227009768757],[76.94718701516865,9.061505927156873],[76.94811006762558,9.044578132175104],[76.95772480145848,9.042533769917611],[76.96188278905953,9.031057950264255],[76.92896789265416,9.04548817953588],[76.91527529991521,9.03584159351476],[76.90539604669027,9.039594824141886],[76.89926556705234,9.029921303425454],[76.87479335223145,9.032442397198906],[76.91010995471072,9.019460293158033],[76.91215505980824,9.008772946914007],[76.89337639800243,9.010578550859464],[76.89692910859156,8.999481445612275],[76.88167632160503,8.990026422381561],[76.8819099870563,8.975438095891434],[76.8598190313233,8.9780495328597],[76.84347530733965,8.95898203579236],[76.83128384857082,8.96865364814738],[76.81683297446227,8.960805452609577],[76.80274026884837,8.97765850673477],[76.79195271744402,8.975170297571196],[76.78952309731312,8.999723089848771],[76.80687059060534,9.008404044111387],[76.79472908378023,9.009573979355707],[76.80582228327182,9.02788749830944],[76.80008731108057,9.038737031888559],[76.80660189476168,9.058405133989766],[76.77203703917809,9.068183810634423],[76.76588128769134,9.094617361402129],[76.7823960114668,9.113869075597393],[76.80903201671424,9.108537174151309],[76.82295616779294,9.093500144416168],[76.84133576173605,9.092101251671465],[76.85196163931823,9.099679075029314],[76.85145761607617,9.112618386629265],[76.86573528165798,9.115565667321732],[76.87590209670446,9.130887765058333],[76.8849218777425,9.121989280980586],[76.89830965966314,9.130409311340713],[76.94876573095377,9.117484611026043],[76.96015007246791,9.129910639064803],[76.92675210522555,9.138865861370448],[76.93058696731475,9.173427161034681],[76.96230596864558,9.152497935131635],[77.0471642756109,9.123368547820291]]]}},{"id":"417","type":"Feature","properties":{"ST_NAME":"KERALA","AC_NO":116,"AC_NAME":"Karunagappally","DIST_NAME":"KOLLAM","PC_NAME":"ALAPPUZHA"},"geometry":{"type":"Polygon","coordinates":[[[76.60307050929663,9.130686304329515],[76.59868972814849,9.086317330280622],[76.57442675049418,9.064021505388212],[76.56692660338013,9.065102394260123],[76.5703625468941,9.048808302960879],[76.56009470650554,9.04271678285329],[76.56453850584745,9.033982630993648],[76.5545385186378,9.030303484718104],[76.54416503488852,9.051775900237658],[76.52969084945317,9.014348516970529],[76.51666352480186,9.017805679988214],[76.48499643503749,9.090058679064839],[76.47825651092927,9.123968568294856],[76.50656782364621,9.125150273866097],[76.50252471724195,9.135188622556939],[76.50895824862431,9.13700796814328],[76.54224962462052,9.135933646120918],[76.55635461047694,9.110320456024283],[76.58441915641902,9.117141683342084],[76.59204759272228,9.131849626858866],[76.60307050929663,9.130686304329515]]]}},{"id":"418","type":"Feature","properties":{"ST_NAME":"KERALA","AC_NO":118,"AC_NAME":"Kunnathur (SC)","DIST_NAME":"KOLLAM","PC_NAME":"MAVELIKKARA (SC)"},"geometry":{"type":"Polygon","coordinates":[[[76.63744128848475,9.140354547824188],[76.63448116907074,9.121624533045804],[76.67620893049781,9.114306389828073],[76.67579368473082,9.07768660855021],[76.6929571893229,9.092105373264417],[76.71135543250728,9.086395285314211],[76.72404052824783,9.065614418770451],[76.70102366201246,9.053796311750432],[76.69796477905135,9.032852633742095],[76.7281606759745,9.00637112482758],[76.68425133103415,8.996989868487674],[76.6713986025635,9.004007835992866],[76.6524654525187,9.000682550459373],[76.64548587707162,8.991694393181774],[76.6415290651143,9.002593398466615],[76.60636638609992,8.970835593188099],[76.60667741303223,8.977384896995432],[76.58528124653236,8.976995638937638],[76.58645754178218,9.000817890333394],[76.60528150243942,9.010469821025481],[76.60386547671044,9.023532283088457],[76.57876994717537,9.017003640305802],[76.56009470650554,9.04271678285329],[76.5703625468941,9.048808302960879],[76.56692660338013,9.065102394260123],[76.57442675049418,9.064021505388212],[76.59868972814849,9.086317330280622],[76.60307050929663,9.130686304329515],[76.63744128848475,9.140354547824188]]]}},{"id":"419","type":"Feature","properties":{"ST_NAME":"KERALA","AC_NO":121,"AC_NAME":"Punalur","DIST_NAME":"KOLLAM","PC_NAME":"KOLLAM"},"geometry":{"type":"Polygon","coordinates":[[[77.02442235280938,9.125676064299],[77.05446403758532,9.127311277293643],[77.05785481984412,9.117236238061992],[77.07881440326219,9.113460720435967],[77.1109677303765,9.093384421453948],[77.20769012759735,9.072177555050189],[77.1975501024553,9.047086359348043],[77.16800982209566,9.045553282358128],[77.16097831349845,9.029341523092853],[77.14666490975782,9.021962277237378],[77.16162409507598,8.995457729490681],[77.17345145881785,8.991524854788281],[77.17817010176884,8.96926768635467],[77.1883018099806,8.96807682208771],[77.19649107340439,8.954300478184564],[77.19322742020933,8.925877215161393],[77.21827770844953,8.918435018561297],[77.22157594057722,8.903780852704244],[77.23847852846137,8.897723998763581],[77.23847684942712,8.884712180223005],[77.25632404561827,8.878283036632865],[77.26238247427182,8.841706714193549],[77.24694721574144,8.814730447752027],[77.23208708714941,8.807840487948226],[77.22992483186556,8.785247090880603],[77.2132360452074,8.779132430317475],[77.21795197940037,8.768297376722614],[77.20948446933284,8.765513939916445],[77.15479274049261,8.794578145265234],[77.10702963780761,8.830617437544731],[77.04785135585547,8.846405203337497],[77.04838558372774,8.860308809404103],[77.00376865130227,8.883939831657926],[76.98838985131067,8.92085605915986],[76.97897759174253,8.915747889253737],[76.95517745107855,8.927679765009202],[76.95550120251852,8.913368112248634],[76.94450109544925,8.902116273247486],[76.92915526640246,8.929546996796489],[76.91259310698638,8.92838010216002],[76.91462679069389,8.912070347368683],[76.8701658537712,8.903824748613317],[76.86569728440219,8.878479385615208],[76.84603415285392,8.887554528918429],[76.85610812099304,8.903171920847512],[76.85509688641224,8.93152368686873],[76.84347530733965,8.95898203579236],[76.8598190313233,8.9780495328597],[76.8819099870563,8.975438095891434],[76.88167632160503,8.990026422381561],[76.89692910859156,8.999481445612275],[76.89337639800243,9.010578550859464],[76.91215505980824,9.008772946914007],[76.91010995471072,9.019460293158033],[76.87479335223145,9.032442397198906],[76.89926556705234,9.029921303425454],[76.90539604669027,9.039594824141886],[76.91527529991521,9.03584159351476],[76.92896789265416,9.04548817953588],[76.96188278905953,9.031057950264255],[76.95772480145848,9.042533769917611],[76.94811006762558,9.044578132175104],[76.94718701516865,9.061505927156873],[76.98466050577775,9.058227009768757],[76.99350864670674,9.07288663540993],[77.01352219369431,9.072248320004007],[77.02442235280938,9.125676064299]]]}},{"id":"420","type":"Feature","properties":{"ST_NAME":"KERALA","AC_NO":119,"AC_NAME":"Kottarakkara","DIST_NAME":"KOLLAM","PC_NAME":"MAVELIKKARA (SC)"},"geometry":{"type":"Polygon","coordinates":[[[76.71246719510503,9.0841664253403],[76.74903242170893,9.082986792706379],[76.75478995249438,9.08874037007206],[76.758254261525,9.072883343891249],[76.77110035479757,9.075163519181103],[76.7804465987316,9.060792958128559],[76.80660189476168,9.058405133989766],[76.80008731108057,9.038737031888559],[76.80582228327182,9.02788749830944],[76.79472908378023,9.009573979355707],[76.80687059060534,9.008404044111387],[76.78952309731312,8.999723089848771],[76.79195271744402,8.975170297571196],[76.80274026884837,8.97765850673477],[76.81683297446227,8.960805452609577],[76.83128384857082,8.96865364814738],[76.84347530733965,8.95898203579236],[76.85509688641224,8.93152368686873],[76.85610812099304,8.903171920847512],[76.80920391852607,8.937793341989163],[76.79908274137546,8.927078988204812],[76.79174281298049,8.929415355834067],[76.78713037816448,8.905998986464112],[76.75852389266356,8.91684856860661],[76.72986643718639,8.909139355197112],[76.72754036589521,8.92105255023506],[76.70730090201505,8.936683333968745],[76.69378971782129,8.970107240356924],[76.70602343753166,8.985462426849551],[76.68425133103415,8.996989868487674],[76.7281606759745,9.00637112482758],[76.69796477905135,9.032852633742095],[76.70102366201246,9.053796311750432],[76.72404052824783,9.065614418770451],[76.71246719510503,9.0841664253403]]]}},{"id":"421","type":"Feature","properties":{"ST_NAME":"KERALA","AC_NO":117,"AC_NAME":"Chavara","DIST_NAME":"KOLLAM","PC_NAME":"KOLLAM"},"geometry":{"type":"Polygon","coordinates":[[[76.56453850584745,9.033982630993648],[76.57876994717537,9.017003640305802],[76.60386547671044,9.023532283088457],[76.60528150243942,9.010469821025481],[76.58645754178218,9.000817890333394],[76.58582850468179,8.963685740104893],[76.56777693755566,8.941262303212795],[76.5696293656028,8.928934872346531],[76.56103918800818,8.925367423667694],[76.56872507839972,8.894841661713372],[76.55452694346371,8.894166842825598],[76.53548840276761,8.934020377538445],[76.54414357166854,8.936263967508125],[76.53560543784073,8.936339629270549],[76.51666352480186,9.017805679988214],[76.52969084945317,9.014348516970529],[76.54416503488852,9.051775900237658],[76.5545385186378,9.030303484718104],[76.56453850584745,9.033982630993648]]]}},{"id":"422","type":"Feature","properties":{"ST_NAME":"KERALA","AC_NO":123,"AC_NAME":"Kundara","DIST_NAME":"KOLLAM","PC_NAME":"KOLLAM"},"geometry":{"type":"Polygon","coordinates":[[[76.6713986025635,9.004007835992866],[76.70602343753166,8.985462426849551],[76.69378971782129,8.970107240356924],[76.69738052279297,8.952239119639728],[76.72754036589521,8.92105255023506],[76.72626708685664,8.903514520278918],[76.74035804868504,8.89757664754427],[76.74876620889347,8.902085095550774],[76.74208193303485,8.884250907153671],[76.6998711844077,8.887871621777947],[76.6897766298876,8.878451008407353],[76.69312156290988,8.870552082112965],[76.64426219384524,8.870543623089759],[76.63840981965751,8.875207209545124],[76.64660434141729,8.89654281389977],[76.63726706102608,8.896442031374704],[76.63206849306658,8.91523516147356],[76.63913856279447,8.9281521249207],[76.6276220029531,8.937899496164846],[76.63312734854833,8.940786667970372],[76.62477692841259,8.97785389524114],[76.61763256928771,8.979445201534872],[76.6415290651143,9.002593398466615],[76.64548587707162,8.991694393181774],[76.6524654525187,9.000682550459373],[76.6713986025635,9.004007835992866]]]}},{"id":"423","type":"Feature","properties":{"ST_NAME":"KERALA","AC_NO":124,"AC_NAME":"Kollam","DIST_NAME":"KOLLAM","PC_NAME":"KOLLAM"},"geometry":{"type":"Polygon","coordinates":[[[76.61763256928771,8.979445201534872],[76.63312734854833,8.940786667970372],[76.6276220029531,8.937899496164846],[76.63913856279447,8.9281521249207],[76.63206849306658,8.91523516147356],[76.59340731549526,8.886947687985469],[76.59107920813898,8.875332599320075],[76.56596151571142,8.879960211994216],[76.55452694346371,8.894166842825598],[76.56872507839972,8.894841661713372],[76.56103918800818,8.925367423667694],[76.5696293656028,8.928934872346531],[76.56777693755566,8.941262303212795],[76.58582850468179,8.963685740104893],[76.58528124653236,8.976995638937638],[76.60667741303223,8.977384896995432],[76.60636638609992,8.970835593188099],[76.61763256928771,8.979445201534872]]]}},{"id":"424","type":"Feature","properties":{"ST_NAME":"KERALA","AC_NO":122,"AC_NAME":"Chadayamangalam","DIST_NAME":"KOLLAM","PC_NAME":"KOLLAM"},"geometry":{"type":"Polygon","coordinates":[[[76.80920391852607,8.937793341989163],[76.85610812099304,8.903171920847512],[76.84603415285392,8.887554528918429],[76.86569728440219,8.878479385615208],[76.8701658537712,8.903824748613317],[76.91462679069389,8.912070347368683],[76.91259310698638,8.92838010216002],[76.92915526640246,8.929546996796489],[76.94450109544925,8.902116273247486],[76.95550120251852,8.913368112248634],[76.95517745107855,8.927679765009202],[76.97897759174253,8.915747889253737],[76.98838985131067,8.92085605915986],[77.00376865130227,8.883939831657926],[77.04838558372774,8.860308809404103],[77.04785135585547,8.846405203337497],[77.03249246685391,8.842929169845377],[77.0198198141332,8.828237059792514],[77.0209707808769,8.817141936651126],[77.00877966564912,8.813253871568975],[77.02487279714194,8.775568238083792],[77.00309024771684,8.771327723295826],[76.99362634817749,8.786716313307238],[76.97983432999041,8.789667132831937],[76.97267419675683,8.775420659336021],[76.93331344735776,8.761761974635476],[76.91534675015248,8.776906037183892],[76.92129035786377,8.78656461836249],[76.90018158141493,8.811520283534321],[76.88286974893981,8.805765645867893],[76.85288044967308,8.817746873719273],[76.8480990124595,8.834660572727273],[76.824887350371,8.843727095129395],[76.81639844543196,8.859701126705659],[76.80145328863841,8.848733393431417],[76.78322855345505,8.862436164697272],[76.76647351554038,8.854717359118865],[76.78892531974776,8.896944743405243],[76.79174281298049,8.929415355834067],[76.79908274137546,8.927078988204812],[76.80920391852607,8.937793341989163]]]}},{"id":"425","type":"Feature","properties":{"ST_NAME":"KERALA","AC_NO":125,"AC_NAME":"Eravipuram","DIST_NAME":"KOLLAM","PC_NAME":"KOLLAM"},"geometry":{"type":"Polygon","coordinates":[[[76.6347279763151,8.91224910291379],[76.64765278364911,8.88683483206188],[76.63840981965751,8.875207209545124],[76.67158796021624,8.871263708453455],[76.67051054092877,8.847982262571406],[76.64559209060258,8.818284297782157],[76.59107920813898,8.875332599320075],[76.59340731549526,8.886947687985469],[76.6347279763151,8.91224910291379]]]}},{"id":"426","type":"Feature","properties":{"ST_NAME":"KERALA","AC_NO":126,"AC_NAME":"Chathannoor","DIST_NAME":"KOLLAM","PC_NAME":"KOLLAM"},"geometry":{"type":"Polygon","coordinates":[[[76.74109561327197,8.917029875528385],[76.73941253566005,8.911969920975139],[76.75852389266356,8.91684856860661],[76.78713037816448,8.905998986464112],[76.78892531974776,8.896944743405243],[76.76398296364289,8.858778941195226],[76.78089782457499,8.860473535525273],[76.7755055867135,8.843834216076232],[76.79427415273,8.828244284046548],[76.78294654045055,8.819533355380088],[76.79251906100592,8.813674316316678],[76.77098506350995,8.81117632163],[76.77075810879973,8.799962768566957],[76.76112011849875,8.8003192580274],[76.76040628342332,8.791628707998541],[76.72258638745188,8.80403814534418],[76.70968258108633,8.79141055135591],[76.69280928771849,8.79192982979788],[76.68983806077796,8.778960781215119],[76.68183928365607,8.776279384186296],[76.64559209060258,8.818284297782157],[76.67051054092877,8.847982262571406],[76.67533507275544,8.874397872763666],[76.69312156290988,8.870552082112965],[76.6897766298876,8.878451008407353],[76.6998711844077,8.887871621777947],[76.74208193303485,8.884250907153671],[76.74876620889347,8.902085095550774],[76.74035804868504,8.89757664754427],[76.72626708685664,8.903514520278918],[76.74109561327197,8.917029875528385]]]}},{"id":"427","type":"Feature","properties":{"ST_NAME":"KERALA","AC_NO":127,"AC_NAME":"Varkala","DIST_NAME":"THIRUVANANTHAPURAM","PC_NAME":"ATTINGAL"},"geometry":{"type":"Polygon","coordinates":[[[76.78089782457499,8.860473535525273],[76.80145328863841,8.848733393431417],[76.81639844543196,8.859701126705659],[76.824887350371,8.843727095129395],[76.8480990124595,8.834660572727273],[76.85288044967308,8.817746873719273],[76.83833160252152,8.808178994564969],[76.8356532712815,8.793975297322163],[76.82497743635963,8.792838454431148],[76.82502646290101,8.779407871975764],[76.81321461965905,8.76785616662886],[76.7807035566239,8.76061516455826],[76.74254202619363,8.734753761576883],[76.73551023520923,8.6965760208667],[76.6731202278163,8.781821628065757],[76.67726414372532,8.788900761161244],[76.68183928365607,8.776279384186296],[76.68983806077796,8.778960781215119],[76.69280928771849,8.79192982979788],[76.70968258108633,8.79141055135591],[76.72258638745188,8.80403814534418],[76.76040628342332,8.791628707998541],[76.76112011849875,8.8003192580274],[76.77075810879973,8.799962768566957],[76.77098506350995,8.81117632163],[76.79251906100592,8.813674316316678],[76.78294654045055,8.819533355380088],[76.79427415273,8.828244284046548],[76.7755055867135,8.843834216076232],[76.78089782457499,8.860473535525273]]]}},{"id":"428","type":"Feature","properties":{"ST_NAME":"KERALA","AC_NO":131,"AC_NAME":"Vamanapuram","DIST_NAME":"THIRUVANANTHAPURAM","PC_NAME":"ATTINGAL"},"geometry":{"type":"Polygon","coordinates":[[[76.97983432999041,8.789667132831937],[77.00309024771684,8.771327723295826],[77.02487279714194,8.775568238083792],[77.00877966564912,8.813253871568975],[77.0209707808769,8.817141936651126],[77.0198198141332,8.828237059792514],[77.03249246685391,8.842929169845377],[77.04785135585547,8.846405203337497],[77.10702963780761,8.830617437544731],[77.12750849132385,8.810776867058792],[77.19984830465557,8.76997208704222],[77.1985451942054,8.75346790332111],[77.19145228529482,8.742459467630397],[77.1706432366961,8.746791938996864],[77.18318631869369,8.71689841662868],[77.1319477167138,8.708337380665625],[77.12448546613143,8.713341462138828],[77.09872322779478,8.696874382646683],[77.07617160333689,8.701051925106299],[77.07572405661995,8.685777486941504],[77.05928447479874,8.689048268163106],[77.04437595188875,8.662967460280129],[77.05135142822587,8.644272446216462],[77.02151211609134,8.638310825983865],[77.02155924596246,8.627688580763447],[77.01331988130755,8.624084612415004],[76.96800916419164,8.623663106467234],[76.97043245849125,8.66005959777226],[76.9507408274273,8.675754963620705],[76.91138671952154,8.66539419178855],[76.88377545887039,8.679955175291184],[76.88611641484073,8.70199634455571],[76.87040028634419,8.717585804441399],[76.87853720652691,8.72969037521068],[76.89158002110116,8.718686319218307],[76.93331344735776,8.761761974635476],[76.97267419675683,8.775420659336021],[76.97983432999041,8.789667132831937]]]}},{"id":"429","type":"Feature","properties":{"ST_NAME":"KERALA","AC_NO":128,"AC_NAME":"Attingal (SC)","DIST_NAME":"THIRUVANANTHAPURAM","PC_NAME":"ATTINGAL"},"geometry":{"type":"Polygon","coordinates":[[[76.85288044967308,8.817746873719273],[76.88286974893981,8.805765645867893],[76.90018158141493,8.811520283534321],[76.92129035786377,8.78656461836249],[76.91534675015248,8.776906037183892],[76.93195544948446,8.755973946940173],[76.89158002110116,8.718686319218307],[76.87853720652691,8.72969037521068],[76.87040028634419,8.717585804441399],[76.85700953486219,8.723987214738202],[76.84403436999025,8.703904000868988],[76.84856811772448,8.691558572769964],[76.82276418142192,8.687826676759755],[76.82241390987411,8.680274502965972],[76.78612420496813,8.678257729210884],[76.78079329097767,8.690279833047896],[76.75777162955711,8.679089171328258],[76.74010137947516,8.699689668943108],[76.74254202619363,8.734753761576883],[76.7807035566239,8.76061516455826],[76.81321461965905,8.76785616662886],[76.82502646290101,8.779407871975764],[76.82497743635963,8.792838454431148],[76.8356532712815,8.793975297322163],[76.83833160252152,8.808178994564969],[76.85288044967308,8.817746873719273]]]}},{"id":"430","type":"Feature","properties":{"ST_NAME":"KERALA","AC_NO":129,"AC_NAME":"Chirayinkeezhu","DIST_NAME":"THIRUVANANTHAPURAM","PC_NAME":"ATTINGAL"},"geometry":{"type":"Polygon","coordinates":[[[76.85700953486219,8.723987214738202],[76.88611641484073,8.70199634455571],[76.87967334345012,8.659992509246933],[76.86428593424853,8.6720950340586],[76.85555181926111,8.647229929717525],[76.86166769750628,8.622523905553862],[76.84087252274878,8.60252628645901],[76.8316089516918,8.604911966613997],[76.87240755156733,8.561669094852903],[76.85543866925923,8.548541430142961],[76.73551023520923,8.6965760208667],[76.74602287015938,8.699168652111666],[76.75777162955711,8.679089171328258],[76.78079329097767,8.690279833047896],[76.78612420496813,8.678257729210884],[76.82241390987411,8.680274502965972],[76.82276418142192,8.687826676759755],[76.84856811772448,8.691558572769964],[76.84403436999025,8.703904000868988],[76.85700953486219,8.723987214738202]]]}},{"id":"431","type":"Feature","properties":{"ST_NAME":"KERALA","AC_NO":136,"AC_NAME":"Aruvikkara","DIST_NAME":"THIRUVANANTHAPURAM","PC_NAME":"ATTINGAL"},"geometry":{"type":"Polygon","coordinates":[[[77.18318631869369,8.71689841662868],[77.20721839361403,8.684987699622695],[77.20131686248328,8.668763366036558],[77.2457689842513,8.616430393447956],[77.2312497688618,8.618860915598816],[77.2302440381319,8.606912651497737],[77.22291479907875,8.618457194643838],[77.21533769787652,8.617293957550146],[77.19965576610076,8.576767674188886],[77.16441166426694,8.576003768459202],[77.16253723700396,8.558509943778915],[77.15206590791536,8.559205923714444],[77.15337768783007,8.550999949987727],[77.11566365015739,8.551799298898572],[77.12656679592095,8.524807216080205],[77.1180693887913,8.502029114452114],[77.08872010374984,8.505767050309146],[77.03644381453046,8.54766240579545],[76.99458083014127,8.5519444530741],[76.99462460823912,8.58223784819819],[77.01380065797406,8.59427641682322],[77.00269202881412,8.610105216882289],[76.97828431696769,8.623117627176782],[77.01331988130755,8.624084612415004],[77.02155924596246,8.627688580763447],[77.02151211609134,8.638310825983865],[77.05135142822587,8.644272446216462],[77.04437595188875,8.662967460280129],[77.05928447479874,8.689048268163106],[77.07572405661995,8.685777486941504],[77.07617160333689,8.701051925106299],[77.09872322779478,8.696874382646683],[77.12448546613143,8.713341462138828],[77.1319477167138,8.708337380665625],[77.18318631869369,8.71689841662868]]]}},{"id":"432","type":"Feature","properties":{"ST_NAME":"KERALA","AC_NO":130,"AC_NAME":"Nedumangad","DIST_NAME":"THIRUVANANTHAPURAM","PC_NAME":"ATTINGAL"},"geometry":{"type":"Polygon","coordinates":[[[76.88377545887039,8.679955175291184],[76.91138671952154,8.66539419178855],[76.9507408274273,8.675754963620705],[76.97043245849125,8.66005959777226],[76.96800916419164,8.623663106467234],[77.00269202881412,8.610105216882289],[77.01380065797406,8.59427641682322],[76.99462460823912,8.58223784819819],[76.99458083014127,8.5519444530741],[76.97633872185457,8.546232941497124],[76.96274143387012,8.563802545750946],[76.93644166355199,8.573148231205948],[76.94140994301449,8.58125466347201],[76.91996486778447,8.608207241770856],[76.90537806834323,8.582838697847649],[76.89969908614398,8.595057636300908],[76.87899848948877,8.594309741201641],[76.87757795096172,8.600446984640655],[76.8562236766814,8.579708846685946],[76.8316089516918,8.604911966613997],[76.84087252274878,8.60252628645901],[76.86166769750628,8.622523905553862],[76.85555181926111,8.647229929717525],[76.86428593424853,8.6720950340586],[76.87967334345012,8.659992509246933],[76.88377545887039,8.679955175291184]]]}},{"id":"433","type":"Feature","properties":{"ST_NAME":"KERALA","AC_NO":132,"AC_NAME":"Kazhakoottam","DIST_NAME":"THIRUVANANTHAPURAM","PC_NAME":"THIRUVANANTHAPURA"},"geometry":{"type":"Polygon","coordinates":[[[76.91996486778447,8.608207241770856],[76.94140994301449,8.58125466347201],[76.93644166355199,8.573148231205948],[76.95288667997636,8.564162270072757],[76.94194391547938,8.55216475999572],[76.9413247781161,8.509651587350902],[76.90856700586266,8.482224379251761],[76.85543866925923,8.548541430142961],[76.87240755156733,8.561669094852903],[76.8562236766814,8.579708846685946],[76.87757795096172,8.600446984640655],[76.87899848948877,8.594309741201641],[76.89969908614398,8.595057636300908],[76.90537806834323,8.582838697847649],[76.91996486778447,8.608207241770856]]]}},{"id":"434","type":"Feature","properties":{"ST_NAME":"KERALA","AC_NO":137,"AC_NAME":"Parassala","DIST_NAME":"THIRUVANANTHAPURAM","PC_NAME":"THIRUVANANTHAPURA"},"geometry":{"type":"Polygon","coordinates":[[[77.2457689842513,8.616430393447956],[77.24555789538061,8.603518472499559],[77.26352257090997,8.588677404138934],[77.2837449090004,8.54698825600326],[77.26185659570541,8.50650087371639],[77.23935359669122,8.49664650023584],[77.22955933119823,8.509177863167906],[77.21400571019541,8.512774177386405],[77.2022119154476,8.50183560822677],[77.22741736012313,8.447638965166163],[77.20629106038416,8.444643969143897],[77.18191302886322,8.396238689364054],[77.16823934257167,8.384478051720748],[77.1607155621735,8.389853474058611],[77.15142215970496,8.384764606301587],[77.16069368346677,8.374135900351575],[77.15207718631314,8.354795295366614],[77.16792462931824,8.363584824779878],[77.17394621004962,8.358640151621728],[77.16667015420433,8.342708165149759],[77.18022939367165,8.323447742819098],[77.17328667154271,8.319380067835937],[77.16852297165786,8.33418603295911],[77.15400863958712,8.327636869445996],[77.14098464242738,8.338035987470903],[77.14500371894655,8.349318382737238],[77.1311059557753,8.356524845445335],[77.12379691909263,8.378633587070453],[77.09770895800204,8.389251127937257],[77.10558439850126,8.39881107507108],[77.09201657320637,8.407405680927468],[77.09225806815539,8.426083124037007],[77.10400981420162,8.452017573552212],[77.09131578549517,8.46861905852279],[77.1252767571167,8.474393072981968],[77.11823297547147,8.509245827632867],[77.12656679592095,8.524807216080205],[77.11566365015739,8.551799298898572],[77.15337768783007,8.550999949987727],[77.15206590791536,8.559205923714444],[77.16253723700396,8.558509943778915],[77.16441166426694,8.576003768459202],[77.19965576610076,8.576767674188886],[77.21533769787652,8.617293957550146],[77.22291479907875,8.618457194643838],[77.2302440381319,8.606912651497737],[77.2312497688618,8.618860915598816],[77.2457689842513,8.616430393447956]]]}},{"id":"435","type":"Feature","properties":{"ST_NAME":"KERALA","AC_NO":133,"AC_NAME":"Vattiyoorkavu(SC)","DIST_NAME":"THIRUVANANTHAPURAM","PC_NAME":"THIRUVANANTHAPURA"},"geometry":{"type":"Polygon","coordinates":[[[76.96274143387012,8.563802545750946],[76.97633872185457,8.546232941497124],[77.01275035504489,8.54791292274325],[77.00631988135751,8.538101325515811],[77.01404304594985,8.520596199954696],[77.00352383425758,8.507024886189583],[76.97947427291939,8.513125776333538],[76.98035707621813,8.521641360560409],[76.96097001675292,8.521025422085586],[76.96310014285734,8.511233176469943],[76.95586720500756,8.506835544724652],[76.9413247781161,8.509651587350902],[76.94194391547938,8.55216475999572],[76.95288667997636,8.564162270072757],[76.96274143387012,8.563802545750946]]]}},{"id":"436","type":"Feature","properties":{"ST_NAME":"KERALA","AC_NO":138,"AC_NAME":"Kattakkada","DIST_NAME":"THIRUVANANTHAPURAM","PC_NAME":"ATTINGAL"},"geometry":{"type":"Polygon","coordinates":[[[77.0156515292947,8.547707867424208],[77.05142761878966,8.539995166443816],[77.08872010374984,8.505767050309146],[77.1180693887913,8.502029114452114],[77.1252767571167,8.474393072981968],[77.09131578549517,8.46861905852279],[77.09657666568063,8.457502533315335],[77.07539667911351,8.431451301436482],[77.06301793113266,8.432352320503242],[77.051744328538,8.446431952672526],[77.04414452125269,8.42643981944218],[77.02369437139816,8.430736790970172],[77.00357411805118,8.454346588324427],[77.00352383425758,8.507024886189583],[77.01404304594985,8.520596199954696],[77.00631988135751,8.538101325515811],[77.0156515292947,8.547707867424208]]]}},{"id":"437","type":"Feature","properties":{"ST_NAME":"KERALA","AC_NO":134,"AC_NAME":"Thiruvananthapura","DIST_NAME":"THIRUVANANTHAPURAM","PC_NAME":"THIRUVANANTHAPURA"},"geometry":{"type":"Polygon","coordinates":[[[76.98035707621813,8.521641360560409],[76.97947427291939,8.513125776333538],[77.00352383425758,8.507024886189583],[77.00323746583643,8.469942612361706],[76.99195404084634,8.483885695968127],[76.98354986733256,8.472271011997634],[76.96545340784854,8.480864205019088],[76.93218150667127,8.455385476158824],[76.90856700586266,8.482224379251761],[76.9413247781161,8.509651587350902],[76.96310014285734,8.511233176469943],[76.96097001675292,8.521025422085586],[76.98035707621813,8.521641360560409]]]}},{"id":"438","type":"Feature","properties":{"ST_NAME":"KERALA","AC_NO":135,"AC_NAME":"Nemom","DIST_NAME":"THIRUVANANTHAPURAM","PC_NAME":"THIRUVANANTHAPURA"},"geometry":{"type":"Polygon","coordinates":[[[76.99195404084634,8.483885695968127],[77.01021168312275,8.450023184822157],[76.98248443151135,8.44668359197425],[76.97055703617832,8.436559781608707],[76.97363601718848,8.424254732170198],[76.9911297285542,8.417738751841966],[76.9732852609061,8.397998744446568],[76.93218150667127,8.455385476158824],[76.96545340784854,8.480864205019088],[76.98354986733256,8.472271011997634],[76.99195404084634,8.483885695968127]]]}},{"id":"439","type":"Feature","properties":{"ST_NAME":"KERALA","AC_NO":140,"AC_NAME":"Neyyattinkara","DIST_NAME":"THIRUVANANTHAPURAM","PC_NAME":"THIRUVANANTHAPURA"},"geometry":{"type":"Polygon","coordinates":[[[77.09657666568063,8.457502533315335],[77.10400981420162,8.452017573552212],[77.09201657320637,8.407405680927468],[77.10558439850126,8.39881107507108],[77.09770895800204,8.389251127937257],[77.12379691909263,8.378633587070453],[77.14841500664727,8.332237594189678],[77.11898229329825,8.321382338224396],[77.12242511572657,8.309442264249128],[77.10299521795503,8.306960829678587],[77.09779810599787,8.292488678509756],[77.07418807841714,8.316247400896884],[77.08989890271226,8.34884802831391],[77.06053777090148,8.351867380675117],[77.0598431552375,8.364865218355192],[77.04090913644757,8.37543111205622],[77.05539334033045,8.395514654177987],[77.05376588578707,8.420115727458892],[77.04414452125269,8.42643981944218],[77.04651935828184,8.44055624017841],[77.051744328538,8.446431952672526],[77.06301793113266,8.432352320503242],[77.07539667911351,8.431451301436482],[77.09657666568063,8.457502533315335]]]}},{"id":"440","type":"Feature","properties":{"ST_NAME":"KERALA","AC_NO":139,"AC_NAME":"Kovalam","DIST_NAME":"THIRUVANANTHAPURAM","PC_NAME":"THIRUVANANTHAPURA"},"geometry":{"type":"Polygon","coordinates":[[[77.01009804658764,8.449038623233946],[77.02369437139816,8.430736790970172],[77.05376588578707,8.420115727458892],[77.05539334033045,8.395514654177987],[77.04090913644757,8.37543111205622],[77.0598431552375,8.364865218355192],[77.06053777090148,8.351867380675117],[77.08989890271226,8.34884802831391],[77.07418807841714,8.316247400896884],[77.08144317196485,8.304541933063831],[76.9714984671806,8.39189083329535],[76.97077148041956,8.402348149147826],[76.97681150984334,8.397760202871098],[76.9911297285542,8.417738751841966],[76.97363601718848,8.424254732170198],[76.97055703617832,8.436559781608707],[76.98248443151135,8.44668359197425],[77.01009804658764,8.449038623233946]]]}}]}