{"type":"FeatureCollection","features":[{"id":"441","type":"Feature","properties":{"ST_NAME":"TAMIL NADU","AC_NO":2,"AC_NAME":"Ponneri (SC)","DIST_NAME":"THIRUVALLUR","PC_NAME":"TIRUVALLUR (SC)"},"geometry":{"type":"Polygon","coordinates":[[[80.26826078700577,13.564496251201092],[80.30102488239248,13.478662054810059],[80.32606173476131,13.444929689953256],[80.34677683388384,13.31337826669369],[80.3318387070907,13.2355473584239],[80.31422947780823,13.226269647326433],[80.30290460846095,13.198220076895097],[80.25399904841743,13.206203834439464],[80.23937023894541,13.199501200719908],[80.23076997995065,13.216700689884988],[80.23850611456561,13.229176511586786],[80.20931709770593,13.232610529652277],[80.2134059220457,13.247246168575884],[80.20053375113179,13.247707499201795],[80.19632744745377,13.2706632601014],[80.17713458938982,13.269101304981291],[80.17058492045777,13.259931212155777],[80.13232681992685,13.259457296417168],[80.1249395323336,13.263845058103016],[80.12340702731251,13.30646979434556],[80.11029728788958,13.314891142212502],[80.10823000640971,13.303480215839329],[80.07242655594087,13.317896375217572],[80.07891948214842,13.34550474454835],[80.0995453487389,13.35900554606917],[80.15177907664315,13.32616298303526],[80.16940419244958,13.327512518288131],[80.16787444205193,13.34372857541348],[80.15945192146904,13.348434715090093],[80.16303396704399,13.360665824068576],[80.14812717353027,13.362992643595646],[80.14459791995807,13.376964382300457],[80.15437247411046,13.381934968524035],[80.14995970677512,13.395762567488532],[80.1974501242239,13.393548182102961],[80.19660388196365,13.417193312021766],[80.18704967969904,13.423166482247382],[80.18945757670588,13.43872976017036],[80.16885257798413,13.441642705646416],[80.16267361769337,13.454830661805659],[80.18221242876064,13.473923474788592],[80.17495599522306,13.488686749993576],[80.21511640379907,13.489679207629365],[80.24263259711671,13.470875562657113],[80.26826078700577,13.564496251201092]]]}},{"id":"442","type":"Feature","properties":{"ST_NAME":"TAMIL NADU","AC_NO":3,"AC_NAME":"Tiruttani","DIST_NAME":"THIRUVALLUR","PC_NAME":"ARAKKONAM"},"geometry":{"type":"Polygon","coordinates":[[[79.53931043183104,13.33463110644044],[79.54406905324424,13.316811678616148],[79.53482873505811,13.30139609365483],[79.5411960835325,13.292462047685376],[79.5351257172781,13.274992130582405],[79.55837383338576,13.272747865221845],[79.57391508960973,13.259069870278324],[79.5931487085461,13.264724857666124],[79.59555474485563,13.284693310847672],[79.608651491773,13.287523398186352],[79.60605227749068,13.279579584929934],[79.6140823977845,13.282725764182715],[79.63160498188444,13.269730048003339],[79.63843377160134,13.28751605432251],[79.64123425056027,13.275614449747081],[79.64244527403025,13.290175411665984],[79.65176028720754,13.291863138772896],[79.65779921226391,13.28387749085357],[79.66384040630976,13.28979274024283],[79.6653530722865,13.27874322172238],[79.67424715508218,13.281971419145748],[79.67825160412826,13.29745672404863],[79.69386206228438,13.279840140110423],[79.69109205775231,13.261012274596851],[79.68767452515925,13.26673193942753],[79.67825892910633,13.261681323434402],[79.68405564065534,13.243285873544266],[79.64692993316993,13.23708200293214],[79.6362240752809,13.248359687549566],[79.62087981824908,13.247824438047417],[79.61600068768166,13.220639097216633],[79.63984066471494,13.220482034218549],[79.6554570305176,13.208020002721014],[79.64497324312072,13.179619404412051],[79.63122907246378,13.17290798881271],[79.63354261979612,13.14663733044847],[79.5889540645785,13.147405681527005],[79.5994906403808,13.130755197894132],[79.59431946846877,13.121486635599808],[79.57008500022266,13.121778631078996],[79.56908847765118,13.137299472692575],[79.52311948197854,13.143581304633528],[79.49858097992836,13.13605407803334],[79.48186051824837,13.139509519748572],[79.48207591127436,13.12807831276399],[79.47373734600177,13.125326070741608],[79.47522291810327,13.107715367470291],[79.4509869344995,13.093290919040726],[79.44364945315976,13.11380098442794],[79.42926013764531,13.116291544419312],[79.4534071054536,13.126370290656439],[79.43915638356032,13.124754592950126],[79.41872018758664,13.150182332049042],[79.41342975298079,13.11901295588325],[79.40169810138633,13.104059079263152],[79.42028408434305,13.10372025968229],[79.41707531497389,13.084598951680334],[79.37932885224478,13.079958833933063],[79.33492583615845,13.060407813669713],[79.32991865742014,13.072798391332753],[79.2974245349144,13.087612138289614],[79.28377982298048,13.122894169030701],[79.31305224566466,13.125714169573314],[79.2944775491996,13.109789395664109],[79.30716935208397,13.105936328598716],[79.34094935582817,13.136943507536898],[79.3453057437651,13.12162749731118],[79.35748993781044,13.121938195091673],[79.36564812785889,13.134080168664923],[79.35683789065621,13.165059955152856],[79.38022563550476,13.163068959564896],[79.38067637661356,13.170746312692245],[79.37032782387001,13.174571467499277],[79.38877701364834,13.179652705408103],[79.37416719426068,13.1893678926142],[79.41043681190939,13.194517323415766],[79.43895640221626,13.187875269827884],[79.43240594367944,13.196356896553596],[79.44370992267483,13.207663986303999],[79.43760159513755,13.219762262718291],[79.4532394538378,13.2167924378208],[79.45282925416683,13.2385834147928],[79.43048271380627,13.229809201733303],[79.43796932432491,13.243183956974065],[79.4184266164952,13.24291132479783],[79.42261835205534,13.250739112919803],[79.40838557433483,13.265298912914545],[79.43370106275393,13.275015359171562],[79.44538951991046,13.301279390431546],[79.41879795376263,13.28978061738161],[79.41375930594728,13.3001779232726],[79.38979704719605,13.297459404028302],[79.38284252506253,13.312110074220584],[79.40198162165456,13.317379629266554],[79.39831774856532,13.330231747996834],[79.43163047266825,13.336739254912743],[79.43538822598589,13.351734705392403],[79.45621567021709,13.338592825998148],[79.49988399774833,13.348225224314717],[79.49745643076972,13.332501314883814],[79.52590227666877,13.34440854381927],[79.53931043183104,13.33463110644044]]]}},{"id":"443","type":"Feature","properties":{"ST_NAME":"TAMIL NADU","AC_NO":4,"AC_NAME":"Thiruvallur","DIST_NAME":"THIRUVALLUR","PC_NAME":"TIRUVALLUR (SC)"},"geometry":{"type":"Polygon","coordinates":[[[79.7619298602749,13.31837369129289],[79.79154910200953,13.294019606020072],[79.79846251972958,13.29879830210001],[79.80239193923666,13.247185326741487],[79.83958576766912,13.239937045558236],[79.82535571939098,13.225376487434971],[79.83173226343325,13.219283334158604],[79.83784219895836,13.23076668563408],[79.84160244879405,13.216203541959942],[79.8558678665089,13.215880157443337],[79.83922932767138,13.207380087421143],[79.84111959289493,13.202130045864976],[79.8696507188057,13.213631601417319],[79.85862246205704,13.218153889990106],[79.86713021139019,13.229500577789508],[79.90858000136603,13.214912505807547],[79.92325523923796,13.222519943840382],[79.91557411974986,13.237470371560448],[79.9507064034778,13.221507111164271],[79.95581806095481,13.211355780644794],[79.94841201710096,13.192443030821266],[79.91108639302269,13.185204526167979],[79.89512232593466,13.194204967285486],[79.89400637609344,13.166346497392965],[79.88447511913148,13.164062524266114],[79.91485793384663,13.152540208763696],[79.91275818594158,13.136099892196341],[79.93270188438453,13.121766233924632],[79.92920372037543,13.11165000304527],[79.93941476048286,13.109216165993303],[79.93452854505637,13.079668456334218],[79.94702912599342,13.088782473732238],[79.95405423141773,13.081469679682016],[79.97853698719229,13.1017221657454],[79.99317601206337,13.098369659532239],[79.97934694810323,13.078735534717225],[80.00625176880413,13.073545427579461],[80.00561003147783,13.059117871092951],[79.97137229169795,13.050059900344195],[79.96878432163919,13.037501958848395],[79.94891886331493,13.032707043495293],[79.91815344372651,13.035008534516294],[79.91774900691121,13.047668915088423],[79.90063763691745,13.049493903021244],[79.90036566304497,13.017017878472359],[79.91999955763356,13.019530356740631],[79.94179475872119,13.008604503095398],[79.94239889988938,13.001370656930305],[79.9299035808856,12.989913307553138],[79.9083717732388,13.004235359174515],[79.88929273427232,12.993667608373471],[79.91365492153744,12.978204943003789],[79.88961787426553,12.944572875038205],[79.85199544783171,12.947636593653897],[79.84821799756259,12.95642064079999],[79.83133012438577,12.95745228549464],[79.83238690693025,12.963725108027347],[79.8211130282437,12.961803461860313],[79.82027871728906,12.987772467825152],[79.81214792778468,12.98923353340092],[79.81838820655054,12.992731158716026],[79.81402434614671,13.01312121407284],[79.80101012911422,13.014983957343816],[79.79662689011894,13.027697847577656],[79.78945873942934,13.024902367949949],[79.78854438701393,13.056345955501513],[79.77880081540536,13.05376364307773],[79.77573715884284,13.062864447636173],[79.7619151824398,13.051744343126984],[79.7481114730661,13.05005220214747],[79.73754834567967,13.061198001186881],[79.71876500020466,13.053784949815622],[79.72585883811496,13.067766025281912],[79.73891389426086,13.066461729525258],[79.74184768602197,13.076338136395918],[79.73559524572408,13.095658796216526],[79.70128387664965,13.099603596828558],[79.70199385453282,13.110602450242936],[79.71910080795595,13.105068198638492],[79.72437648378775,13.116734045040175],[79.73727869925261,13.120880951194977],[79.73681100052733,13.16746976591702],[79.69544813002722,13.158910258801427],[79.69248364170676,13.17585624347089],[79.70088668027614,13.191550274725444],[79.67054576497515,13.183360582325065],[79.67150898475188,13.203148537075378],[79.6622873508806,13.209941409668374],[79.63984066471494,13.220482034218549],[79.61600068768166,13.220639097216633],[79.62087981824908,13.247824438047417],[79.6362240752809,13.248359687549566],[79.64692993316993,13.23708200293214],[79.66493402418592,13.244923908611554],[79.6896650009391,13.23771977964418],[79.69644093480133,13.238234098325051],[79.70000928460087,13.25226865107743],[79.71367357657437,13.23599207317568],[79.70139190231447,13.225152177630946],[79.71287977648058,13.217461431799677],[79.73194080202643,13.22261634756643],[79.73212119253907,13.23676126781828],[79.74943319498601,13.219743325693969],[79.75161144111519,13.206758657685953],[79.75980610047122,13.207465459163643],[79.76421730478484,13.219135825557942],[79.77544076208159,13.2153317121888],[79.78474591149467,13.22793037498684],[79.79445860937739,13.226347703084059],[79.79469786231653,13.242131610785236],[79.73061577329935,13.282891590174813],[79.75631781191754,13.295198551571957],[79.7619298602749,13.31837369129289]]]}},{"id":"444","type":"Feature","properties":{"ST_NAME":"TAMIL NADU","AC_NO":1,"AC_NAME":"Gummidipoondi","DIST_NAME":"THIRUVALLUR","PC_NAME":"TIRUVALLUR (SC)"},"geometry":{"type":"Polygon","coordinates":[[[80.08379174369406,13.544775743805587],[80.08860935523762,13.535414161934057],[80.0771095758463,13.526819700868543],[80.07856556474906,13.488949693773407],[80.09859718541185,13.487957453773504],[80.11314585629628,13.505406089319592],[80.13994424493103,13.504085059877639],[80.14561086954603,13.490727344091681],[80.18219319855734,13.489881428285344],[80.17361901900256,13.482575282922994],[80.18221242876064,13.473923474788592],[80.16267361769337,13.454830661805659],[80.16885257798413,13.441642705646416],[80.18945757670588,13.43872976017036],[80.18704967969904,13.423166482247382],[80.19660388196365,13.417193312021766],[80.1974501242239,13.393548182102961],[80.14995970677512,13.395762567488532],[80.15437247411046,13.381934968524035],[80.14459791995807,13.376964382300457],[80.14812717353027,13.362992643595646],[80.16303396704399,13.360665824068576],[80.15945192146904,13.348434715090093],[80.16787444205193,13.34372857541348],[80.16940419244958,13.327512518288131],[80.15177907664315,13.32616298303526],[80.0995453487389,13.35900554606917],[80.07891948214842,13.34550474454835],[80.07242655594087,13.317896375217572],[80.10823000640971,13.303480215839329],[80.11029728788958,13.314891142212502],[80.12340702731251,13.30646979434556],[80.1249395323336,13.263845058103016],[80.13226234663006,13.253282361491813],[80.12076551071982,13.249661460707898],[80.11712552722139,13.233011344897704],[80.11031349457215,13.24139525938375],[80.08549954906499,13.22426540472469],[80.08246108880826,13.239241041341018],[80.04835115168436,13.251170540188355],[80.04552917173396,13.236813247733267],[80.00288635642028,13.235973271049659],[80.00542672716176,13.252865121927869],[80.01347922618538,13.246197659794234],[80.02394649933154,13.260780303468266],[80.03203097554916,13.256299654405552],[80.02846041251809,13.250987438219738],[80.0403978748621,13.26072457697768],[80.02906750795916,13.261843026934173],[80.01822349621744,13.275310451016537],[79.99034170420634,13.276056291164934],[79.97131637095379,13.26286463699347],[79.9700503116726,13.234452934755211],[79.9507064034778,13.221507111164271],[79.91557411974986,13.237470371560448],[79.92325523923796,13.222519943840382],[79.90858000136603,13.214912505807547],[79.86713021139019,13.229500577789508],[79.85862246205704,13.218153889990106],[79.8696507188057,13.213631601417319],[79.84111959289493,13.202130045864976],[79.83922932767138,13.207380087421143],[79.8558678665089,13.215880157443337],[79.84160244879405,13.216203541959942],[79.83784219895836,13.23076668563408],[79.83173226343325,13.219283334158604],[79.82535571939098,13.225376487434971],[79.83958576766912,13.239937045558236],[79.80239193923666,13.247185326741487],[79.79846251972958,13.29879830210001],[79.80916801159452,13.317326800391584],[79.8623270168784,13.317165001563637],[79.86824409189137,13.332142185013879],[79.88290138559051,13.323343496005577],[79.88230959661064,13.334158556772024],[79.91449511855495,13.348165990468146],[79.9152248023828,13.360457353124389],[79.93129358293254,13.351528377532645],[79.94574684833844,13.364222713807237],[79.94604261377566,13.380895316265878],[79.95792674542304,13.378816071104836],[79.96318486109254,13.39343694855637],[79.9441061584725,13.396653974601293],[79.94577984896091,13.407326070142062],[79.93446952434914,13.416372012458453],[79.94165980825363,13.416681376544318],[79.93975973682245,13.424280039891983],[79.97322885752584,13.429356300952577],[79.97244066290631,13.468953591834861],[80.00498041881133,13.495139124870775],[80.01156901939481,13.496814114879555],[80.01242240047344,13.485834812726466],[80.0155857594753,13.499862566604236],[80.04629087592326,13.495104016237406],[80.04839042507814,13.512268764591852],[80.03548830314276,13.518327766113543],[80.02715478756346,13.51372289009936],[80.0176227706744,13.529578312788942],[80.00048947970578,13.52569719047301],[79.99407179257923,13.545479545144929],[80.05690692031817,13.536655176894953],[80.06272124329081,13.545370110242459],[80.08379174369406,13.544775743805587]]]}},{"id":"445","type":"Feature","properties":{"ST_NAME":"TAMIL NADU","AC_NO":5,"AC_NAME":"Poonamallee (SC)","DIST_NAME":"THIRUVALLUR","PC_NAME":"TIRUVALLUR (SC)"},"geometry":{"type":"Polygon","coordinates":[[[80.00647602734682,13.27806194929957],[80.0403978748621,13.26072457697768],[80.02846041251809,13.250987438219738],[80.03203097554916,13.256299654405552],[80.02394649933154,13.260780303468266],[80.01347922618538,13.246197659794234],[80.00542672716176,13.252865121927869],[80.00288635642028,13.235973271049659],[80.04552917173396,13.236813247733267],[80.04835115168436,13.251170540188355],[80.08246108880826,13.239241041341018],[80.08549954906499,13.22426540472469],[80.11031349457215,13.24139525938375],[80.11712552722139,13.233011344897704],[80.10794537997538,13.20494397868174],[80.08538969148111,13.212845975261587],[80.0624028095421,13.209765002253107],[80.03184785199682,13.19266767697178],[80.02822548531793,13.18082055062797],[80.04134792766479,13.134471336882768],[80.01213332239496,13.132827766488276],[80.0146535501213,13.121565585283577],[80.00807456059255,13.120143941489744],[80.01012218918771,13.112102961882215],[80.03654109449599,13.112126791218486],[80.0377958007357,13.095291388986482],[80.05701493429183,13.113867067511194],[80.09669362371181,13.104070136427708],[80.10754440554996,13.089919297737424],[80.09860727850315,13.07834959965436],[80.12327329362768,13.07249773088563],[80.12223487074277,13.061462232795861],[80.12931404340844,13.059252913291346],[80.12936539559661,13.03388611675092],[80.11871622467407,13.023459972299918],[80.10468172498167,13.027912290020197],[80.09432394069734,13.045409779437819],[80.08149130667852,13.045253632848926],[80.07911424562599,13.01914107709905],[80.07071241574545,13.039761120579328],[80.04924756532296,13.026953692758752],[80.04131224886123,13.032239992281859],[80.04502190643586,13.040654466630372],[80.0231633939755,13.037033630597648],[80.02120839555107,13.044863577991805],[79.99570926646953,13.049900073729475],[79.98436780013395,13.03069688785115],[79.97416599426526,13.038937643757322],[79.97882881000163,13.049184592894676],[80.00561003147783,13.059117871092951],[80.00701178856326,13.068179052421385],[79.97934694810323,13.078735534717225],[79.99317601206337,13.098369659532239],[79.97853698719229,13.1017221657454],[79.95405423141773,13.081469679682016],[79.94702912599342,13.088782473732238],[79.93452854505637,13.079668456334218],[79.93941476048286,13.109216165993303],[79.92920372037543,13.11165000304527],[79.93270188438453,13.121766233924632],[79.91275818594158,13.136099892196341],[79.91485793384663,13.152540208763696],[79.88447511913148,13.164062524266114],[79.89400637609344,13.166346497392965],[79.89512232593466,13.194204967285486],[79.91108639302269,13.185204526167979],[79.94841201710096,13.192443030821266],[79.95581806095481,13.211355780644794],[79.9507064034778,13.221507111164271],[79.9700503116726,13.234452934755211],[79.97131637095379,13.26286463699347],[80.00647602734682,13.27806194929957]]]}},{"id":"446","type":"Feature","properties":{"ST_NAME":"TAMIL NADU","AC_NO":9,"AC_NAME":"Madavaram","DIST_NAME":"THIRUVALLUR","PC_NAME":"TIRUVALLUR (SC)"},"geometry":{"type":"Polygon","coordinates":[[[80.17058492045777,13.259931212155777],[80.19632744745377,13.2706632601014],[80.20053375113179,13.247707499201795],[80.2134059220457,13.247246168575884],[80.21281565202077,13.229601277576933],[80.23850611456561,13.229176511586786],[80.23076997995065,13.216700689884988],[80.23937023894541,13.199501200719908],[80.25399904841743,13.206203834439464],[80.30290460846095,13.198220076895097],[80.2928800760547,13.180443931642174],[80.27371643876268,13.182928635248345],[80.26870866197521,13.191733287661123],[80.24894041227026,13.189139025046018],[80.25500416131302,13.150010880797538],[80.24103924576463,13.14263584107124],[80.2418912445853,13.12862909445721],[80.20153820842165,13.12714776175983],[80.1875653077928,13.139082276126203],[80.14537050504481,13.140578752507452],[80.13533699110928,13.156421407521975],[80.12064787040293,13.151723777230586],[80.0733578299999,13.168944930164457],[80.06276409508695,13.159966355163192],[80.06508113718479,13.152469731592873],[80.05406812034755,13.150330050191712],[80.05615183154185,13.137349515467804],[80.03952524919094,13.139796184046702],[80.02822548531793,13.18082055062797],[80.03184785199682,13.19266767697178],[80.0624028095421,13.209765002253107],[80.08538969148111,13.212845975261587],[80.10794537997538,13.20494397868174],[80.12076551071982,13.249661460707898],[80.13232681992685,13.259457296417168],[80.17058492045777,13.259931212155777]]]}},{"id":"447","type":"Feature","properties":{"ST_NAME":"TAMIL NADU","AC_NO":10,"AC_NAME":"Tiruvottiyur","DIST_NAME":"THIRUVALLUR","PC_NAME":"CHENNAI NORTH"},"geometry":{"type":"Polygon","coordinates":[[[80.3318387070907,13.2355473584239],[80.30100976658753,13.1430042870183],[80.26520554450036,13.14091394782048],[80.2681942380737,13.148333620000585],[80.25500416131302,13.150010880797538],[80.24894041227026,13.189139025046018],[80.26870866197521,13.191733287661123],[80.27371643876268,13.182928635248345],[80.2928800760547,13.180443931642174],[80.31422947780823,13.226269647326433],[80.3318387070907,13.2355473584239]]]}},{"id":"448","type":"Feature","properties":{"ST_NAME":"TAMIL NADU","AC_NO":38,"AC_NAME":"Arakkonam (SC)","DIST_NAME":"VELLORE","PC_NAME":"ARAKKONAM"},"geometry":{"type":"Polygon","coordinates":[[[79.6554570305176,13.208020002721014],[79.67150898475188,13.203148537075378],[79.67054576497515,13.183360582325065],[79.70088668027614,13.191550274725444],[79.69248364170676,13.17585624347089],[79.69544813002722,13.158910258801427],[79.73681100052733,13.16746976591702],[79.73727869925261,13.120880951194977],[79.72437648378775,13.116734045040175],[79.71910080795595,13.105068198638492],[79.70199385453282,13.110602450242936],[79.70128387664965,13.099603596828558],[79.73559524572408,13.095658796216526],[79.74184768602197,13.076338136395918],[79.73891389426086,13.066461729525258],[79.72585883811496,13.067766025281912],[79.71876500020466,13.053784949815622],[79.73754834567967,13.061198001186881],[79.7481114730661,13.05005220214747],[79.7619151824398,13.051744343126984],[79.77573715884284,13.062864447636173],[79.79167284242777,13.045802570032606],[79.78945873942934,13.024902367949949],[79.65893244347757,12.949339961769851],[79.64871811994533,12.949434484114192],[79.64957737089901,12.957467691780607],[79.63630441711524,12.959370891953142],[79.61117432843258,12.987359422699228],[79.60432989500873,12.983797411321518],[79.6076655731078,12.96620849952268],[79.59252314732544,12.969205081049722],[79.58763313496127,12.985327865888337],[79.60827358855533,13.000694747164914],[79.60972825005877,13.010764691737165],[79.59999079204147,13.015839219804207],[79.59407705351327,13.0339479892084],[79.57812276475386,13.029461477465247],[79.57405754402049,13.015898167666364],[79.547852165645,13.044487799872115],[79.55629546326509,13.054634736304081],[79.58422324480694,13.047925619371881],[79.56981579896001,13.072343846091655],[79.58073402095835,13.096158626819204],[79.55305305925134,13.100766207994127],[79.55879772343627,13.117325859201117],[79.5505084904745,13.13493631875616],[79.56908847765118,13.137299472692575],[79.57008500022266,13.121778631078996],[79.59431946846877,13.121486635599808],[79.5994906403808,13.130755197894132],[79.5889540645785,13.147405681527005],[79.63354261979612,13.14663733044847],[79.63122907246378,13.17290798881271],[79.64497324312072,13.179619404412051],[79.6554570305176,13.208020002721014]]]}},{"id":"449","type":"Feature","properties":{"ST_NAME":"TAMIL NADU","AC_NO":40,"AC_NAME":"Katpadi","DIST_NAME":"VELLORE","PC_NAME":"ARAKKONAM"},"geometry":{"type":"Polygon","coordinates":[[[79.25494371448087,13.160723359495478],[79.26309185640412,13.148785810816548],[79.28119102374683,13.153672312227457],[79.2974245349144,13.087612138289614],[79.32236293400229,13.07812575659841],[79.32335541951704,13.071616385387927],[79.31086483094725,13.074754004893464],[79.30747503434543,13.043513337670447],[79.32063038108726,13.041267368094623],[79.32158761947312,13.033410811559747],[79.30188746193687,13.028703554025867],[79.29024277028765,13.003902501199548],[79.28900219869257,12.97487426243731],[79.27028087046585,12.963570120664599],[79.26531254873521,12.946934982163725],[79.27070525334483,12.939866101339533],[79.24041770381405,12.955042913599641],[79.16948746987089,12.953897436317675],[79.1485515763942,12.939836992083542],[79.10998207031633,12.935811589733134],[79.10912005574602,12.92527712374033],[79.08127197032525,12.937385819699841],[79.06384634213504,12.92938134447354],[79.07068058803878,12.944093852049662],[79.06137211832868,12.95153272295687],[79.07162067815182,12.951956068018148],[79.08981078224184,12.973248052555618],[79.09306455728353,13.000025812541253],[79.07524473465685,13.00331047120136],[79.08493862501757,13.02735867726119],[79.0982788507884,13.026104912611686],[79.11444944088902,13.039310776071488],[79.15998188405678,13.020297433479811],[79.18479953027418,13.029886502460158],[79.19296414957591,13.04672729253059],[79.17947568315628,13.054289232062445],[79.19206867482956,13.05618005036905],[79.17837513330579,13.059824879414691],[79.19208759476675,13.0674638081083],[79.18062485215523,13.08427664814883],[79.19065410510291,13.088762641882454],[79.19825975348488,13.081374043077687],[79.2343963002491,13.105253606468807],[79.23838152988378,13.118576801778033],[79.23035014244516,13.12640186045752],[79.23284441393861,13.139400601956254],[79.20999879750656,13.148489520175247],[79.24266196018135,13.171032146016785],[79.24524545341501,13.138301347129527],[79.25461672997818,13.147001110712722],[79.25494371448087,13.160723359495478]]]}},{"id":"450","type":"Feature","properties":{"ST_NAME":"TAMIL NADU","AC_NO":6,"AC_NAME":"Avadi","DIST_NAME":"THIRUVALLUR","PC_NAME":"TIRUVALLUR (SC)"},"geometry":{"type":"Polygon","coordinates":[[[80.0733578299999,13.168944930164457],[80.12064787040293,13.151723777230586],[80.13533699110928,13.156421407521975],[80.14537050504481,13.140578752507452],[80.14033764076959,13.106730963263374],[80.12374450870215,13.10974235392655],[80.12327329362768,13.07249773088563],[80.09860727850315,13.07834959965436],[80.10754440554996,13.089919297737424],[80.08122169082844,13.112974025430958],[80.05701493429183,13.113867067511194],[80.0377958007357,13.095291388986482],[80.03654109449599,13.112126791218486],[80.01012218918771,13.112102961882215],[80.01213332239496,13.132827766488276],[80.05615183154185,13.137349515467804],[80.05406812034755,13.150330050191712],[80.06508113718479,13.152469731592873],[80.06276409508695,13.159966355163192],[80.0733578299999,13.168944930164457]]]}},{"id":"451","type":"Feature","properties":{"ST_NAME":"TAMIL NADU","AC_NO":39,"AC_NAME":"Sholingur","DIST_NAME":"VELLORE","PC_NAME":"ARAKKONAM"},"geometry":{"type":"Polygon","coordinates":[[[79.5505084904745,13.13493631875616],[79.55879772343627,13.117325859201117],[79.55305305925134,13.100766207994127],[79.58073402095835,13.096158626819204],[79.56981579896001,13.072343846091655],[79.58422324480694,13.047925619371881],[79.55629546326509,13.054634736304081],[79.547852165645,13.044487799872115],[79.55096509156579,13.037214623655984],[79.57405754402049,13.015898167666364],[79.57812276475386,13.029461477465247],[79.59407705351327,13.0339479892084],[79.59999079204147,13.015839219804207],[79.60972825005877,13.010764691737165],[79.60827358855533,13.000694747164914],[79.58763313496127,12.985327865888337],[79.59252314732544,12.969205081049722],[79.6076655731078,12.96620849952268],[79.60523532614945,12.988631314983252],[79.62108873975359,12.983531586113884],[79.63630441711524,12.959370891953142],[79.65893244347757,12.949339961769851],[79.66198243484155,12.9303777447372],[79.56825583314026,12.899109644594489],[79.5579511592187,12.88401745674031],[79.56596067154783,12.858670718678752],[79.5598926795036,12.852772093257556],[79.5364628463833,12.862896027729562],[79.50895891712037,12.857169828424901],[79.49978857158538,12.872656274567476],[79.45475380064744,12.877382290160597],[79.45625824322343,12.903308967734745],[79.44443103326563,12.910061140609173],[79.43869056801537,12.927976325547036],[79.44385404352937,12.96378046129928],[79.4222287072891,12.969616009171546],[79.42101608932114,12.985423640088982],[79.40579296017705,12.999134379348163],[79.3940002131394,12.993026330600742],[79.39230848225071,12.967369866026559],[79.38009939047453,12.966107349174877],[79.36068795848257,12.984697539160152],[79.35742786030755,12.972764244274515],[79.33585196339743,13.00341782956923],[79.32711901573003,13.033398385627038],[79.30747503434543,13.043513337670447],[79.31086483094725,13.074754004893464],[79.32335541951704,13.071616385387927],[79.32236293400229,13.07812575659841],[79.33492583615845,13.060407813669713],[79.37932885224478,13.079958833933063],[79.41707531497389,13.084598951680334],[79.42028408434305,13.10372025968229],[79.40169810138633,13.104059079263152],[79.41342975298079,13.11901295588325],[79.41872018758664,13.150182332049042],[79.43915638356032,13.124754592950126],[79.4534071054536,13.126370290656439],[79.42926013764531,13.116291544419312],[79.44364945315976,13.11380098442794],[79.4509869344995,13.093290919040726],[79.47522291810327,13.107715367470291],[79.47373734600177,13.125326070741608],[79.48207591127436,13.12807831276399],[79.48186051824837,13.139509519748572],[79.49858097992836,13.13605407803334],[79.52311948197854,13.143581304633528],[79.5505084904745,13.13493631875616]]]}},{"id":"452","type":"Feature","properties":{"ST_NAME":"TAMIL NADU","AC_NO":12,"AC_NAME":"Perambur","DIST_NAME":"CHENNAI","PC_NAME":"CHENNAI NORTH"},"geometry":{"type":"Polygon","coordinates":[[[80.27341243193825,13.139305101149546],[80.26972849137684,13.109352257700607],[80.24304550464637,13.112735632243698],[80.24103924576463,13.14263584107124],[80.25500416131302,13.150010880797538],[80.2681942380737,13.148333620000585],[80.26520554450036,13.14091394782048],[80.27341243193825,13.139305101149546]]]}},{"id":"453","type":"Feature","properties":{"ST_NAME":"TAMIL NADU","AC_NO":11,"AC_NAME":"Dr.Radhakrishnan Naga","DIST_NAME":"CHENNAI","PC_NAME":"CHENNAI NORTH"},"geometry":{"type":"Polygon","coordinates":[[[80.30100976658753,13.1430042870183],[80.29791374252528,13.134972662158702],[80.30625997182028,13.130325382210685],[80.300820870287,13.121168090335175],[80.28593849156817,13.121762419000504],[80.26972849137684,13.109352257700607],[80.27341243193825,13.139305101149546],[80.30100976658753,13.1430042870183]]]}},{"id":"454","type":"Feature","properties":{"ST_NAME":"TAMIL NADU","AC_NO":8,"AC_NAME":"Ambattur","DIST_NAME":"THIRUVALLUR","PC_NAME":"SRIPERUMBUDUR"},"geometry":{"type":"Polygon","coordinates":[[[80.14537050504481,13.140578752507452],[80.1875653077928,13.139082276126203],[80.20153820842165,13.12714776175983],[80.18572185138237,13.07342246597409],[80.14735236891676,13.087343786886322],[80.14033764076959,13.106730963263374],[80.14537050504481,13.140578752507452]]]}},{"id":"455","type":"Feature","properties":{"ST_NAME":"TAMIL NADU","AC_NO":13,"AC_NAME":"Kolathur","DIST_NAME":"CHENNAI","PC_NAME":"CHENNAI NORTH"},"geometry":{"type":"Polygon","coordinates":[[[80.2418912445853,13.12862909445721],[80.24141273870697,13.096251770502874],[80.23594361060918,13.107522499763604],[80.20356958267018,13.111235038766097],[80.20638910567277,13.118477723468231],[80.2006906450573,13.118418913202333],[80.20153820842165,13.12714776175983],[80.2418912445853,13.12862909445721]]]}},{"id":"456","type":"Feature","properties":{"ST_NAME":"TAMIL NADU","AC_NO":45,"AC_NAME":"Kilvaithinankuppam(SC","DIST_NAME":"VELLORE","PC_NAME":"VELLORE"},"geometry":{"type":"Polygon","coordinates":[[[79.0063454378917,13.082469193398595],[79.06336644230754,13.053145371761559],[79.06312625407344,13.040325437069328],[79.08493862501757,13.02735867726119],[79.07524473465685,13.00331047120136],[79.09306455728353,13.000025812541253],[79.08981078224184,12.973248052555618],[79.07162067815182,12.951956068018148],[79.06137211832868,12.95153272295687],[79.07068058803878,12.944093852049662],[79.06384634213504,12.92938134447354],[79.04120578282067,12.919455478487578],[78.97151055007191,12.929320435189993],[78.91619799674021,12.907724592216198],[78.90306841557498,12.909162254734326],[78.86469088327772,12.885863540070375],[78.84870965532639,12.907347606307042],[78.82599131095031,12.907534055552276],[78.8163000618984,12.915280703241933],[78.82404267612867,12.943829877646806],[78.8506340489223,12.953576611271615],[78.85231427928062,12.966048426493728],[78.86252836089517,12.97031105471143],[78.83219983555404,12.96561735265874],[78.83381707200033,12.974879118776357],[78.82566927361813,12.98153575756919],[78.83620693760014,12.994520306866718],[78.83108084060837,13.006657076063277],[78.85147133393497,13.003647993959817],[78.85836681557612,13.017792723555374],[78.81406352800946,13.033281632041735],[78.80706122939227,13.057788953697298],[78.79434813236048,13.066685902632344],[78.81366516431592,13.089050785565348],[78.84200740651664,13.078654625410707],[78.87094121376606,13.081925245653622],[78.87506479150699,13.096855817242215],[78.89564425128123,13.095234123755858],[78.88892117507226,13.073401459609727],[78.89161062912729,13.033103726355932],[78.92909755290981,13.036535895415284],[78.93703067772367,13.03046551207376],[78.94075349417847,13.036468760125217],[78.92913526058385,13.045799821704463],[78.9036433224814,13.047748077012216],[78.91256659367343,13.0659702913959],[78.92171108369962,13.06613485833708],[78.92391409895657,13.080849882216341],[78.94916796672834,13.084029268935637],[78.97025095062094,13.074747036946235],[78.9722740340195,13.083842105628719],[78.98248937108764,13.086440805498796],[79.0063454378917,13.082469193398595]]]}},{"id":"457","type":"Feature","properties":{"ST_NAME":"TAMIL NADU","AC_NO":17,"AC_NAME":"Royapuram","DIST_NAME":"CHENNAI","PC_NAME":"CHENNAI NORTH"},"geometry":{"type":"Polygon","coordinates":[[[80.300820870287,13.121168090335175],[80.30375876565455,13.105658023499018],[80.30144757184803,13.112108748120306],[80.29824127021851,13.101925211978994],[80.27268583008703,13.099660147098177],[80.26972849137684,13.109352257700607],[80.28593849156817,13.121762419000504],[80.300820870287,13.121168090335175]]]}},{"id":"458","type":"Feature","properties":{"ST_NAME":"TAMIL NADU","AC_NO":14,"AC_NAME":"Villivakkam","DIST_NAME":"CHENNAI","PC_NAME":"CHENNAI CENTRAL"},"geometry":{"type":"Polygon","coordinates":[[[80.20638910567277,13.118477723468231],[80.20356958267018,13.111235038766097],[80.23594361060918,13.107522499763604],[80.24410468838073,13.084674444370137],[80.20864958311182,13.100969407112473],[80.20742136280569,13.086215179087276],[80.19927429377367,13.077833187351757],[80.19018725603712,13.081857282987244],[80.191965578149,13.10562592849385],[80.20638910567277,13.118477723468231]]]}},{"id":"459","type":"Feature","properties":{"ST_NAME":"TAMIL NADU","AC_NO":15,"AC_NAME":"Thiru-Vi-Ka-Nagar(SC)","DIST_NAME":"CHENNAI","PC_NAME":"CHENNAI NORTH"},"geometry":{"type":"Polygon","coordinates":[[[80.24304550464637,13.112735632243698],[80.26972849137684,13.109352257700607],[80.27303180377476,13.09628781712911],[80.25919610191863,13.098631079860525],[80.26210296977627,13.092899561965282],[80.24410468838073,13.084674444370137],[80.24304550464637,13.112735632243698]]]}},{"id":"460","type":"Feature","properties":{"ST_NAME":"TAMIL NADU","AC_NO":7,"AC_NAME":"Maduravoyal","DIST_NAME":"THIRUVALLUR","PC_NAME":"SRIPERUMBUDUR"},"geometry":{"type":"Polygon","coordinates":[[[80.14033764076959,13.106730963263374],[80.14735236891676,13.087343786886322],[80.18572185138237,13.07342246597409],[80.18162132056756,13.04889198857444],[80.1883512271275,13.026699877097712],[80.14577910931848,13.031597120011156],[80.13878390815091,13.053153626638618],[80.1294424405163,13.052244282547633],[80.12223487074277,13.061462232795861],[80.12374450870215,13.10974235392655],[80.14033764076959,13.106730963263374]]]}},{"id":"461","type":"Feature","properties":{"ST_NAME":"TAMIL NADU","AC_NO":18,"AC_NAME":"Harbour","DIST_NAME":"CHENNAI","PC_NAME":"CHENNAI CENTRAL"},"geometry":{"type":"Polygon","coordinates":[[[80.27268583008703,13.099660147098177],[80.301691035413,13.098698238532904],[80.29483778053918,13.093063204403393],[80.30063338502276,13.091149295103946],[80.31097823885472,13.108823009374419],[80.28626759847094,13.06033081641408],[80.27266639663696,13.066300812032921],[80.26821271104785,13.079326365019767],[80.27448582226293,13.07976078523211],[80.27268583008703,13.099660147098177]]]}},{"id":"462","type":"Feature","properties":{"ST_NAME":"TAMIL NADU","AC_NO":21,"AC_NAME":"Anna Nagar","DIST_NAME":"CHENNAI","PC_NAME":"CHENNAI CENTRAL"},"geometry":{"type":"Polygon","coordinates":[[[80.20864958311182,13.100969407112473],[80.25402614678927,13.084426286344069],[80.25411869692039,13.077104140243932],[80.22974257735814,13.073075107330396],[80.22243136881269,13.058478168932425],[80.20768491182929,13.058962855851178],[80.20782771427764,13.072078697174163],[80.19927429377367,13.077833187351757],[80.20864958311182,13.100969407112473]]]}},{"id":"463","type":"Feature","properties":{"ST_NAME":"TAMIL NADU","AC_NO":16,"AC_NAME":"Egmore (SC)","DIST_NAME":"CHENNAI","PC_NAME":"CHENNAI CENTRAL"},"geometry":{"type":"Polygon","coordinates":[[[80.27303180377476,13.09628781712911],[80.27448582226293,13.07976078523211],[80.26497333595074,13.078928352961157],[80.26748803734313,13.070341474979159],[80.25829975572918,13.059971699134678],[80.25132698994867,13.068903591227809],[80.22849586878937,13.066181655459104],[80.22974257735814,13.073075107330396],[80.25411869692039,13.077104140243932],[80.25402614678927,13.084426286344069],[80.24410468838073,13.084674444370137],[80.26210296977627,13.092899561965282],[80.25919610191863,13.098631079860525],[80.27303180377476,13.09628781712911]]]}},{"id":"464","type":"Feature","properties":{"ST_NAME":"TAMIL NADU","AC_NO":46,"AC_NAME":"Gudiyattam (SC)","DIST_NAME":"VELLORE","PC_NAME":"VELLORE"},"geometry":{"type":"Polygon","coordinates":[[[78.79434813236048,13.066685902632344],[78.80706122939227,13.057788953697298],[78.81406352800946,13.033281632041735],[78.85836681557612,13.017792723555374],[78.85147133393497,13.003647993959817],[78.83108084060837,13.006657076063277],[78.83620693760014,12.994520306866718],[78.82566927361813,12.98153575756919],[78.83551623938303,12.963792096727957],[78.85382124355561,12.973672856317307],[78.86234060133773,12.965058899748499],[78.85231427928062,12.966048426493728],[78.8506340489223,12.953576611271615],[78.82404267612867,12.943829877646806],[78.8163000618984,12.915280703241933],[78.82599131095031,12.907534055552276],[78.84870965532639,12.907347606307042],[78.86469088327772,12.885863540070375],[78.74563541754054,12.82544802210856],[78.73857037412353,12.804678606632422],[78.71802255879413,12.798819849056827],[78.69925096206231,12.766052103321954],[78.69165162062586,12.775261515406669],[78.69839018945572,12.796116734299915],[78.67576580984428,12.799068977451384],[78.675398396319,12.822834198339649],[78.6641312508566,12.839190858171605],[78.65115341230018,12.829695631648121],[78.64463906783874,12.80747196026283],[78.62013730219479,12.813512754110377],[78.6032875422863,12.842824113841857],[78.63355546950936,12.930889964400365],[78.65699104749888,12.932165466563106],[78.63803386127375,12.96481431293023],[78.6471325955929,12.966306306191143],[78.62087322192173,12.99128983235994],[78.65540771729235,13.015992130632355],[78.65618524685169,13.031239132280177],[78.70462940522293,13.016361311325511],[78.71326465683848,13.069145168015154],[78.75175519524612,13.054983897189175],[78.79434813236048,13.066685902632344]]]}},{"id":"465","type":"Feature","properties":{"ST_NAME":"TAMIL NADU","AC_NO":22,"AC_NAME":"Virugampakkam","DIST_NAME":"CHENNAI","PC_NAME":"CHENNAI SOUTH"},"geometry":{"type":"Polygon","coordinates":[[[80.19018725603712,13.081857282987244],[80.20782771427764,13.072078697174163],[80.20385594029949,13.04462976235368],[80.20991432038966,13.02710389392962],[80.1883512271275,13.026699877097712],[80.18162132056756,13.04889198857444],[80.18572185138237,13.07342246597409],[80.19018725603712,13.081857282987244]]]}},{"id":"466","type":"Feature","properties":{"ST_NAME":"TAMIL NADU","AC_NO":19,"AC_NAME":"Chepauk-Thiruvalliken","DIST_NAME":"CHENNAI","PC_NAME":"CHENNAI CENTRAL"},"geometry":{"type":"Polygon","coordinates":[[[80.26821271104785,13.079326365019767],[80.27266639663696,13.066300812032921],[80.28626759847094,13.06033081641408],[80.2830415935947,13.045788569387014],[80.26585870501526,13.047138741359902],[80.26740275103617,13.03929836722591],[80.25733216164997,13.038447443994414],[80.26821271104785,13.079326365019767]]]}},{"id":"467","type":"Feature","properties":{"ST_NAME":"TAMIL NADU","AC_NO":20,"AC_NAME":"Thousand Lights","DIST_NAME":"CHENNAI","PC_NAME":"CHENNAI CENTRAL"},"geometry":{"type":"Polygon","coordinates":[[[80.25132698994867,13.068903591227809],[80.26523624555637,13.057259244018951],[80.25777900779502,13.0553869733302],[80.2640942360602,13.052748589975522],[80.25733216164997,13.038447443994414],[80.23044167344455,13.025989695068404],[80.23082846466195,13.0358161787737],[80.24452608011455,13.04315944545209],[80.23102194750493,13.053619785724607],[80.21592203807165,13.051293253980532],[80.22271941357013,13.067056791138043],[80.25132698994867,13.068903591227809]]]}},{"id":"468","type":"Feature","properties":{"ST_NAME":"TAMIL NADU","AC_NO":29,"AC_NAME":"Sriperumbudur (SC)","DIST_NAME":"KANCHEEPURAM","PC_NAME":"SRIPERUMBUDUR"},"geometry":{"type":"Polygon","coordinates":[[[79.99155624672346,13.053425325318585],[79.97416599426526,13.038937643757322],[79.98436780013395,13.03069688785115],[79.99570926646953,13.049900073729475],[80.02120839555107,13.044863577991805],[80.0231633939755,13.037033630597648],[80.04502190643586,13.040654466630372],[80.04131224886123,13.032239992281859],[80.04924756532296,13.026953692758752],[80.07071241574545,13.039761120579328],[80.07911424562599,13.01914107709905],[80.08149130667852,13.045253632848926],[80.09432394069734,13.045409779437819],[80.11276062090599,13.02400217985678],[80.10340828136714,13.01293793853506],[80.12538634520371,12.986168293132266],[80.05525157599948,12.88901045856585],[80.05597958978632,12.852993353460533],[80.03019846029076,12.824311874393516],[80.00976306381438,12.80808297315076],[79.96270273904025,12.816228439590873],[79.95769227327986,12.825144482931591],[79.96474108033664,12.808700295682172],[79.95786483339538,12.791606622547647],[79.93826474881917,12.785787857823436],[79.92758234345047,12.799036743051317],[79.90878514302,12.798673481695857],[79.90175506074752,12.821984177128115],[79.91020791726163,12.835720118988377],[79.90897640183954,12.86713828180632],[79.86883516950752,12.881402537597069],[79.8580755267642,12.878481361525644],[79.8258988487529,12.899171853398343],[79.81152566078066,12.89946943726477],[79.80964147767213,12.915730961414795],[79.79654027191606,12.923113998812028],[79.77659621284499,12.917835982045005],[79.77810448383491,12.937116975468086],[79.78853386674461,12.95047927869581],[79.76331661576927,12.954226561206895],[79.76839651548687,12.98895977167615],[79.74186405188453,12.993467875242288],[79.76774323446278,13.016750618846004],[79.79662689011894,13.027697847577656],[79.80101012911422,13.014983957343816],[79.81402434614671,13.01312121407284],[79.81838820655054,12.992731158716026],[79.81214792778468,12.98923353340092],[79.82027871728906,12.987772467825152],[79.8211130282437,12.961803461860313],[79.83238690693025,12.963725108027347],[79.83133012438577,12.95745228549464],[79.84821799756259,12.95642064079999],[79.85199544783171,12.947636593653897],[79.88961787426553,12.944572875038205],[79.91365492153744,12.978204943003789],[79.88929273427232,12.993667608373471],[79.9083717732388,13.004235359174515],[79.9299035808856,12.989913307553138],[79.94239889988938,13.001370656930305],[79.94179475872119,13.008604503095398],[79.91999955763356,13.019530356740631],[79.90036566304497,13.017017878472359],[79.90063763691745,13.049493903021244],[79.91774900691121,13.047668915088423],[79.91815344372651,13.035008534516294],[79.94891886331493,13.032707043495293],[79.96878432163919,13.037501958848395],[79.97137229169795,13.050059900344195],[79.99155624672346,13.053425325318585]]]}},{"id":"469","type":"Feature","properties":{"ST_NAME":"TAMIL NADU","AC_NO":24,"AC_NAME":"Thiyagarayanagar","DIST_NAME":"CHENNAI","PC_NAME":"CHENNAI SOUTH"},"geometry":{"type":"Polygon","coordinates":[[[80.21892674677201,13.058367948921727],[80.21592203807165,13.051293253980532],[80.23102194750493,13.053619785724607],[80.24452608011455,13.04315944545209],[80.23976714753587,13.035581880199686],[80.20916191339165,13.035270244426272],[80.20768491182929,13.058962855851178],[80.21892674677201,13.058367948921727]]]}},{"id":"470","type":"Feature","properties":{"ST_NAME":"TAMIL NADU","AC_NO":28,"AC_NAME":"Alandur","DIST_NAME":"KANCHEEPURAM","PC_NAME":"SRIPERUMBUDUR"},"geometry":{"type":"Polygon","coordinates":[[[80.14577910931848,13.031597120011156],[80.20991432038966,13.02710389392962],[80.19924123379599,13.016764086193689],[80.21336734472726,13.006590771746744],[80.20357604429904,12.98348814706037],[80.20892725239082,12.97865283326172],[80.19620809033114,12.97567297372882],[80.18226716239968,12.958925964961338],[80.18086980569706,12.966806089129761],[80.1608551471474,12.972251034457713],[80.1478746421011,12.96667167555745],[80.14858611465752,12.993075212351243],[80.12538634520371,12.986168293132266],[80.10340828136714,13.01293793853506],[80.12936539559661,13.03388611675092],[80.1294424405163,13.052244282547633],[80.13878390815091,13.053153626638618],[80.14577910931848,13.031597120011156]]]}},{"id":"471","type":"Feature","properties":{"ST_NAME":"TAMIL NADU","AC_NO":41,"AC_NAME":"Ranipet","DIST_NAME":"VELLORE","PC_NAME":"ARAKKONAM"},"geometry":{"type":"Polygon","coordinates":[[[79.32711901573003,13.033398385627038],[79.33585196339743,13.00341782956923],[79.35742786030755,12.972764244274515],[79.36068795848257,12.984697539160152],[79.38009939047453,12.966107349174877],[79.39230848225071,12.967369866026559],[79.3940002131394,12.993026330600742],[79.40579296017705,12.999134379348163],[79.42101608932114,12.985423640088982],[79.4222287072891,12.969616009171546],[79.44385404352937,12.96378046129928],[79.43869056801537,12.927976325547036],[79.44443103326563,12.910061140609173],[79.45625824322343,12.903308967734745],[79.45475380064744,12.877382290160597],[79.37834686901283,12.870221066049396],[79.36223478700589,12.891598742488043],[79.32031777944201,12.920256100838458],[79.31830669659684,12.90973395285971],[79.30137710656828,12.902300372664115],[79.31453324741148,12.897784910845019],[79.30898349779022,12.884680321839426],[79.31876830241526,12.884990192243606],[79.31661718793293,12.853672794863655],[79.3069244118322,12.8705371489703],[79.2772736704436,12.869823796830815],[79.27135289292175,12.843033881608392],[79.23484875186847,12.853179669606106],[79.24262218676455,12.870031296507193],[79.22361038740951,12.889989096319766],[79.23663273970925,12.891779495427443],[79.2358530229987,12.901234568120856],[79.26860410249736,12.89297995096399],[79.2742131111462,12.916943391424411],[79.21523347864218,12.918264998231109],[79.20101642376898,12.903800742210535],[79.18931117447119,12.916627982995067],[79.19094236929499,12.927651976057916],[79.2164865741961,12.942664351778433],[79.21799443599446,12.953976279881488],[79.24041770381405,12.955042913599641],[79.27070525334483,12.939866101339533],[79.26531254873521,12.946934982163725],[79.27028087046585,12.963570120664599],[79.28900219869257,12.97487426243731],[79.29024277028765,13.003902501199548],[79.30188746193687,13.028703554025867],[79.32711901573003,13.033398385627038]]]}},{"id":"472","type":"Feature","properties":{"ST_NAME":"TAMIL NADU","AC_NO":25,"AC_NAME":"Mylapore","DIST_NAME":"CHENNAI","PC_NAME":"CHENNAI SOUTH"},"geometry":{"type":"Polygon","coordinates":[[[80.2830415935947,13.045788569387014],[80.27761015878184,13.01334812921283],[80.25554968736822,13.014282841380066],[80.23999985520919,13.031091571518857],[80.24682432997889,13.038850484162538],[80.26740275103617,13.03929836722591],[80.26585870501526,13.047138741359902],[80.2830415935947,13.045788569387014]]]}},{"id":"473","type":"Feature","properties":{"ST_NAME":"TAMIL NADU","AC_NO":23,"AC_NAME":"Saidapet","DIST_NAME":"CHENNAI","PC_NAME":"CHENNAI SOUTH"},"geometry":{"type":"Polygon","coordinates":[[[80.20916191339165,13.035270244426272],[80.22721096961061,13.035908545443078],[80.23044167344455,13.025989695068404],[80.23999985520919,13.031091571518857],[80.24958774877564,13.018867343253362],[80.25020696437997,12.993493952883682],[80.23334086828652,12.98634540561602],[80.20687522251359,12.99617058260634],[80.21336734472726,13.006590771746744],[80.19924123379599,13.016764086193689],[80.20916191339165,13.035270244426272]]]}},{"id":"474","type":"Feature","properties":{"ST_NAME":"TAMIL NADU","AC_NO":26,"AC_NAME":"Velachery","DIST_NAME":"CHENNAI","PC_NAME":"CHENNAI SOUTH"},"geometry":{"type":"Polygon","coordinates":[[[80.24958774877564,13.018867343253362],[80.27761015878184,13.01334812921283],[80.26690349330164,12.975278416865478],[80.24329657107995,12.98394005638852],[80.22107928488117,12.965749197767309],[80.20357604429904,12.98348814706037],[80.20687522251359,12.99617058260634],[80.23334086828652,12.98634540561602],[80.25020696437997,12.993493952883682],[80.24958774877564,13.018867343253362]]]}},{"id":"475","type":"Feature","properties":{"ST_NAME":"TAMIL NADU","AC_NO":37,"AC_NAME":"Kancheepuram","DIST_NAME":"KANCHEEPURAM","PC_NAME":"KANCHEEPURAM (SC)"},"geometry":{"type":"Polygon","coordinates":[[[79.76331661576927,12.954226561206895],[79.78853386674461,12.95047927869581],[79.77810448383491,12.937116975468086],[79.77659621284499,12.917835982045005],[79.79654027191606,12.923113998812028],[79.80964147767213,12.915730961414795],[79.81152566078066,12.89946943726477],[79.8258988487529,12.899171853398343],[79.8580755267642,12.878481361525644],[79.86883516950752,12.881402537597069],[79.90897640183954,12.86713828180632],[79.90609275177911,12.85156334237439],[79.8913504784419,12.840340933687173],[79.8813341757317,12.844845779908837],[79.86340837249844,12.836044621362248],[79.85020048196674,12.843694814064463],[79.82617206728713,12.842124452981182],[79.83058094415532,12.831497155369448],[79.77950347100841,12.835270814096816],[79.78042292617715,12.827195608990223],[79.76563751685796,12.827270473053943],[79.75851185283977,12.814924865989838],[79.7436691369212,12.810111484857202],[79.72431058236754,12.809309097137145],[79.70526001503771,12.820453686588394],[79.69796703215286,12.799597464951091],[79.67534490624246,12.79904264979848],[79.64007721788937,12.809989260695886],[79.63209162123138,12.821636198851536],[79.59510374923872,12.828657912932385],[79.55693741732802,12.851707992929562],[79.56596067154783,12.858670718678752],[79.5579511592187,12.88401745674031],[79.56825583314026,12.899109644594489],[79.66198243484155,12.9303777447372],[79.65893244347757,12.949339961769851],[79.70048839662229,12.974852824398397],[79.75209577370106,12.994763801008673],[79.76997157013193,12.983487498649197],[79.76374546558083,12.981923670241258],[79.76331661576927,12.954226561206895]]]}},{"id":"476","type":"Feature","properties":{"ST_NAME":"TAMIL NADU","AC_NO":30,"AC_NAME":"Pallavaram","DIST_NAME":"KANCHEEPURAM","PC_NAME":"SRIPERUMBUDUR"},"geometry":{"type":"Polygon","coordinates":[[[80.1478746421011,12.96667167555745],[80.1608551471474,12.972251034457713],[80.18086980569706,12.966806089129761],[80.1916215119233,12.951336625784677],[80.14899409030505,12.93462173090819],[80.12691340752781,12.948703950427046],[80.1017811388885,12.950968982032919],[80.12538634520371,12.986168293132266],[80.14858611465752,12.993075212351243],[80.1478746421011,12.96667167555745]]]}},{"id":"477","type":"Feature","properties":{"ST_NAME":"TAMIL NADU","AC_NO":27,"AC_NAME":"Shozhinganallur","DIST_NAME":"KANCHEEPURAM","PC_NAME":"CHENNAI SOUTH"},"geometry":{"type":"Polygon","coordinates":[[[80.20892725239082,12.97865283326172],[80.22107928488117,12.965749197767309],[80.24329657107995,12.98394005638852],[80.26690349330164,12.975278416865478],[80.24950189769447,12.857291561556394],[80.22168357533678,12.85253581617502],[80.20656080243913,12.876968194626556],[80.19587455516665,12.851670555052124],[80.1783992232456,12.865682180488307],[80.17205671404616,12.88354825974443],[80.16318021209719,12.937557450815746],[80.1916215119233,12.951336625784677],[80.18568374171139,12.959659587819772],[80.19620809033114,12.97567297372882],[80.20892725239082,12.97865283326172]]]}},{"id":"478","type":"Feature","properties":{"ST_NAME":"TAMIL NADU","AC_NO":43,"AC_NAME":"Vellore","DIST_NAME":"VELLORE","PC_NAME":"VELLORE"},"geometry":{"type":"Polygon","coordinates":[[[79.21799443599446,12.953976279881488],[79.2164865741961,12.942664351778433],[79.19094236929499,12.927651976057916],[79.19139570764582,12.912159795837965],[79.20978900096168,12.894881587215536],[79.19645773693509,12.893761719927454],[79.1928802518222,12.883038162481284],[79.13037920243829,12.881751206552963],[79.12179697305191,12.902202404117702],[79.11283123137628,12.902562184197507],[79.09383663964928,12.88601907601958],[79.09209085321038,12.906931957643792],[79.06969530789218,12.909963496718035],[79.0924643452534,12.918517677149111],[79.08127197032525,12.937385819699841],[79.10912005574602,12.92527712374033],[79.10998207031633,12.935811589733134],[79.1485515763942,12.939836992083542],[79.16948746987089,12.953897436317675],[79.21799443599446,12.953976279881488]]]}},{"id":"479","type":"Feature","properties":{"ST_NAME":"TAMIL NADU","AC_NO":44,"AC_NAME":"Anaikattu","DIST_NAME":"VELLORE","PC_NAME":"VELLORE"},"geometry":{"type":"Polygon","coordinates":[[[79.08127197032525,12.937385819699841],[79.0924643452534,12.918517677149111],[79.06969530789218,12.909963496718035],[79.09209085321038,12.906931957643792],[79.09383663964928,12.88601907601958],[79.11283123137628,12.902562184197507],[79.12796112780387,12.892759415614591],[79.12587917298549,12.878268445232607],[79.11770994825554,12.879005418065617],[79.11953965583052,12.864932954392373],[79.10717736274518,12.856089854163486],[79.11118633717979,12.848687581166985],[79.1320316104705,12.852094121346681],[79.13904501121834,12.845995894994587],[79.12458155829233,12.841065287233278],[79.11926788790277,12.824903986230026],[79.12413766282293,12.819167907872725],[79.11636937474691,12.799192046975463],[79.12439716759525,12.791061478704307],[79.1068391313209,12.80431427958041],[79.09603374366242,12.795298424083057],[79.10925090710373,12.79030909418941],[79.09015027721358,12.778522672083682],[79.09394568694398,12.773049506029906],[79.09970425374837,12.778864333522222],[79.09351785336628,12.757926208827541],[79.0812770721792,12.749810118742062],[79.07211888997483,12.755200331330286],[79.05798256274511,12.73555545691886],[79.06387562675883,12.73863642722938],[79.05762618030406,12.716724181176062],[79.0415423540964,12.71123339020886],[79.01282368896216,12.65775984074412],[79.02398739260417,12.693056503454898],[78.99432466235334,12.705842800804646],[78.97144725668562,12.666909360678517],[78.94789801608061,12.679896494627599],[78.9499063730807,12.68644683984985],[78.92752501366851,12.675918171786236],[78.91181945760195,12.687345203218626],[78.89723048989526,12.679180166631454],[78.88613950183662,12.695342644847244],[78.87322072895353,12.662342619516323],[78.87457228138572,12.684694782438328],[78.84500428931653,12.654088764984579],[78.85816638007446,12.691414139950666],[78.87461431030226,12.706438647525601],[78.86317076012256,12.705420824511464],[78.86275621582678,12.71607793015238],[78.88560643678767,12.730734300247832],[78.85164223210336,12.729146722543248],[78.85017099429598,12.764451584373148],[78.86212261106971,12.776966714542311],[78.91274110261986,12.77426142072801],[78.91886604782991,12.783734481661043],[78.91919316003634,12.789436756301313],[78.9006024322565,12.78933955487662],[78.89365893581129,12.796899774005396],[78.89956033204373,12.79792462162402],[78.89370955055534,12.812760090805568],[78.90180471701416,12.839245963230667],[78.87648722580491,12.852743412978157],[78.88883323756392,12.858841672605138],[78.90305364690835,12.84928165172687],[78.90701272066059,12.855830728005742],[78.90020108910903,12.865814106535822],[78.91619799674021,12.907724592216198],[78.97151055007191,12.929320435189993],[79.04120578282067,12.919455478487578],[79.08127197032525,12.937385819699841]]]}},{"id":"480","type":"Feature","properties":{"ST_NAME":"TAMIL NADU","AC_NO":31,"AC_NAME":"Tambaram","DIST_NAME":"KANCHEEPURAM","PC_NAME":"SRIPERUMBUDUR"},"geometry":{"type":"Polygon","coordinates":[[[80.1017811388885,12.950968982032919],[80.12691340752781,12.948703950427046],[80.14899409030505,12.93462173090819],[80.16318021209719,12.937557450815746],[80.17035716804895,12.92185397578038],[80.16326693012479,12.910109677919365],[80.17416417093978,12.895579752503636],[80.1783992232456,12.865682180488307],[80.17076553490159,12.85988365680538],[80.1614061977379,12.876288148879041],[80.12947696908691,12.861021409810292],[80.12288155254168,12.871154767378641],[80.13528318916792,12.89018127064918],[80.1224434828805,12.889823764055507],[80.10668559436476,12.903114304981216],[80.09632032142576,12.891190551902525],[80.0626075456018,12.899420939524816],[80.09200489131274,12.943787306439106],[80.1017811388885,12.950968982032919]]]}},{"id":"481","type":"Feature","properties":{"ST_NAME":"TAMIL NADU","AC_NO":55,"AC_NAME":"Hosur","DIST_NAME":"KRISHNAGIRI","PC_NAME":"KRISHNAGIRI"},"geometry":{"type":"Polygon","coordinates":[[[77.8356446663683,12.871356298254625],[77.8504439648172,12.865861866831722],[77.89034853695546,12.869749263717608],[77.89466447878272,12.878481906514821],[77.92936934352042,12.891054482678271],[77.9359837996127,12.883495049556927],[77.92734398303844,12.881555674155095],[77.92763718181055,12.874347058469993],[77.94113734571198,12.867870409092177],[77.92339980835453,12.856276816022273],[77.92082434067083,12.828244561137637],[77.94101884204599,12.823243621895699],[77.94690850842096,12.838266139270957],[77.9408571601299,12.854708388481413],[77.9506250134337,12.857190239438069],[77.96546191433595,12.84856737958097],[77.96407593315786,12.834015983750703],[77.9804960707371,12.835278143571543],[77.97928265596988,12.827669611063754],[77.98997408423668,12.821766039371255],[77.98843383425412,12.808598121006526],[78.00851265853242,12.80669118235221],[78.00231792862957,12.791551209920442],[77.99111066182763,12.788066735391567],[77.9909503199014,12.76218931818255],[77.95601257661917,12.751459014022316],[77.931829317569,12.764529133812516],[77.91175387654022,12.71046778565983],[77.9018606415554,12.714260351733913],[77.89500084141577,12.706842033033467],[77.90887694441551,12.694407899405064],[77.90864661095242,12.671817231779869],[77.87381022935864,12.661199940924575],[77.86017563839505,12.663373456619752],[77.8514412410205,12.676215197173633],[77.83010595862316,12.651743083076894],[77.81700270241282,12.649605975535394],[77.80811130229483,12.629819900368148],[77.8163951438209,12.62095057500909],[77.80064538157916,12.607769132639419],[77.79383917204024,12.586516883747208],[77.77950486625662,12.594156418583907],[77.76129032039205,12.577162749161573],[77.76197857425188,12.596787760246968],[77.7726577510544,12.60150004139382],[77.75587779832182,12.637720560555465],[77.78133885820182,12.656958413500035],[77.7592248150732,12.697078922754145],[77.77462683286211,12.723927185990874],[77.76118813312593,12.726930428796322],[77.76263913618726,12.735165735710211],[77.79183255342963,12.74704190745814],[77.79465135697461,12.758088484296138],[77.77884494014194,12.76786888943775],[77.79819542328022,12.795660363435047],[77.80839497274985,12.796697668462684],[77.79964067877438,12.805358968042015],[77.8019437418103,12.81727278720939],[77.80965659567539,12.815596999501963],[77.80980826993579,12.831516824441962],[77.79557355957218,12.834818260854092],[77.79216138783784,12.843130770069024],[77.79880421484268,12.851967921282608],[77.80770610465305,12.847664773210738],[77.8223024665856,12.855861547772236],[77.8356446663683,12.871356298254625]]]}},{"id":"482","type":"Feature","properties":{"ST_NAME":"TAMIL NADU","AC_NO":42,"AC_NAME":"Arcot","DIST_NAME":"VELLORE","PC_NAME":"ARAKKONAM"},"geometry":{"type":"Polygon","coordinates":[[[79.12796112780387,12.892759415614591],[79.13037920243829,12.881751206552963],[79.17746438717177,12.884815826289412],[79.17917796439161,12.879529581624922],[79.20978900096168,12.894881587215536],[79.20101642376898,12.903800742210535],[79.21523347864218,12.918264998231109],[79.2742131111462,12.916943391424411],[79.26860410249736,12.89297995096399],[79.2358530229987,12.901234568120856],[79.23663273970925,12.891779495427443],[79.22361038740951,12.889989096319766],[79.24262218676455,12.870031296507193],[79.23484875186847,12.853179669606106],[79.27135289292175,12.843033881608392],[79.2772736704436,12.869823796830815],[79.3069244118322,12.8705371489703],[79.31661718793293,12.853672794863655],[79.31876830241526,12.884990192243606],[79.30898349779022,12.884680321839426],[79.31453324741148,12.897784910845019],[79.30137710656828,12.902300372664115],[79.31830669659684,12.90973395285971],[79.32031777944201,12.920256100838458],[79.36223478700589,12.891598742488043],[79.37834686901283,12.870221066049396],[79.42484458870683,12.878938827764728],[79.47285012972975,12.874260904317339],[79.4731428446666,12.851813926771342],[79.45735891807965,12.843799120133326],[79.45694757177307,12.810623174819739],[79.47681583148551,12.806828680599153],[79.47486003536238,12.799666904304217],[79.46225024795064,12.798650236019625],[79.46068772805626,12.784933995607446],[79.47361842684899,12.773364566421662],[79.4547860053699,12.744872339786696],[79.45589450162998,12.737669897947455],[79.47616334636137,12.728652498314204],[79.46550187810925,12.715853479154816],[79.46467626359873,12.699616097305068],[79.45734368086624,12.697956110685993],[79.46073996158003,12.685068357218938],[79.45110203692951,12.671671801512502],[79.40966479339556,12.656254549208143],[79.3806038768675,12.627843454911556],[79.35724702193255,12.640783409526762],[79.35431160869382,12.649473495505447],[79.36307823237456,12.657504194962655],[79.3559494342191,12.67331552209373],[79.39471332785786,12.690227368498313],[79.38097508553182,12.709211430063476],[79.39273596509275,12.71355274806092],[79.39540820612388,12.726794845205973],[79.3792351482835,12.733917844532925],[79.36584044697912,12.715170658099453],[79.35772893444283,12.71956254677417],[79.3570800627947,12.698051399252734],[79.34477077215348,12.694440212945494],[79.33870245365534,12.70103208076597],[79.34631410591129,12.710122651039569],[79.34357545624238,12.729452375127039],[79.28917682185289,12.75279456301871],[79.28732069669286,12.778977767709875],[79.26162193880151,12.794929600420744],[79.25642779460708,12.822402120861227],[79.25050124433699,12.822935860401685],[79.2510416829274,12.80700585243818],[79.24063226406781,12.808292672568825],[79.23845868452071,12.797347914274894],[79.20939415631534,12.785163458526824],[79.21408836288771,12.76013852757103],[79.20683495826677,12.741641857185982],[79.1907311814989,12.748571318811344],[79.17373246957789,12.742426625388475],[79.17283851918239,12.759662960677133],[79.16143353552928,12.772470762615626],[79.15949778259665,12.752244560138365],[79.13271490906584,12.761733123584861],[79.09351785336628,12.757926208827541],[79.09970425374837,12.778864333522222],[79.09394568694398,12.773049506029906],[79.09015027721358,12.778522672083682],[79.10925090710373,12.79030909418941],[79.09603374366242,12.795298424083057],[79.1068391313209,12.80431427958041],[79.12439716759525,12.791061478704307],[79.11636937474691,12.799192046975463],[79.12413766282293,12.819167907872725],[79.11926788790277,12.824903986230026],[79.12458155829233,12.841065287233278],[79.13904501121834,12.845995894994587],[79.1320316104705,12.852094121346681],[79.11118633717979,12.848687581166985],[79.10717736274518,12.856089854163486],[79.11953965583052,12.864932954392373],[79.11770994825554,12.879005418065617],[79.12587917298549,12.878268445232607],[79.12796112780387,12.892759415614591]]]}},{"id":"483","type":"Feature","properties":{"ST_NAME":"TAMIL NADU","AC_NO":48,"AC_NAME":"Ambur","DIST_NAME":"VELLORE","PC_NAME":"VELLORE"},"geometry":{"type":"Polygon","coordinates":[[[78.91619799674021,12.907724592216198],[78.90020108910903,12.865814106535822],[78.90701272066059,12.855830728005742],[78.90305364690835,12.84928165172687],[78.88883323756392,12.858841672605138],[78.87648722580491,12.852743412978157],[78.90180471701416,12.839245963230667],[78.89370955055534,12.812760090805568],[78.89956033204373,12.79792462162402],[78.89365893581129,12.796899774005396],[78.9006024322565,12.78933955487662],[78.91919316003634,12.789436756301313],[78.91886604782991,12.783734481661043],[78.91274110261986,12.77426142072801],[78.86212261106971,12.776966714542311],[78.85017099429598,12.764451584373148],[78.85164223210336,12.729146722543248],[78.88560643678767,12.730734300247832],[78.86275621582678,12.71607793015238],[78.86317076012256,12.705420824511464],[78.87461431030226,12.706438647525601],[78.85816638007446,12.691414139950666],[78.84500428931653,12.654088764984579],[78.87457228138572,12.684694782438328],[78.87322072895353,12.662342619516323],[78.88613950183662,12.695342644847244],[78.89597965074034,12.689135177846254],[78.86572291108354,12.631701288383795],[78.84534993205375,12.640649322408365],[78.80130431734045,12.643754731795468],[78.76994954773352,12.680096432804191],[78.74543638318261,12.67809002283633],[78.73208305249096,12.659065612288202],[78.69469085429955,12.668397282708497],[78.66284854872163,12.69937151768147],[78.65483809750026,12.689662443167265],[78.63257226949469,12.697057698753838],[78.63984227919786,12.719984139956125],[78.6341894681695,12.72263314790149],[78.6172409941766,12.708450215105415],[78.61470240229409,12.692229202715566],[78.5985452390716,12.696173274876799],[78.58428415518966,12.709791127658491],[78.57889616482618,12.735987686382657],[78.55528607429295,12.73932203258579],[78.56282047568448,12.752167384817028],[78.55559435469576,12.755861990438575],[78.59248634996516,12.782749527968406],[78.60035818508226,12.81849149718488],[78.60772959694339,12.821973440122235],[78.6032875422863,12.842824113841857],[78.62013730219479,12.813512754110377],[78.64463906783874,12.80747196026283],[78.65115341230018,12.829695631648121],[78.6641312508566,12.839190858171605],[78.675398396319,12.822834198339649],[78.67576580984428,12.799068977451384],[78.69839018945572,12.796116734299915],[78.69165162062586,12.775261515406669],[78.69925096206231,12.766052103321954],[78.71802255879413,12.798819849056827],[78.73857037412353,12.804678606632422],[78.74563541754054,12.82544802210856],[78.887215544262,12.894622302777123],[78.90306841557498,12.909162254734326],[78.91619799674021,12.907724592216198]]]}},{"id":"484","type":"Feature","properties":{"ST_NAME":"TAMIL NADU","AC_NO":32,"AC_NAME":"Chengalpattu","DIST_NAME":"KANCHEEPURAM","PC_NAME":"KANCHEEPURAM (SC)"},"geometry":{"type":"Polygon","coordinates":[[[80.11361312784362,12.901721987179997],[80.1224434828805,12.889823764055507],[80.13528318916792,12.89018127064918],[80.12313051456164,12.863690255900622],[80.1614061977379,12.876288148879041],[80.17076553490159,12.85988365680538],[80.1561468796748,12.852095579147715],[80.14233951455702,12.855275569312141],[80.13384592325082,12.83286445223274],[80.14652776434491,12.824909221183646],[80.14814512399835,12.812007267421507],[80.13466001115063,12.817815954342848],[80.13068255075916,12.79856097560861],[80.13714271736256,12.793122396581396],[80.12919871794651,12.782910699968852],[80.10775527408668,12.789521765617053],[80.10464322410559,12.781621211549748],[80.09609470490676,12.784485265382727],[80.07711169105175,12.754352182507262],[80.05826620602068,12.750630450634844],[80.04905153200264,12.737394409524427],[80.03178635275805,12.740310683391385],[80.03020557033085,12.71943693037008],[80.05202187401034,12.706385465217068],[80.0406941547115,12.706459593635373],[80.037671375034,12.696078594251787],[80.04319280590335,12.661175004522875],[80.03391649505028,12.65806750331268],[80.02375355338381,12.673933629733256],[80.00575557056317,12.67682353008189],[79.9991856435027,12.663185349024673],[79.97568796103064,12.658246639271056],[79.96764188316644,12.629196465144787],[79.94586968583741,12.631944538809478],[79.95358373490149,12.644141617441733],[79.94818159820227,12.658103298128765],[79.95821059574246,12.698883224481278],[79.95348966761412,12.7090483443057],[79.91944923999051,12.754893730861056],[79.90432983775185,12.754954146416765],[79.87474783694319,12.780716240861864],[79.89838130984964,12.783634490539384],[79.90878514302,12.798673481695857],[79.92758234345047,12.799036743051317],[79.93826474881917,12.785787857823436],[79.95786483339538,12.791606622547647],[79.96474108033664,12.808700295682172],[79.95769227327986,12.825144482931591],[79.96270273904025,12.816228439590873],[80.00976306381438,12.80808297315076],[80.05597958978632,12.852993353460533],[80.05525157599948,12.88901045856585],[80.0626075456018,12.899420939524816],[80.09632032142576,12.891190551902525],[80.11361312784362,12.901721987179997]]]}},{"id":"485","type":"Feature","properties":{"ST_NAME":"TAMIL NADU","AC_NO":54,"AC_NAME":"Veppanahalli","DIST_NAME":"KRISHNAGIRI","PC_NAME":"KRISHNAGIRI"},"geometry":{"type":"Polygon","coordinates":[[[78.08591280952857,12.832123007071175],[78.09012909388264,12.817409798923109],[78.12496050042682,12.798232717665826],[78.13421255296703,12.782014084882178],[78.1676497387445,12.77012672916527],[78.19515221290436,12.77388881361793],[78.23069634835787,12.760882326258411],[78.24081259452566,12.729577781089802],[78.23115243413758,12.712608911372229],[78.20716043570559,12.708226470075601],[78.20992049283655,12.7005575355019],[78.19975298801006,12.69283068638714],[78.23769238769358,12.68581012433782],[78.2445426109528,12.706378785052948],[78.27106276463496,12.705097964299682],[78.30257493808296,12.666315987992505],[78.28722782210639,12.61537531971527],[78.27382539382694,12.610276946124202],[78.26702233731106,12.617254847033621],[78.26280522737937,12.591656416610363],[78.2485156430825,12.599353591694978],[78.2396401357837,12.589019789631664],[78.22314923594854,12.599293663571757],[78.21873869893187,12.61285252982043],[78.20423932888195,12.61459313886229],[78.19798137573997,12.604908970172858],[78.2049906072308,12.579065223581267],[78.1958207851012,12.564527760048122],[78.17745245966336,12.562823614018612],[78.17050534884282,12.578528038738057],[78.1394246170525,12.57611584387115],[78.13130920775382,12.588173717343238],[78.14141084623361,12.599420411322967],[78.11250976981006,12.611309650220221],[78.09180728907518,12.560104729649595],[78.0818208879237,12.558321498138696],[78.0714572220732,12.534484317097622],[78.06253089678353,12.532403278688435],[78.0477781481431,12.475174422961288],[78.03997301574213,12.472969462470758],[78.03198893174385,12.44748349856468],[78.01901363107424,12.459077652811459],[78.01553272415595,12.50456817408201],[77.99396143447268,12.500602427360207],[77.98784602477429,12.512478067608754],[77.95605560827977,12.483033005668744],[77.9389308078106,12.51796158216132],[77.91961786237448,12.505260771667338],[77.90868195700676,12.511507210789205],[77.89575450746463,12.532569022842154],[77.89339638523506,12.559989470737548],[77.91558998868709,12.586429085633824],[77.90518541537466,12.606283126165408],[77.88521882828633,12.607769683024515],[77.86198106427474,12.621821167313044],[77.86231032496158,12.63083331850288],[77.87592620642931,12.645711816647065],[77.87381022935864,12.661199940924575],[77.90864661095242,12.671817231779869],[77.90887694441551,12.694407899405064],[77.89500084141577,12.706842033033467],[77.9018606415554,12.714260351733913],[77.91175387654022,12.71046778565983],[77.931829317569,12.764529133812516],[77.95601257661917,12.751459014022316],[77.9909503199014,12.76218931818255],[77.99111066182763,12.788066735391567],[78.00231792862957,12.791551209920442],[78.0152769956369,12.813840964389044],[78.00388848396642,12.825647721964856],[78.01827029373914,12.83110505905131],[78.01912153892795,12.843995239788512],[78.02896131191505,12.845235517305355],[78.02637742208043,12.857520673740169],[78.0577928446641,12.852155536948544],[78.06017553727128,12.843873169411268],[78.07716901693664,12.838893997360117],[78.07382105589704,12.830563652790374],[78.08591280952857,12.832123007071175]]]}},{"id":"486","type":"Feature","properties":{"ST_NAME":"TAMIL NADU","AC_NO":68,"AC_NAME":"Cheyyar","DIST_NAME":"TIRUVANNAMALAI","PC_NAME":"ARANI"},"geometry":{"type":"Polygon","coordinates":[[[79.47285012972975,12.874260904317339],[79.49978857158538,12.872656274567476],[79.50895891712037,12.857169828424901],[79.5364628463833,12.862896027729562],[79.59510374923872,12.828657912932385],[79.63209162123138,12.821636198851536],[79.64249348848375,12.802216117180137],[79.63522314783006,12.786170408737405],[79.64967255514438,12.782566177786919],[79.6534835582197,12.764602958259957],[79.65743688710273,12.776617401671786],[79.66934376800054,12.777778519063475],[79.67754889726388,12.790876632950301],[79.70864243719876,12.776988531195798],[79.70900699717521,12.758323317067493],[79.73184544780923,12.75589463133224],[79.74467923116163,12.743881130409875],[79.74142178508737,12.733581372182641],[79.71384947497336,12.728198556518237],[79.73670575556622,12.717963566565402],[79.73446954273527,12.701722854526167],[79.74411128051122,12.70191555405961],[79.74217097431108,12.693336502877344],[79.68239961105326,12.667710152101904],[79.64634297894537,12.669824373695917],[79.63079576471284,12.638350328804677],[79.63669412483404,12.626701034425253],[79.6462566934917,12.62514766063606],[79.64579257226944,12.603030950118296],[79.67310696581387,12.592891572488156],[79.6887593755448,12.602063644721454],[79.72523980956959,12.587889197928178],[79.72512839435996,12.578563182444952],[79.69348163466975,12.573028036914423],[79.69289213266586,12.55813311984764],[79.68014448997627,12.557448079265498],[79.66276282964094,12.542262912303613],[79.62740200659738,12.567825645037544],[79.60407384093509,12.564579868566113],[79.5866298845616,12.540187332779226],[79.572186768005,12.548642669623575],[79.5703271705625,12.564907123764783],[79.54958016799043,12.561560561171007],[79.53648729445314,12.569936568817639],[79.51525301851206,12.563474662026067],[79.49949434039155,12.583721101947333],[79.49210106061554,12.582172020622295],[79.47951784637155,12.543561470385612],[79.46205729480835,12.595890356454845],[79.44354031863088,12.610212758811826],[79.45098854518528,12.625456541786036],[79.43838695779192,12.635123305895888],[79.44030987290239,12.64408026749038],[79.43346512381646,12.640131477485738],[79.42685190519131,12.659539141318362],[79.46073996158003,12.685068357218938],[79.45734368086624,12.697956110685993],[79.46467626359873,12.699616097305068],[79.46550187810925,12.715853479154816],[79.47616334636137,12.728652498314204],[79.45589450162998,12.737669897947455],[79.4547860053699,12.744872339786696],[79.47361842684899,12.773364566421662],[79.46068772805626,12.784933995607446],[79.46225024795064,12.798650236019625],[79.47486003536238,12.799666904304217],[79.47681583148551,12.806828680599153],[79.45694757177307,12.810623174819739],[79.45735891807965,12.843799120133326],[79.4731428446666,12.851813926771342],[79.47285012972975,12.874260904317339]]]}},{"id":"487","type":"Feature","properties":{"ST_NAME":"TAMIL NADU","AC_NO":33,"AC_NAME":"Thiruporur","DIST_NAME":"KANCHEEPURAM","PC_NAME":"KANCHEEPURAM (SC)"},"geometry":{"type":"Polygon","coordinates":[[[80.1783992232456,12.865682180488307],[80.19587455516665,12.851670555052124],[80.20656080243913,12.876968194626556],[80.22168357533678,12.85253581617502],[80.24950189769447,12.857291561556394],[80.2546695883309,12.780807964515986],[80.1652455339543,12.525858817730295],[80.1541177204565,12.529748572638539],[80.14036302413433,12.558798959904152],[80.12606949541095,12.540692794936604],[80.11916295750456,12.548905477605729],[80.10025634285597,12.541876570747206],[80.07639324785015,12.567042827464547],[80.056572534395,12.561575722841383],[80.06352519133458,12.552107088371486],[80.05983423875915,12.542404308212326],[80.0317855235831,12.563342236854794],[80.02609333483957,12.55032369768054],[80.0083510814373,12.553513333073909],[79.9949322387319,12.572029447700913],[79.96462157032926,12.57679766398104],[79.94424533845165,12.614267968292154],[79.94586968583741,12.631944538809478],[79.96764188316644,12.629196465144787],[79.97568796103064,12.658246639271056],[79.9991856435027,12.663185349024673],[80.00575557056317,12.67682353008189],[80.02375355338381,12.673933629733256],[80.03391649505028,12.65806750331268],[80.04319280590335,12.661175004522875],[80.037671375034,12.696078594251787],[80.0406941547115,12.706459593635373],[80.05202187401034,12.706385465217068],[80.03020557033085,12.71943693037008],[80.03178635275805,12.740310683391385],[80.04905153200264,12.737394409524427],[80.05826620602068,12.750630450634844],[80.07711169105175,12.754352182507262],[80.09609470490676,12.784485265382727],[80.10464322410559,12.781621211549748],[80.10775527408668,12.789521765617053],[80.12919871794651,12.782910699968852],[80.13714271736256,12.793122396581396],[80.13068255075916,12.79856097560861],[80.13466001115063,12.817815954342848],[80.14814512399835,12.812007267421507],[80.14652776434491,12.824909221183646],[80.13384592325082,12.83286445223274],[80.14233951455702,12.855275569312141],[80.1678930760047,12.854743091520504],[80.1783992232456,12.865682180488307]]]}},{"id":"488","type":"Feature","properties":{"ST_NAME":"TAMIL NADU","AC_NO":36,"AC_NAME":"Uthiramerur","DIST_NAME":"KANCHEEPURAM","PC_NAME":"KANCHEEPURAM (SC)"},"geometry":{"type":"Polygon","coordinates":[[[79.77950347100841,12.835270814096816],[79.83058094415532,12.831497155369448],[79.82617206728713,12.842124452981182],[79.85020048196674,12.843694814064463],[79.86340837249844,12.836044621362248],[79.8813341757317,12.844845779908837],[79.8913504784419,12.840340933687173],[79.90609275177911,12.85156334237439],[79.91020791726163,12.835720118988377],[79.90175506074752,12.821984177128115],[79.90878514302,12.798673481695857],[79.89838130984964,12.783634490539384],[79.87474783694319,12.780716240861864],[79.90432983775185,12.754954146416765],[79.91944923999051,12.754893730861056],[79.95348966761412,12.7090483443057],[79.95263225667338,12.699111295250134],[79.91840994296456,12.695940710195657],[79.92679233399906,12.63650233621388],[79.8984153959538,12.640666139730627],[79.8895165071811,12.631074064316692],[79.84627841261869,12.630774782530239],[79.84489828242982,12.6241782733087],[79.82627310072309,12.62024293896053],[79.80595639407238,12.628960393107718],[79.81789196334347,12.601574167114165],[79.8128134872527,12.589630832197201],[79.82510430132248,12.56921634315978],[79.79792853017756,12.56862846982807],[79.77501296627543,12.550297992358537],[79.75758256268517,12.560841808602618],[79.75576882796912,12.543821744977606],[79.74347510099517,12.532440855960772],[79.71497830040829,12.549457454497997],[79.7197751466058,12.564484374953963],[79.70643741825234,12.569159542878651],[79.71639379643659,12.581457363566528],[79.72512839435996,12.578563182444952],[79.72523980956959,12.587889197928178],[79.6887593755448,12.602063644721454],[79.66655472931734,12.593206756087],[79.64579257226944,12.603030950118296],[79.6462566934917,12.62514766063606],[79.63019413445181,12.632738937851741],[79.64634297894537,12.669824373695917],[79.68239961105326,12.667710152101904],[79.74217097431108,12.693336502877344],[79.74411128051122,12.70191555405961],[79.73446954273527,12.701722854526167],[79.73670575556622,12.717963566565402],[79.71384947497336,12.728198556518237],[79.74142178508737,12.733581372182641],[79.74467923116163,12.743881130409875],[79.73184544780923,12.75589463133224],[79.70900699717521,12.758323317067493],[79.70864243719876,12.776988531195798],[79.67754889726388,12.790876632950301],[79.66934376800054,12.777778519063475],[79.65743688710273,12.776617401671786],[79.6534835582197,12.764602958259957],[79.64967255514438,12.782566177786919],[79.63522314783006,12.786170408737405],[79.64007721788937,12.809989260695886],[79.69796703215286,12.799597464951091],[79.70526001503771,12.820453686588394],[79.72431058236754,12.809309097137145],[79.7436691369212,12.810111484857202],[79.75851185283977,12.814924865989838],[79.76563751685796,12.827270473053943],[79.78042292617715,12.827195608990223],[79.77950347100841,12.835270814096816]]]}},{"id":"489","type":"Feature","properties":{"ST_NAME":"TAMIL NADU","AC_NO":67,"AC_NAME":"Arani","DIST_NAME":"TIRUVANNAMALAI","PC_NAME":"ARANI"},"geometry":{"type":"Polygon","coordinates":[[[79.1096254729373,12.759103468150556],[79.13271490906584,12.761733123584861],[79.15949778259665,12.752244560138365],[79.16143353552928,12.772470762615626],[79.17283851918239,12.759662960677133],[79.17373246957789,12.742426625388475],[79.1907311814989,12.748571318811344],[79.20683495826677,12.741641857185982],[79.21408836288771,12.76013852757103],[79.20939415631534,12.785163458526824],[79.23845868452071,12.797347914274894],[79.24063226406781,12.808292672568825],[79.2510416829274,12.80700585243818],[79.25050124433699,12.822935860401685],[79.25642779460708,12.822402120861227],[79.26162193880151,12.794929600420744],[79.28732069669286,12.778977767709875],[79.28917682185289,12.75279456301871],[79.34357545624238,12.729452375127039],[79.34631410591129,12.710122651039569],[79.33870245365534,12.70103208076597],[79.34477077215348,12.694440212945494],[79.3570800627947,12.698051399252734],[79.35772893444283,12.71956254677417],[79.36584044697912,12.715170658099453],[79.3792351482835,12.733917844532925],[79.39540820612388,12.726794845205973],[79.39273596509275,12.71355274806092],[79.38097508553182,12.709211430063476],[79.39471332785786,12.690227368498313],[79.3559494342191,12.67331552209373],[79.36307823237456,12.657504194962655],[79.35431160869382,12.649473495505447],[79.35724702193255,12.640783409526762],[79.3806038768675,12.627843454911556],[79.40966479339556,12.656254549208143],[79.42685190519131,12.659539141318362],[79.43346512381646,12.640131477485738],[79.44030987290239,12.64408026749038],[79.43838695779192,12.635123305895888],[79.45098854518528,12.625456541786036],[79.44354031863088,12.610212758811826],[79.46205729480835,12.595890356454845],[79.44314174359664,12.578331616011326],[79.42468121156872,12.582279025556659],[79.42382174207978,12.594319728272865],[79.40881593860473,12.594601002933985],[79.40340303162469,12.587396368547616],[79.38771963485334,12.591170127099758],[79.38103310799158,12.613135601326974],[79.3509111281461,12.599023770730469],[79.33864519921661,12.612418338935242],[79.32847874659694,12.582788573334028],[79.30096942050238,12.549561651748888],[79.31348744918648,12.541106281629652],[79.30656596364838,12.501813224200987],[79.31358009194776,12.498870641566896],[79.32392328293321,12.508395478268767],[79.32546160566864,12.498794501365182],[79.31578192369687,12.48687745453094],[79.29324919759244,12.486327026271283],[79.29364174447096,12.504842934054238],[79.27001997893893,12.508970210706707],[79.26269706122048,12.491153542901714],[79.24546701129361,12.486284491935805],[79.23950847663497,12.5197701017089],[79.24892259600108,12.52214846857703],[79.26382613756624,12.510380223568518],[79.27721502655231,12.53104423760152],[79.29203881713778,12.527038811891714],[79.29078488161707,12.551132974207462],[79.28374084096708,12.558722847581407],[79.25926457919701,12.558564420311825],[79.23592090022942,12.598960273198088],[79.22641503112885,12.622502431641976],[79.24147277045205,12.64752463945058],[79.20615034306394,12.656330543719662],[79.21001044282775,12.665470574007827],[79.19016306537321,12.663282715924652],[79.21746473620868,12.684677838311643],[79.20692402892087,12.693303398832825],[79.16691244915029,12.668045345616235],[79.16172664077192,12.68060327362224],[79.13068645761399,12.67726796874183],[79.1418067293971,12.697403908063961],[79.14257372249938,12.72362314229423],[79.11133140232243,12.745022741506375],[79.1096254729373,12.759103468150556]]]}},{"id":"490","type":"Feature","properties":{"ST_NAME":"TAMIL NADU","AC_NO":47,"AC_NAME":"Vaniyambadi","DIST_NAME":"VELLORE","PC_NAME":"VELLORE"},"geometry":{"type":"Polygon","coordinates":[[[78.52504133968614,12.715460357609459],[78.54424672080955,12.71097894861964],[78.52925650708221,12.70915667214274],[78.534702661099,12.691413383620784],[78.54172844011549,12.691105658998993],[78.56155280661682,12.70985086962196],[78.55427582536907,12.71840199145879],[78.56341230243589,12.735357369546989],[78.57889616482618,12.735987686382657],[78.58428415518966,12.709791127658491],[78.61470240229409,12.692229202715566],[78.6172409941766,12.708450215105415],[78.6341894681695,12.72263314790149],[78.63984227919786,12.719984139956125],[78.63257226949469,12.697057698753838],[78.65483809750026,12.689662443167265],[78.66284854872163,12.69937151768147],[78.69469085429955,12.668397282708497],[78.73208305249096,12.659065612288202],[78.74543638318261,12.67809002283633],[78.76994954773352,12.680096432804191],[78.80130431734045,12.643754731795468],[78.83198781228776,12.641088632234641],[78.83108775099896,12.609198848747894],[78.806421960705,12.536221488930607],[78.76882274937043,12.528125850327797],[78.76169680656244,12.500645980627553],[78.74101937914111,12.495872969162235],[78.72267634983376,12.466411401964706],[78.70427460648796,12.485348199659711],[78.67922362756843,12.452472546071192],[78.6657389859655,12.451219083593855],[78.65952799092412,12.463081505607022],[78.6698831725704,12.49541309274008],[78.64157785023764,12.501603543668637],[78.6426720229955,12.512791649515066],[78.6263533838017,12.51806952508855],[78.62468427356043,12.541598145138323],[78.65316428110674,12.54287873206789],[78.65487221777869,12.551820348530327],[78.67555153827294,12.540272773769516],[78.69227458010783,12.546601603381362],[78.6992678351425,12.556783852592787],[78.69121433067687,12.570924858995113],[78.7004239325185,12.592863598176564],[78.67391742964571,12.623215374589904],[78.63932599819634,12.616213119140184],[78.63273453956742,12.630730724743216],[78.62099846420779,12.629224274880414],[78.61755267401674,12.653125571288115],[78.60234387467011,12.66563167676054],[78.59702909361783,12.657643231949635],[78.5746464086049,12.656947457059573],[78.56369768340141,12.636844817834117],[78.54915494714317,12.631754960822832],[78.53680173541181,12.605295818047637],[78.50025353027627,12.626463537862037],[78.48814855661067,12.645356397379885],[78.47048543635384,12.650605638539446],[78.4678703301517,12.675939881420447],[78.49876782057851,12.67511638751131],[78.50741046192331,12.691446946319559],[78.49627666793396,12.702977357519103],[78.50304131080793,12.716807934138899],[78.51175166570687,12.707738856762887],[78.5199824256485,12.712052799397213],[78.52021091280346,12.7187243336611],[78.4926600668087,12.735692360713927],[78.49313676774767,12.747204525568463],[78.51379831224239,12.734507405892145],[78.5138907301731,12.725310526759472],[78.52089306836046,12.736174037601813],[78.52504133968614,12.715460357609459]]]}},{"id":"491","type":"Feature","properties":{"ST_NAME":"TAMIL NADU","AC_NO":65,"AC_NAME":"Kalasapakkam","DIST_NAME":"TIRUVANNAMALAI","PC_NAME":"TIRUVANNAMALAI"},"geometry":{"type":"Polygon","coordinates":[[[79.0812770721792,12.749810118742062],[79.1096254729373,12.759103468150556],[79.11133140232243,12.745022741506375],[79.14257372249938,12.72362314229423],[79.1418067293971,12.697403908063961],[79.13068645761399,12.67726796874183],[79.16172664077192,12.68060327362224],[79.14229156650265,12.671763726614756],[79.13315590422167,12.65920620420303],[79.13833398112837,12.652120883771829],[79.13002307090807,12.64884389363084],[79.14363807463747,12.63533708643746],[79.15749834147533,12.64433987838271],[79.16133644112392,12.633559347985567],[79.15927718699265,12.625060637738272],[79.13003491318074,12.624904563994505],[79.08174097036954,12.60548353443761],[79.0878873850948,12.593606762841887],[79.10696527832499,12.587130261852167],[79.09292464075963,12.563909624529572],[79.09437309963891,12.553243451024514],[79.03264330164711,12.543004118245506],[79.05243640681476,12.537541085752537],[79.06018324785867,12.520822429011957],[79.0441399397065,12.478083405125119],[79.07820225413076,12.477991984542484],[79.10860021252984,12.4642352062898],[79.11283167204408,12.450203247182174],[79.1205656608766,12.473825884157293],[79.13036208204448,12.4797128462709],[79.14096856664611,12.45744516116531],[79.17536555927319,12.427429804941596],[79.1964084109195,12.435501125876328],[79.19770011436884,12.418206092737023],[79.18444596630837,12.41374510465289],[79.1806977583949,12.400333979029938],[79.20011489478662,12.386909132450569],[79.17687830978622,12.381658099841502],[79.17437721603574,12.41141016964366],[79.13856312119117,12.403522081079245],[79.1435034740062,12.417243053724007],[79.13640838423959,12.435235412184568],[79.12202201940073,12.433039676040266],[79.12150492811003,12.40083918577983],[79.0870409090108,12.409028148830032],[79.07879577340628,12.422781311808137],[79.05845274269996,12.421831713163101],[79.05601653323646,12.412262851949095],[79.0462324849413,12.412630947160551],[79.04471417392006,12.396726524009921],[79.02904475351261,12.395860053298861],[79.03565748380589,12.419011498581824],[79.00733403563731,12.414987522556146],[79.00965412194023,12.390654584841286],[79.03262424771094,12.360884890125647],[79.02640943145013,12.33744550350724],[79.04122556790571,12.302592411610533],[78.97651996902141,12.273255536314025],[78.94356115512329,12.286749734113016],[78.93188632989029,12.270133042505961],[78.91411268655128,12.275871526549736],[78.90065490769791,12.268518449167118],[78.89126739297586,12.279787898692632],[78.87425187182646,12.266707750562261],[78.87299250799788,12.279255552202017],[78.83982294427352,12.285297483691977],[78.83996473138728,12.303302052247943],[78.83303040712764,12.307849047895274],[78.83395430674591,12.326634820640493],[78.8492318619609,12.331117637069326],[78.85117387687296,12.346520941788071],[78.8674835929935,12.358378358174718],[78.86728975941492,12.372942930871602],[78.8771242587776,12.366525655634575],[78.89536730955376,12.377297404151932],[78.89406860398293,12.396667009574855],[78.87608502380488,12.423404239813863],[78.89402084368703,12.440618385230323],[78.87471575113108,12.469401330307221],[78.88193665425325,12.502977996437437],[78.89654138257879,12.52024117648915],[78.89588880572387,12.5554969047584],[78.87181041931547,12.582523014325716],[78.83661100659276,12.581630742065158],[78.85849349497886,12.633348964183426],[78.86572291108354,12.631701288383795],[78.89597965074034,12.689135177846254],[78.89723048989526,12.679180166631454],[78.91181945760195,12.687345203218626],[78.92752501366851,12.675918171786236],[78.9499063730807,12.68644683984985],[78.94789801608061,12.679896494627599],[78.97144725668562,12.666909360678517],[78.99432466235334,12.705842800804646],[79.02398739260417,12.693056503454898],[79.0089901686614,12.658384463072537],[79.01282368896216,12.65775984074412],[79.0415423540964,12.71123339020886],[79.05762618030406,12.716724181176062],[79.06387562675883,12.73863642722938],[79.05798256274511,12.73555545691886],[79.07211888997483,12.755200331330286],[79.0812770721792,12.749810118742062]]]}},{"id":"492","type":"Feature","properties":{"ST_NAME":"TAMIL NADU","AC_NO":56,"AC_NAME":"Thalli","DIST_NAME":"KRISHNAGIRI","PC_NAME":"KRISHNAGIRI"},"geometry":{"type":"Polygon","coordinates":[[[77.7592248150732,12.697078922754145],[77.78133885820182,12.656958413500035],[77.75587779832182,12.637720560555465],[77.7726577510544,12.60150004139382],[77.76197857425188,12.596787760246968],[77.75664822143835,12.579875106251222],[77.77950486625662,12.594156418583907],[77.79383917204024,12.586516883747208],[77.80064538157916,12.607769132639419],[77.8163951438209,12.62095057500909],[77.80811130229483,12.629819900368148],[77.81700270241282,12.649605975535394],[77.83010595862316,12.651743083076894],[77.8514412410205,12.676215197173633],[77.86017563839505,12.663373456619752],[77.87381022935864,12.661199940924575],[77.87592620642931,12.645711816647065],[77.86198106427474,12.621821167313044],[77.88521882828633,12.607769683024515],[77.90518541537466,12.606283126165408],[77.91558998868709,12.586429085633824],[77.89339638523506,12.559989470737548],[77.89575450746463,12.532569022842154],[77.90868195700676,12.511507210789205],[77.89146574314958,12.499183685678588],[77.9189428681189,12.493502431791853],[77.930378100469,12.474592057077814],[77.9276001369368,12.453280338716695],[77.94660332078666,12.44848413643382],[77.97160314986553,12.412416026278663],[77.96975481283442,12.397229282805199],[77.94961384180539,12.373906201909733],[77.95148051781172,12.337113497190217],[77.92538329550274,12.32387256556649],[77.878056793886,12.334747824252759],[77.86911347590626,12.328515324622572],[77.8753532618436,12.324582488591034],[77.87518350221688,12.294479847766809],[77.86731296032491,12.26593846688678],[77.85926533292883,12.257572699820287],[77.8469105626724,12.263576826509393],[77.81492316317349,12.234098685705817],[77.79541865314837,12.147551219912941],[77.77789187461036,12.158688735296948],[77.77499325803251,12.170338510813679],[77.74613820351533,12.157403981808386],[77.73128169559385,12.180167412795925],[77.65885355714602,12.19936474138973],[77.637600498864,12.196775948451318],[77.60928799904195,12.206231097587136],[77.5657728377463,12.196418717050221],[77.54623587388653,12.204752909818978],[77.51865935764329,12.194567334914609],[77.47201647837784,12.207955363249482],[77.4826013702571,12.229497055344893],[77.47336050348451,12.2430835811424],[77.47892947071858,12.271211586845311],[77.48704667956065,12.279814369337714],[77.51416852375843,12.275447191334877],[77.52720813404818,12.278837715488237],[77.5328187938523,12.291524145822734],[77.55131760642246,12.291273087483034],[77.57855559896177,12.335738236830196],[77.61678704538588,12.368282912026814],[77.62959636627932,12.4183997014851],[77.6271552186385,12.45851453152045],[77.63478366033769,12.486900371055356],[77.62606739869153,12.49636288473937],[77.60740609301683,12.47518260229532],[77.58366143422785,12.478851464823265],[77.61615638590854,12.509866749351033],[77.58728826873869,12.51520822497963],[77.58129986309825,12.550882968973895],[77.57925540101598,12.573153547198501],[77.59140046645842,12.592285692031112],[77.59094670003026,12.615447549664736],[77.60580019162558,12.62918193479851],[77.59631333059576,12.64937503952649],[77.59857604464878,12.667569235531857],[77.6594539490406,12.684151184529583],[77.6768708933771,12.679438552647127],[77.6781247119859,12.660700825282902],[77.70136839083864,12.661047735164914],[77.71076353990549,12.666996202812584],[77.71158728382613,12.683044313344453],[77.72499288851105,12.671211705655764],[77.7404081425218,12.673569706476826],[77.73999923967324,12.700983338410367],[77.7592248150732,12.697078922754145]]]}},{"id":"493","type":"Feature","properties":{"ST_NAME":"TAMIL NADU","AC_NO":66,"AC_NAME":"Polur","DIST_NAME":"TIRUVANNAMALAI","PC_NAME":"ARANI"},"geometry":{"type":"Polygon","coordinates":[[[79.16172664077192,12.68060327362224],[79.16691244915029,12.668045345616235],[79.20692402892087,12.693303398832825],[79.21746473620868,12.684677838311643],[79.19016306537321,12.663282715924652],[79.21001044282775,12.665470574007827],[79.20615034306394,12.656330543719662],[79.24147277045205,12.64752463945058],[79.22641503112885,12.622502431641976],[79.23592090022942,12.598960273198088],[79.25926457919701,12.558564420311825],[79.28374084096708,12.558722847581407],[79.29078488161707,12.551132974207462],[79.29203881713778,12.527038811891714],[79.27721502655231,12.53104423760152],[79.26382613756624,12.510380223568518],[79.24892259600108,12.52214846857703],[79.23950847663497,12.5197701017089],[79.24546701129361,12.486284491935805],[79.26269706122048,12.491153542901714],[79.264931234389,12.507082833206255],[79.28645876306155,12.509788778129632],[79.29364174447096,12.504842934054238],[79.28880457267297,12.48963358162456],[79.31578192369687,12.48687745453094],[79.32392328293321,12.508395478268767],[79.31358009194776,12.498870641566896],[79.30656596364838,12.501813224200987],[79.31348744918648,12.541106281629652],[79.30096942050238,12.549561651748888],[79.32847874659694,12.582788573334028],[79.33864519921661,12.612418338935242],[79.3509111281461,12.599023770730469],[79.38103310799158,12.613135601326974],[79.38771963485334,12.591170127099758],[79.40340303162469,12.587396368547616],[79.39602593964548,12.555547855848943],[79.4137297209499,12.549033898095956],[79.41070306969095,12.542656979935714],[79.42144860387003,12.531177512632155],[79.40985959914127,12.504296067109863],[79.41841542083506,12.48950120052001],[79.41560896767976,12.47594753235279],[79.40416119967966,12.455275779653562],[79.41774792242876,12.450369426607779],[79.41170554037842,12.439721894250056],[79.40088520778619,12.43230204130623],[79.38250112352807,12.442591496000773],[79.36241829996465,12.43917330780198],[79.32487601391699,12.450768528644744],[79.30878922983914,12.438524016170447],[79.25658235029528,12.448156120408669],[79.23120674939202,12.442769259593717],[79.22692466434182,12.40230517064714],[79.20011489478662,12.386909132450569],[79.1806977583949,12.400333979029938],[79.18444596630837,12.41374510465289],[79.19770011436884,12.418206092737023],[79.1964084109195,12.435501125876328],[79.17536555927319,12.427429804941596],[79.14096856664611,12.45744516116531],[79.13036208204448,12.4797128462709],[79.1205656608766,12.473825884157293],[79.11283167204408,12.450203247182174],[79.10860021252984,12.4642352062898],[79.07820225413076,12.477991984542484],[79.0441399397065,12.478083405125119],[79.06018324785867,12.520822429011957],[79.05243640681476,12.537541085752537],[79.03264330164711,12.543004118245506],[79.09437309963891,12.553243451024514],[79.09292464075963,12.563909624529572],[79.10696527832499,12.587130261852167],[79.0878873850948,12.593606762841887],[79.08174097036954,12.60548353443761],[79.13003491318074,12.624904563994505],[79.15927718699265,12.625060637738272],[79.15749834147533,12.64433987838271],[79.14363807463747,12.63533708643746],[79.13002307090807,12.64884389363084],[79.13833398112837,12.652120883771829],[79.13315590422167,12.65920620420303],[79.14229156650265,12.671763726614756],[79.16172664077192,12.68060327362224]]]}},{"id":"494","type":"Feature","properties":{"ST_NAME":"TAMIL NADU","AC_NO":35,"AC_NAME":"Madurantakam (SC)","DIST_NAME":"KANCHEEPURAM","PC_NAME":"KANCHEEPURAM (SC)"},"geometry":{"type":"Polygon","coordinates":[[[79.91840994296456,12.695940710195657],[79.95821059574246,12.698883224481278],[79.94424533845165,12.614267968292154],[79.97230391109667,12.555946795108582],[80.00356618812913,12.539910096074152],[80.01011139822253,12.526392729041277],[79.98480981152363,12.528408173598393],[79.99312731467387,12.512068900359509],[79.96746170489382,12.45583687207403],[79.99565977947532,12.432504377075418],[79.995904674761,12.389529862113477],[79.98405174509202,12.334057113445056],[79.95712808269491,12.343714920307377],[79.94390915208578,12.33951357189386],[79.94469230870317,12.352392869035725],[79.9244463876907,12.355833089725365],[79.92231095198889,12.3682823112797],[79.91002554644189,12.362437257573447],[79.90244265270633,12.367233582164147],[79.9003670713833,12.408343517439448],[79.88968168476202,12.407147073778503],[79.88671153341062,12.414379332640124],[79.89735026680142,12.424740719608565],[79.8866327995641,12.432193932903715],[79.8930730434862,12.439375618390102],[79.86122415936751,12.449263066237563],[79.85836498705459,12.460466016293651],[79.8386649473295,12.447812630648457],[79.82926761201077,12.452298936446823],[79.81545765414745,12.434995106139297],[79.81405237261896,12.427299345688311],[79.83024353291279,12.417024125463058],[79.83442322924867,12.423785204323792],[79.84448644059682,12.418332843186192],[79.8277379353575,12.387982002967135],[79.80865037981124,12.386254228150165],[79.79486163785435,12.396490621944679],[79.78388027085788,12.386315989990976],[79.79088278980896,12.381344887556565],[79.7877033284459,12.374336807197949],[79.80492702106523,12.366513300748295],[79.80617609754893,12.348593911479895],[79.7997285646216,12.348856472148498],[79.79766795701067,12.336893092242462],[79.77834034003473,12.33834311414347],[79.74861226324543,12.323903093952651],[79.70908215891455,12.337170617629965],[79.68292807966719,12.31600832612338],[79.65652478658967,12.326210750725636],[79.64227497301164,12.344918572034544],[79.6459177309186,12.361245225986465],[79.66388681042804,12.36657665528844],[79.6666996154949,12.37498227311346],[79.66000363046322,12.377340343182368],[79.6668235915356,12.388157047010168],[79.68562192780979,12.399967733723997],[79.69542814169546,12.39799276945081],[79.68917390365277,12.418271991459278],[79.70534539847142,12.41364753540546],[79.70336504186326,12.430060157350454],[79.71399142846172,12.427610981461669],[79.71571907197767,12.436267753853826],[79.73561445524297,12.428963393645745],[79.73256891732171,12.452915439695857],[79.74954824165809,12.458025222985725],[79.74424526420762,12.483420249245171],[79.72296406883675,12.497824074421544],[79.73815902671777,12.496020251133757],[79.75647983107939,12.5126643486808],[79.75571720058838,12.52472451992071],[79.74347510099517,12.532440855960772],[79.75576882796912,12.543821744977606],[79.75758256268517,12.560841808602618],[79.77501296627543,12.550297992358537],[79.79792853017756,12.56862846982807],[79.82510430132248,12.56921634315978],[79.8128134872527,12.589630832197201],[79.81789196334347,12.601574167114165],[79.80595639407238,12.628960393107718],[79.82627310072309,12.62024293896053],[79.84489828242982,12.6241782733087],[79.84627841261869,12.630774782530239],[79.8895165071811,12.631074064316692],[79.8984153959538,12.640666139730627],[79.92679233399906,12.63650233621388],[79.91840994296456,12.695940710195657]],[[79.96125944316884,12.451000604993965],[79.95846304443398,12.442039853656354],[79.9695440644071,12.432939961909767],[79.97265991672185,12.417369354512175],[79.98167001745742,12.431470713402746],[79.96125944316884,12.451000604993965]]]}},{"id":"495","type":"Feature","properties":{"ST_NAME":"TAMIL NADU","AC_NO":52,"AC_NAME":"Bargur","DIST_NAME":"KRISHNAGIRI","PC_NAME":"KRISHNAGIRI"},"geometry":{"type":"Polygon","coordinates":[[[78.41257438100291,12.62690429559683],[78.40730412988177,12.602200701401273],[78.4211650451308,12.570229290049724],[78.41524702762825,12.482337121960654],[78.44215018278476,12.450521548730535],[78.42612429809793,12.444692111751579],[78.41603863607423,12.42631253579492],[78.4108909733398,12.443560875234255],[78.39157115798264,12.452035846976798],[78.3685928285962,12.427667320390583],[78.36299898611435,12.41159547944784],[78.38608567031747,12.401014851254445],[78.40369425658474,12.378144185106123],[78.38635432569163,12.363940890759523],[78.38265748885209,12.318340225021416],[78.35064546501627,12.312059092752975],[78.33552811682921,12.317967804070975],[78.33064433316952,12.308193915416894],[78.32546994528178,12.290909644464591],[78.35537405626775,12.271335787716453],[78.34887267283563,12.25043807945383],[78.32958760638297,12.265396481462517],[78.31962220350192,12.259375608497578],[78.29985786674723,12.273532074245907],[78.26811261510517,12.261521141787341],[78.26107565301902,12.291782083976045],[78.23639909334355,12.302314777405115],[78.22553944598872,12.318025754584937],[78.24863498671533,12.31696625878584],[78.25844473763459,12.338364455055626],[78.24928165862173,12.347480958179744],[78.24988094435014,12.370930773336568],[78.23579093040718,12.375431280329394],[78.22686891197077,12.397577458033311],[78.24275105621632,12.417239114693416],[78.2628432866884,12.414615044049071],[78.24761244855569,12.453384475713051],[78.26323050058721,12.470351318358723],[78.24807238882971,12.492684484001757],[78.26190233682343,12.524692004932149],[78.2595436723027,12.543458714747942],[78.28564030105912,12.572223570861183],[78.29105832787957,12.643820529793686],[78.30015163838743,12.649428663402148],[78.30257493808296,12.666315987992505],[78.34355822273386,12.64878571378972],[78.37138638007741,12.6271547504914],[78.41257438100291,12.62690429559683]]]}},{"id":"496","type":"Feature","properties":{"ST_NAME":"TAMIL NADU","AC_NO":49,"AC_NAME":"Jolarpet","DIST_NAME":"VELLORE","PC_NAME":"TIRUVANNAMALAI"},"geometry":{"type":"Polygon","coordinates":[[[78.474244453219,12.647401437726216],[78.48814855661067,12.645356397379885],[78.50025353027627,12.626463537862037],[78.53680173541181,12.605295818047637],[78.54915494714317,12.631754960822832],[78.56369768340141,12.636844817834117],[78.5746464086049,12.656947457059573],[78.61027896809998,12.663875334079478],[78.62099846420779,12.629224274880414],[78.63273453956742,12.630730724743216],[78.63932599819634,12.616213119140184],[78.67391742964571,12.623215374589904],[78.7004239325185,12.592863598176564],[78.69121433067687,12.570924858995113],[78.6992678351425,12.556783852592787],[78.67555153827294,12.540272773769516],[78.65487221777869,12.551820348530327],[78.65316428110674,12.54287873206789],[78.62468427356043,12.541598145138323],[78.6263533838017,12.51806952508855],[78.6426720229955,12.512791649515066],[78.64157785023764,12.501603543668637],[78.59871166760945,12.482517507077318],[78.58376586150536,12.48532907467711],[78.56978081733092,12.475432737930532],[78.5631210192197,12.483588685969153],[78.52711854788271,12.491965594736484],[78.52768983771591,12.510509703460116],[78.5152058528679,12.495466463006892],[78.46804029482382,12.49332155024939],[78.45945994142323,12.463806655952453],[78.45727840377538,12.475525652287047],[78.4417643583385,12.48750354904962],[78.41794360341464,12.479704213678588],[78.41924373890748,12.513710324971555],[78.41301089213903,12.517271386665186],[78.4211650451308,12.570229290049724],[78.40978339978415,12.587628656237541],[78.40667907318073,12.620106108909852],[78.42703486526688,12.635290104954436],[78.46489191942658,12.624053545434833],[78.474244453219,12.647401437726216]]]}},{"id":"497","type":"Feature","properties":{"ST_NAME":"TAMIL NADU","AC_NO":50,"AC_NAME":"Tiruppattur","DIST_NAME":"VELLORE","PC_NAME":"TIRUVANNAMALAI"},"geometry":{"type":"Polygon","coordinates":[[[78.83198781228776,12.641088632234641],[78.85849349497886,12.633348964183426],[78.82083701481645,12.536696827396725],[78.7965101951894,12.497144518804532],[78.77584409742724,12.48361379593996],[78.77751656213968,12.4598478807751],[78.75852389316321,12.442790524962788],[78.76877339727451,12.43750149599731],[78.76867327575115,12.422528154450845],[78.7509459861684,12.385320770537191],[78.7291377341192,12.373888343172553],[78.70997357342173,12.304185674829057],[78.67839860661047,12.271847642254954],[78.64806792289636,12.258311251862835],[78.63519059167254,12.261210033016653],[78.64141614763719,12.282103780665011],[78.62368781304218,12.265080962416505],[78.60371637051412,12.262540561997412],[78.61303839300751,12.294433130684467],[78.60961231235837,12.30938489119984],[78.59837568089301,12.313265347118147],[78.59295963887627,12.307346035491207],[78.58849671994773,12.313400869554528],[78.6045853098642,12.331870705968356],[78.6111230672758,12.329997712224667],[78.61723266555515,12.347436336517774],[78.58438508880084,12.360640401333512],[78.56733501210118,12.389097041795083],[78.51405874691369,12.407419157368281],[78.50870321038491,12.39877296639935],[78.4956046207567,12.40672821093824],[78.4887170477536,12.381340625669395],[78.4635958857416,12.38588308423698],[78.46015642677776,12.379639928539916],[78.43450918924776,12.388825379987338],[78.45515155929706,12.422442029975741],[78.44988748202172,12.444247648810006],[78.41794360341464,12.479704213678588],[78.4417643583385,12.48750354904962],[78.45727840377538,12.475525652287047],[78.45945994142323,12.463806655952453],[78.46804029482382,12.49332155024939],[78.5152058528679,12.495466463006892],[78.52768983771591,12.510509703460116],[78.52711854788271,12.491965594736484],[78.5631210192197,12.483588685969153],[78.56978081733092,12.475432737930532],[78.58376586150536,12.48532907467711],[78.6318360529915,12.492056394786857],[78.64157785023764,12.501603543668637],[78.6698831725704,12.49541309274008],[78.65952799092412,12.463081505607022],[78.67513755335546,12.4490777213598],[78.70427460648796,12.485348199659711],[78.72267634983376,12.466411401964706],[78.74101937914111,12.495872969162235],[78.76169680656244,12.500645980627553],[78.76882274937043,12.528125850327797],[78.806421960705,12.536221488930607],[78.83108775099896,12.609198848747894],[78.83198781228776,12.641088632234641]]]}},{"id":"498","type":"Feature","properties":{"ST_NAME":"TAMIL NADU","AC_NO":53,"AC_NAME":"Krishnagiri","DIST_NAME":"KRISHNAGIRI","PC_NAME":"KRISHNAGIRI"},"geometry":{"type":"Polygon","coordinates":[[[78.27382539382694,12.610276946124202],[78.28722782210639,12.61537531971527],[78.28564030105912,12.572223570861183],[78.2595436723027,12.543458714747942],[78.26190233682343,12.524692004932149],[78.24807238882971,12.492684484001757],[78.26323050058721,12.470351318358723],[78.24761244855569,12.453384475713051],[78.2628432866884,12.414615044049071],[78.24275105621632,12.417239114693416],[78.22686891197077,12.397577458033311],[78.23579093040718,12.375431280329394],[78.24988094435014,12.370930773336568],[78.24928165862173,12.347480958179744],[78.25844473763459,12.338364455055626],[78.24863498671533,12.31696625878584],[78.23713460747621,12.322393503657338],[78.23489949631477,12.344637118408343],[78.20331576740881,12.327669475366065],[78.17605536556272,12.332828183573838],[78.16393803880948,12.350789642228278],[78.16572906294596,12.363474517634927],[78.142997563287,12.370132021575557],[78.12988290727043,12.393562727937592],[78.13174014129453,12.424858292476245],[78.10978651563522,12.438115582767978],[78.11508981324437,12.450755537038447],[78.0961406390793,12.442762662167183],[78.0477781481431,12.475174422961288],[78.06253089678353,12.532403278688435],[78.0714572220732,12.534484317097622],[78.0818208879237,12.558321498138696],[78.09180728907518,12.560104729649595],[78.11250976981006,12.611309650220221],[78.14141084623361,12.599420411322967],[78.13284514278917,12.580424163944087],[78.17050534884282,12.578528038738057],[78.17745245966336,12.562823614018612],[78.20066410286609,12.568644154004573],[78.2049906072308,12.579065223581267],[78.19798137573997,12.604908970172858],[78.20423932888195,12.61459313886229],[78.21873869893187,12.61285252982043],[78.22314923594854,12.599293663571757],[78.2396401357837,12.589019789631664],[78.2485156430825,12.599353591694978],[78.26280522737937,12.591656416610363],[78.26702233731106,12.617254847033621],[78.27382539382694,12.610276946124202]]]}},{"id":"499","type":"Feature","properties":{"ST_NAME":"TAMIL NADU","AC_NO":69,"AC_NAME":"Vandavasi (SC)","DIST_NAME":"TIRUVANNAMALAI","PC_NAME":"ARANI"},"geometry":{"type":"Polygon","coordinates":[[[79.42382174207978,12.594319728272865],[79.42468121156872,12.582279025556659],[79.44314174359664,12.578331616011326],[79.45975870230234,12.591496985697404],[79.47951784637155,12.543561470385612],[79.49210106061554,12.582172020622295],[79.49949434039155,12.583721101947333],[79.51525301851206,12.563474662026067],[79.53648729445314,12.569936568817639],[79.54958016799043,12.561560561171007],[79.5703271705625,12.564907123764783],[79.572186768005,12.548642669623575],[79.5866298845616,12.540187332779226],[79.60407384093509,12.564579868566113],[79.62740200659738,12.567825645037544],[79.66276282964094,12.542262912303613],[79.68014448997627,12.557448079265498],[79.69289213266586,12.55813311984764],[79.69348163466975,12.573028036914423],[79.7065396522832,12.572295893440753],[79.7197751466058,12.564484374953963],[79.71497830040829,12.549457454497997],[79.75571720058838,12.52472451992071],[79.74924132103018,12.50364823507806],[79.73815902671777,12.496020251133757],[79.72296406883675,12.497824074421544],[79.74424526420762,12.483420249245171],[79.74954824165809,12.458025222985725],[79.73256891732171,12.452915439695857],[79.73561445524297,12.428963393645745],[79.71571907197767,12.436267753853826],[79.71399142846172,12.427610981461669],[79.70336504186326,12.430060157350454],[79.70534539847142,12.41364753540546],[79.68917390365277,12.418271991459278],[79.69542814169546,12.39799276945081],[79.68562192780979,12.399967733723997],[79.6668235915356,12.388157047010168],[79.66000363046322,12.377340343182368],[79.6666996154949,12.37498227311346],[79.66388681042804,12.36657665528844],[79.6459177309186,12.361245225986465],[79.64227497301164,12.344918572034544],[79.62139630069879,12.349531207399366],[79.62077322340559,12.374234662199967],[79.60965494541944,12.378218234384065],[79.59763051683495,12.347876129279996],[79.53076591551462,12.370144554527599],[79.5182884723352,12.353003992540266],[79.49685053232628,12.345713002553055],[79.48873237649804,12.350374098785665],[79.49346588074587,12.371035342906794],[79.48594431088128,12.375474416311306],[79.47269808315008,12.365852169542052],[79.45078239449197,12.37510713048971],[79.44861307143617,12.39579664839664],[79.44069660116725,12.388985024939018],[79.43626500562556,12.394185372656864],[79.43875872043867,12.408007304093871],[79.42723154499987,12.400951543478982],[79.42065334057924,12.410574937783224],[79.4113109709246,12.406832621328476],[79.40088520778619,12.43230204130623],[79.41774792242876,12.450369426607779],[79.40416119967966,12.455275779653562],[79.41560896767976,12.47594753235279],[79.41841542083506,12.48950120052001],[79.40985959914127,12.504296067109863],[79.42144860387003,12.531177512632155],[79.41070306969095,12.542656979935714],[79.4137297209499,12.549033898095956],[79.39602593964548,12.555547855848943],[79.40340303162469,12.587396368547616],[79.40881593860473,12.594601002933985],[79.42382174207978,12.594319728272865]]]}},{"id":"500","type":"Feature","properties":{"ST_NAME":"TAMIL NADU","AC_NO":62,"AC_NAME":"Chengam (SC)","DIST_NAME":"TIRUVANNAMALAI","PC_NAME":"TIRUVANNAMALAI"},"geometry":{"type":"Polygon","coordinates":[[[78.83661100659276,12.581630742065158],[78.87181041931547,12.582523014325716],[78.89588880572387,12.5554969047584],[78.89654138257879,12.52024117648915],[78.88193665425325,12.502977996437437],[78.87471575113108,12.469401330307221],[78.89402084368703,12.440618385230323],[78.87608502380488,12.423404239813863],[78.89406860398293,12.396667009574855],[78.89536730955376,12.377297404151932],[78.8771242587776,12.366525655634575],[78.86728975941492,12.372942930871602],[78.8674835929935,12.358378358174718],[78.85117387687296,12.346520941788071],[78.8492318619609,12.331117637069326],[78.83395430674591,12.326634820640493],[78.83619643261932,12.29069780196204],[78.85840129288539,12.278509209332583],[78.87299250799788,12.279255552202017],[78.87425187182646,12.266707750562261],[78.89126739297586,12.279787898692632],[78.90065490769791,12.268518449167118],[78.91411268655128,12.275871526549736],[78.93188632989029,12.270133042505961],[78.94356115512329,12.286749734113016],[78.97651996902141,12.273255536314025],[79.00995822679079,12.283109643595253],[79.02227169208498,12.275948019285693],[78.99608463289957,12.245946734754057],[79.00717324045274,12.236530172829248],[78.99680932459074,12.22904060533972],[79.00710017323445,12.224179009753527],[79.00803343839254,12.209402448863955],[78.97731966686916,12.202605442986851],[78.96992340494126,12.213495885826546],[78.98283031126988,12.23889439246227],[78.96112672142112,12.24699219303534],[78.959141952739,12.224261430820434],[78.94902456802947,12.213239434252557],[78.97728866184235,12.182977197040088],[78.97435007849339,12.177004391039873],[78.95680949176472,12.17897647118724],[78.960989714204,12.11390904176892],[78.96629483294026,12.11308920540256],[78.9720607193268,12.140750198562841],[78.98421344609375,12.147348055868122],[78.99169351044719,12.137035799762373],[78.98437960213698,12.12858336772831],[78.98368624102727,12.09981652681131],[79.00479392569918,12.088869785512259],[78.9885640864635,12.055009123372372],[78.98024838285664,12.065758822311864],[78.95796651454305,12.068349918414071],[78.91469861914601,12.014616240047474],[78.87949279605573,12.026827759093862],[78.83007014202349,12.007752122262673],[78.80416990991347,12.019482799891364],[78.77572381490222,12.007037289839104],[78.7573549741528,12.011623358331349],[78.7374982851178,11.987353138436617],[78.70265545898229,11.986589086117476],[78.69733092568174,11.992154442573508],[78.7036503510829,12.029411146207508],[78.72753408463035,12.100198272832074],[78.74541527969149,12.123818794601732],[78.73784750355952,12.134074334063314],[78.68420522059449,12.106304494157143],[78.66111329064591,12.10226247143595],[78.66452407652497,12.114925404284008],[78.65698669208223,12.125020272667484],[78.63141653094823,12.127965479523311],[78.64750396793386,12.162559981258198],[78.63336141020096,12.177278901899854],[78.6439867751696,12.205255469864085],[78.65680348399366,12.197746844841049],[78.67131202443045,12.220432714698063],[78.66452219514326,12.234029713100824],[78.6505545528504,12.240531676595651],[78.64806792289636,12.258311251862835],[78.67839860661047,12.271847642254954],[78.70997357342173,12.304185674829057],[78.7291377341192,12.373888343172553],[78.7509459861684,12.385320770537191],[78.76867327575115,12.422528154450845],[78.76877339727451,12.43750149599731],[78.75852389316321,12.442790524962788],[78.77751656213968,12.4598478807751],[78.77584409742724,12.48361379593996],[78.80590136385689,12.50986918741313],[78.83661100659276,12.581630742065158]]]}},{"id":"501","type":"Feature","properties":{"ST_NAME":"TAMIL NADU","AC_NO":34,"AC_NAME":"Cheyyur (SC)","DIST_NAME":"KANCHEEPURAM","PC_NAME":"KANCHEEPURAM (SC)"},"geometry":{"type":"MultiPolygon","coordinates":[[[[79.98167001745742,12.431470713402746],[79.97265991672185,12.417369354512175],[79.9695440644071,12.432939961909767],[79.95846304443398,12.442039853656354],[79.96125944316884,12.451000604993965],[79.98167001745742,12.431470713402746]]],[[[79.96462157032926,12.57679766398104],[79.9949322387319,12.572029447700913],[80.0083510814373,12.553513333073909],[80.02609333483957,12.55032369768054],[80.0317855235831,12.563342236854794],[80.05983423875915,12.542404308212326],[80.06352519133458,12.552107088371486],[80.056572534395,12.561575722841383],[80.07639324785015,12.567042827464547],[80.10025634285597,12.541876570747206],[80.11916295750456,12.548905477605729],[80.12606949541095,12.540692794936604],[80.14036302413433,12.558798959904152],[80.1541177204565,12.529748572638539],[80.1652455339543,12.525858817730295],[80.15388403701877,12.4483365307064],[80.13765406828071,12.410563057738955],[80.05675460484122,12.326175245491243],[80.00425626941137,12.247764957986476],[79.98685489054083,12.249794374410897],[79.97743107468443,12.235403481485548],[79.95599351508872,12.227683970838655],[79.92529496099371,12.247491531708874],[79.9244328771756,12.23069512048346],[79.91405939612429,12.235072196424767],[79.90082738037938,12.228940620513299],[79.87268163734774,12.242486022112303],[79.84075177377542,12.279160550519066],[79.82764978830716,12.312058067525868],[79.81862283877302,12.311964886970031],[79.79766795701067,12.336893092242462],[79.7997285646216,12.348856472148498],[79.80617609754893,12.348593911479895],[79.80492702106523,12.366513300748295],[79.7877033284459,12.374336807197949],[79.79088278980896,12.381344887556565],[79.78388027085788,12.386315989990976],[79.79486163785435,12.396490621944679],[79.80865037981124,12.386254228150165],[79.8277379353575,12.387982002967135],[79.84448644059682,12.418332843186192],[79.83442322924867,12.423785204323792],[79.83024353291279,12.417024125463058],[79.81405237261896,12.427299345688311],[79.81545765414745,12.434995106139297],[79.82926761201077,12.452298936446823],[79.8386649473295,12.447812630648457],[79.85836498705459,12.460466016293651],[79.86122415936751,12.449263066237563],[79.8930730434862,12.439375618390102],[79.8866327995641,12.432193932903715],[79.89735026680142,12.424740719608565],[79.88671153341062,12.414379332640124],[79.88968168476202,12.407147073778503],[79.9003670713833,12.408343517439448],[79.90244265270633,12.367233582164147],[79.91002554644189,12.362437257573447],[79.92231095198889,12.3682823112797],[79.9244463876907,12.355833089725365],[79.94469230870317,12.352392869035725],[79.94390915208578,12.33951357189386],[79.95712808269491,12.343714920307377],[79.98405174509202,12.334057113445056],[79.995904674761,12.389529862113477],[79.99565977947532,12.432504377075418],[79.96746170489382,12.45583687207403],[79.99312731467387,12.512068900359509],[79.98480981152363,12.528408173598393],[80.01011139822253,12.526392729041277],[80.00356618812913,12.539910096074152],[79.97230391109667,12.555946795108582],[79.96462157032926,12.57679766398104]]]]}},{"id":"502","type":"Feature","properties":{"ST_NAME":"TAMIL NADU","AC_NO":57,"AC_NAME":"Palacodu","DIST_NAME":"DHARMAPURI","PC_NAME":"DHARMAPURI"},"geometry":{"type":"Polygon","coordinates":[[[77.9389308078106,12.51796158216132],[77.95605560827977,12.483033005668744],[77.98784602477429,12.512478067608754],[77.99396143447268,12.500602427360207],[78.01553272415595,12.50456817408201],[78.01901363107424,12.459077652811459],[78.03198893174385,12.44748349856468],[78.03997301574213,12.472969462470758],[78.0477781481431,12.475174422961288],[78.0961406390793,12.442762662167183],[78.11508981324437,12.450755537038447],[78.10978651563522,12.438115582767978],[78.13174014129453,12.424858292476245],[78.12988290727043,12.393562727937592],[78.142997563287,12.370132021575557],[78.16572906294596,12.363474517634927],[78.16393803880948,12.350789642228278],[78.17605536556272,12.332828183573838],[78.20331576740881,12.327669475366065],[78.23903381286021,12.343724367685468],[78.23713460747621,12.322393503657338],[78.22553944598872,12.318025754584937],[78.23639909334355,12.302314777405115],[78.26107565301902,12.291782083976045],[78.26811261510517,12.261521141787341],[78.27642003955322,12.26146635418894],[78.25348428677046,12.22554759714393],[78.2231975655153,12.21718038037028],[78.20287200953567,12.201048774081698],[78.20207374160992,12.207387926111949],[78.1811294259823,12.20718303806683],[78.1694014085482,12.19984978893666],[78.1708410675613,12.19328417772266],[78.1453319757901,12.186650449158947],[78.13985703087735,12.229365031271243],[78.13028564436706,12.244886318948488],[78.11605603675673,12.230707934023997],[78.09859860044509,12.249429850407296],[78.08973282291151,12.237176936466483],[78.08351193712627,12.245313130896307],[78.0744930086455,12.240709648831285],[78.07201304896307,12.268113176881684],[78.05042112253682,12.275543925112117],[77.99877730223079,12.25994023705232],[77.97825186473182,12.258624124204005],[77.95806788272665,12.269234246563258],[77.92764451758046,12.309186087967646],[77.92538329550274,12.32387256556649],[77.95148051781172,12.337113497190217],[77.94961384180539,12.373906201909733],[77.96975481283442,12.397229282805199],[77.97160314986553,12.412416026278663],[77.94660332078666,12.44848413643382],[77.9276001369368,12.453280338716695],[77.930378100469,12.474592057077814],[77.9189428681189,12.493502431791853],[77.89146574314958,12.499183685678588],[77.90868195700676,12.511507210789205],[77.91961786237448,12.505260771667338],[77.9389308078106,12.51796158216132]]]}},{"id":"503","type":"Feature","properties":{"ST_NAME":"TAMIL NADU","AC_NO":51,"AC_NAME":"Uthangarai (SC)","DIST_NAME":"KRISHNAGIRI","PC_NAME":"KRISHNAGIRI"},"geometry":{"type":"Polygon","coordinates":[[[78.4108909733398,12.443560875234255],[78.41603863607423,12.42631253579492],[78.42612429809793,12.444692111751579],[78.44215018278476,12.450521548730535],[78.44988748202172,12.444247648810006],[78.45515155929706,12.422442029975741],[78.43450918924776,12.388825379987338],[78.46015642677776,12.379639928539916],[78.4635958857416,12.38588308423698],[78.4887170477536,12.381340625669395],[78.4956046207567,12.40672821093824],[78.50870321038491,12.39877296639935],[78.51405874691369,12.407419157368281],[78.56733501210118,12.389097041795083],[78.58438508880084,12.360640401333512],[78.61723266555515,12.347436336517774],[78.6111230672758,12.329997712224667],[78.6045853098642,12.331870705968356],[78.58849671994773,12.313400869554528],[78.59295963887627,12.307346035491207],[78.59837568089301,12.313265347118147],[78.60961231235837,12.30938489119984],[78.61303839300751,12.294433130684467],[78.60371637051412,12.262540561997412],[78.62368781304218,12.265080962416505],[78.64141614763719,12.282103780665011],[78.63519059167254,12.261210033016653],[78.64806792289636,12.258311251862835],[78.6505545528504,12.240531676595651],[78.66452219514326,12.234029713100824],[78.67131202443045,12.220432714698063],[78.66668121736433,12.20771560758925],[78.65680348399366,12.197746844841049],[78.6439867751696,12.205255469864085],[78.63336141020096,12.177278901899854],[78.61328690806442,12.183695339868109],[78.58429876107903,12.164308201262543],[78.5727279118637,12.194121101207884],[78.55370963109465,12.18046658846231],[78.51541314030425,12.17781400301385],[78.50671005642403,12.144244002658638],[78.49122794231573,12.141173657838067],[78.46644646862967,12.150752363930508],[78.47351635669457,12.171638933190252],[78.4434851679062,12.19123011717619],[78.41161219994314,12.1957826580433],[78.39077434426065,12.185583524060462],[78.37492667732437,12.194641448044422],[78.37858552859933,12.206089984964876],[78.39244915890163,12.206259368674978],[78.40262170083088,12.223373851222277],[78.35462529422199,12.225592925673027],[78.35827045062086,12.235434577343938],[78.34887267283563,12.25043807945383],[78.35537405626775,12.271335787716453],[78.32546994528178,12.290909644464591],[78.33552811682921,12.317967804070975],[78.35064546501627,12.312059092752975],[78.38265748885209,12.318340225021416],[78.38635432569163,12.363940890759523],[78.40369425658474,12.378144185106123],[78.38608567031747,12.401014851254445],[78.36299898611435,12.41159547944784],[78.37674704543986,12.442276525541274],[78.39010747537975,12.443599299667994],[78.39157115798264,12.452035846976798],[78.4108909733398,12.443560875234255]]]}},{"id":"504","type":"Feature","properties":{"ST_NAME":"TAMIL NADU","AC_NO":70,"AC_NAME":"Vandavasi (SC)","DIST_NAME":"VILUPPURAM","PC_NAME":"ARANI"},"geometry":{"type":"Polygon","coordinates":[[[79.22692466434182,12.40230517064714],[79.23120674939202,12.442769259593717],[79.25658235029528,12.448156120408669],[79.30878922983914,12.438524016170447],[79.32487601391699,12.450768528644744],[79.36241829996465,12.43917330780198],[79.38250112352807,12.442591496000773],[79.40179104542045,12.435924219127457],[79.40805604205275,12.410616478367842],[79.41699472942327,12.408338519007486],[79.4109246950187,12.378984678899883],[79.41899062181977,12.367185487320455],[79.39318254413917,12.311571337347402],[79.40061969374392,12.291959932105215],[79.4154208205145,12.291660882343876],[79.4263135943969,12.277872780704342],[79.43244544460163,12.239059126677375],[79.4103944610356,12.227474856879212],[79.40711181056167,12.21345107980352],[79.41379025521616,12.206992495107613],[79.40772904136224,12.201134608975053],[79.41934009027301,12.200271784115614],[79.42570847836362,12.164778452263818],[79.4416128637427,12.152146531637186],[79.42995618503,12.132490814999187],[79.41835264815626,12.12574388247424],[79.40588714527559,12.129320266816933],[79.4059095249047,12.117825065874115],[79.38654007326585,12.119621800705602],[79.36928263268743,12.11406808147683],[79.36670035623649,12.105080942231723],[79.33875319700252,12.100977943677208],[79.33759907543703,12.085522848800508],[79.30086136605928,12.087209215233145],[79.2906877710239,12.07493028570417],[79.26635929214768,12.077654762057648],[79.26011375234788,12.082535191246109],[79.27752688176025,12.1070849752914],[79.27703794644412,12.12538000148595],[79.25860720535832,12.13013944128221],[79.23771429947539,12.154127282148409],[79.21107662418689,12.16570746902454],[79.2092204108933,12.186942098399186],[79.21810173140983,12.197787095797878],[79.22296868965338,12.183566032646354],[79.23470839917331,12.183500901945138],[79.23338214107304,12.198024541099755],[79.21552441921665,12.211523680673395],[79.23579117662155,12.21149981536422],[79.23715621168986,12.217133603033403],[79.2250290265684,12.221272364927756],[79.24787129932105,12.240596288388076],[79.24076334475262,12.2484276684022],[79.24375230182733,12.272490510029058],[79.27957158935743,12.291707063430295],[79.27347281441888,12.305300700167209],[79.2850589467131,12.306383778888346],[79.2891759818861,12.318057537525362],[79.2514808884323,12.323216154901672],[79.23403936202698,12.315679363112167],[79.23428501004526,12.329958601608212],[79.19797915421464,12.342955334021497],[79.23887830728813,12.346325300572232],[79.22455809208236,12.367769441406665],[79.24370468542293,12.372920306626895],[79.2482208334248,12.383928798075601],[79.24232251826965,12.397259262604962],[79.22692466434182,12.40230517064714]]]}},{"id":"505","type":"Feature","properties":{"ST_NAME":"TAMIL NADU","AC_NO":64,"AC_NAME":"Kilpennathur","DIST_NAME":"TIRUVANNAMALAI","PC_NAME":"TIRUVANNAMALAI"},"geometry":{"type":"Polygon","coordinates":[[[79.17687830978622,12.381658099841502],[79.22692466434182,12.40230517064714],[79.24232251826965,12.397259262604962],[79.2482208334248,12.383928798075601],[79.24370468542293,12.372920306626895],[79.22455809208236,12.367769441406665],[79.23887830728813,12.346325300572232],[79.19797915421464,12.342955334021497],[79.23428501004526,12.329958601608212],[79.23403936202698,12.315679363112167],[79.2514808884323,12.323216154901672],[79.2891759818861,12.318057537525362],[79.2850589467131,12.306383778888346],[79.27347281441888,12.305300700167209],[79.27957158935743,12.291707063430295],[79.24375230182733,12.272490510029058],[79.24076334475262,12.2484276684022],[79.24787129932105,12.240596288388076],[79.2250290265684,12.221272364927756],[79.23715621168986,12.217133603033403],[79.23579117662155,12.21149981536422],[79.21552441921665,12.211523680673395],[79.23338214107304,12.198024541099755],[79.23470839917331,12.183500901945138],[79.22296868965338,12.183566032646354],[79.21810173140983,12.197787095797878],[79.2092204108933,12.186942098399186],[79.21107662418689,12.16570746902454],[79.23771429947539,12.154127282148409],[79.25860720535832,12.13013944128221],[79.27703794644412,12.12538000148595],[79.27752688176025,12.1070849752914],[79.26011375234788,12.082535191246109],[79.23809516326122,12.077206744096031],[79.23397767213191,12.059987084936097],[79.2007978966057,12.070619791969875],[79.18979617885066,12.048546980958463],[79.17635912397446,12.047443895019796],[79.1727314476982,12.030404134443302],[79.14713422506452,12.044336168079724],[79.12506601138739,12.018827502587214],[79.11223692879128,12.026504309826066],[79.1065798927479,12.019671215953906],[79.07882014773168,12.031533627175179],[79.07654784420771,12.044316119493374],[79.08756957907286,12.042515218102892],[79.09810276982705,12.066018471875054],[79.09061414752495,12.078121163960589],[79.10099653006586,12.098077422335223],[79.08703593845786,12.106348745298419],[79.09308378568824,12.12492212875327],[79.10870487293158,12.118014090777706],[79.11286433272284,12.133442464997813],[79.12948486173701,12.132226880166456],[79.12908480731807,12.157416256654983],[79.13706186131589,12.154980576892171],[79.14202025992711,12.16442869063161],[79.12892209837622,12.167099666316574],[79.12446557092943,12.187593753448994],[79.1154568767335,12.190360533911587],[79.13650964700264,12.200765717863646],[79.13183254463627,12.210789255619716],[79.14578267083363,12.212762974331838],[79.13008806491234,12.217701020385846],[79.126461189932,12.22669019749469],[79.13560616649147,12.23748277431065],[79.12757265935079,12.24313196916512],[79.13023111107697,12.257471183448388],[79.112088170133,12.270626117401434],[79.11443518663464,12.280457594142717],[79.09484421039207,12.288011671801257],[79.08755069330988,12.281189543362757],[79.0730228642139,12.290176366945843],[79.07201253255238,12.28037456153686],[79.05467020856332,12.280262838759029],[79.02640943145013,12.33744550350724],[79.03262424771094,12.360884890125647],[79.00965412194023,12.390654584841286],[79.00733403563731,12.414987522556146],[79.03565748380589,12.419011498581824],[79.02904475351261,12.395860053298861],[79.04471417392006,12.396726524009921],[79.0462324849413,12.412630947160551],[79.05601653323646,12.412262851949095],[79.05845274269996,12.421831713163101],[79.07879577340628,12.422781311808137],[79.0870409090108,12.409028148830032],[79.12150492811003,12.40083918577983],[79.12202201940073,12.433039676040266],[79.13640838423959,12.435235412184568],[79.1435034740062,12.417243053724007],[79.13856312119117,12.403522081079245],[79.17437721603574,12.41141016964366],[79.17687830978622,12.381658099841502]]]}},{"id":"506","type":"Feature","properties":{"ST_NAME":"TAMIL NADU","AC_NO":71,"AC_NAME":"Mailam","DIST_NAME":"VILUPPURAM","PC_NAME":"ARANI"},"geometry":{"type":"Polygon","coordinates":[[[79.42065334057924,12.410574937783224],[79.42723154499987,12.400951543478982],[79.43875872043867,12.408007304093871],[79.43626500562556,12.394185372656864],[79.44069660116725,12.388985024939018],[79.44861307143617,12.39579664839664],[79.45078239449197,12.37510713048971],[79.47269808315008,12.365852169542052],[79.48594431088128,12.375474416311306],[79.49346588074587,12.371035342906794],[79.48873237649804,12.350374098785665],[79.49685053232628,12.345713002553055],[79.5182884723352,12.353003992540266],[79.53076591551462,12.370144554527599],[79.59763051683495,12.347876129279996],[79.60233359072271,12.37235348102837],[79.60965494541944,12.378218234384065],[79.62077322340559,12.374234662199967],[79.62139630069879,12.349531207399366],[79.64227497301164,12.344918572034544],[79.65652478658967,12.326210750725636],[79.68292807966719,12.31600832612338],[79.68593234500179,12.306150329274317],[79.70883621412003,12.302863758655576],[79.70497380129996,12.295287865242813],[79.69105904184136,12.297029338533207],[79.68470880926418,12.28183592838542],[79.69286016986104,12.271429656253702],[79.68117243306142,12.269027385405536],[79.67962652454452,12.261158254549855],[79.64081742738244,12.270289078478243],[79.63291749384734,12.240075109678628],[79.61221310295241,12.225541988971656],[79.60708724787827,12.187727010493177],[79.6179680113147,12.186264675074767],[79.61534055382356,12.151210389547884],[79.6242355206528,12.149092703765291],[79.63826388786816,12.159734281711792],[79.64573282491,12.148630677963467],[79.6660196713708,12.150407912795004],[79.68261498249552,12.166863599675423],[79.69062314853954,12.142415263653561],[79.67198043185152,12.121079425475159],[79.64784662382272,12.114325465647767],[79.65106163898349,12.093888197682247],[79.63314360139617,12.057101651520043],[79.60287430180762,12.063196090826978],[79.58795743318905,12.060321547301612],[79.58444405175163,12.044470178755773],[79.57239193843725,12.046655121236881],[79.5777311306872,12.066544163382503],[79.5675433569404,12.07208632452432],[79.56801974221736,12.0810147668181],[79.52040111831701,12.089470189997314],[79.51591701945495,12.11801619788929],[79.52594661504429,12.128330849788938],[79.51835139160352,12.139406200435872],[79.49818339594702,12.147236961716487],[79.49096043697466,12.137059228900341],[79.47815516662769,12.136662558630235],[79.4740155332903,12.15078607321874],[79.47139865362504,12.139261571464374],[79.4340204794616,12.140378685927658],[79.4416128637427,12.152146531637186],[79.42570847836362,12.164778452263818],[79.41934009027301,12.200271784115614],[79.40772904136224,12.201134608975053],[79.41379025521616,12.206992495107613],[79.40711181056167,12.21345107980352],[79.4103944610356,12.227474856879212],[79.43244544460163,12.239059126677375],[79.4263135943969,12.277872780704342],[79.4154208205145,12.291660882343876],[79.40061969374392,12.291959932105215],[79.39318254413917,12.311571337347402],[79.41217862694214,12.341832479185598],[79.41899062181977,12.367185487320455],[79.4109246950187,12.378984678899883],[79.42065334057924,12.410574937783224]]]}},{"id":"507","type":"Feature","properties":{"ST_NAME":"TAMIL NADU","AC_NO":58,"AC_NAME":"Pennagaram","DIST_NAME":"DHARMAPURI","PC_NAME":"DHARMAPURI"},"geometry":{"type":"Polygon","coordinates":[[[77.95806788272665,12.269234246563258],[77.99877730223079,12.25994023705232],[78.05042112253682,12.275543925112117],[78.07201304896307,12.268113176881684],[78.0744930086455,12.240709648831285],[78.08351193712627,12.245313130896307],[78.08973282291151,12.237176936466483],[78.09859860044509,12.249429850407296],[78.11605603675673,12.230707934023997],[78.13028564436706,12.244886318948488],[78.13985703087735,12.229365031271243],[78.1453319757901,12.186650449158947],[78.11347500406822,12.178306514933752],[78.09494846809736,12.193754338791734],[78.07303077664909,12.186722232145371],[78.06378708420664,12.192845445261128],[78.0551874169658,12.18208486002834],[78.03925711762196,12.180714391256174],[78.01246667359817,12.137115617291954],[77.97147554865768,12.136843713566577],[77.95234692557023,12.124163943611165],[77.95673089661364,12.100695844337793],[77.95071830460614,12.088793717256294],[77.93817535121156,12.08777888268935],[77.93645816771033,12.095641775847355],[77.9291509692419,12.079141330607968],[77.95315518586318,12.076679492264816],[77.97559987913115,12.055205428287934],[78.01200019525288,12.070384691200616],[78.03944651124755,12.052986870947393],[78.00955993434354,12.015225120642867],[78.00099416075199,12.024412395016043],[77.98196795695571,12.018777655864199],[77.9648777318219,11.990478808650153],[77.96958297487447,11.981619368638974],[77.95925631972341,11.974737541404465],[77.9539950528295,11.97906666189698],[77.96567654473682,11.967750745300691],[77.94797714852666,11.966284388114047],[77.93705267893802,11.952968131973762],[77.92912145619033,11.907706846094129],[77.93446401190471,11.900344947261544],[77.9051028522149,11.900410720978016],[77.8672606602513,11.91593189084415],[77.85007359611961,11.905052968319865],[77.84756033184391,11.894595872801347],[77.80742052134002,11.90919937355227],[77.76236744380253,11.910089344447726],[77.73756912041864,11.940232697580996],[77.69125187397486,11.94191043411928],[77.67564614175609,11.95204220258563],[77.67470191656025,11.966038550338851],[77.70887740526808,12.03610653318998],[77.727506295779,12.062127219595538],[77.75565791408155,12.079798389683958],[77.77636397771545,12.112342732131424],[77.75086951431666,12.137070929080153],[77.74613820351533,12.157403981808386],[77.77499325803251,12.170338510813679],[77.77789187461036,12.158688735296948],[77.79541865314837,12.147551219912941],[77.81492316317349,12.234098685705817],[77.8469105626724,12.263576826509393],[77.85926533292883,12.257572699820287],[77.86731296032491,12.26593846688678],[77.87518350221688,12.294479847766809],[77.8753532618436,12.324582488591034],[77.86911347590626,12.328515324622572],[77.878056793886,12.334747824252759],[77.92538329550274,12.32387256556649],[77.92764451758046,12.309186087967646],[77.95806788272665,12.269234246563258]]]}},{"id":"508","type":"Feature","properties":{"ST_NAME":"TAMIL NADU","AC_NO":72,"AC_NAME":"Tindivanam (SC)","DIST_NAME":"VILUPPURAM","PC_NAME":"VILUPPURAM (SC)"},"geometry":{"type":"Polygon","coordinates":[[[79.74861226324543,12.323903093952651],[79.77834034003473,12.33834311414347],[79.79766795701067,12.336893092242462],[79.81862283877302,12.311964886970031],[79.82764978830716,12.312058067525868],[79.84075177377542,12.279160550519066],[79.87268163734774,12.242486022112303],[79.90082738037938,12.228940620513299],[79.91405939612429,12.235072196424767],[79.9244328771756,12.23069512048346],[79.92529496099371,12.247491531708874],[79.95599351508872,12.227683970838655],[79.97743107468443,12.235403481485548],[79.98685489054083,12.249794374410897],[80.00425626941137,12.247764957986476],[79.87379284776176,12.042623533349456],[79.84880742582209,12.049152579927693],[79.85130218654672,12.118565984033012],[79.86385378962075,12.160963965214876],[79.84230818817241,12.169131132295945],[79.82591343125989,12.158067145482448],[79.80645219391369,12.16789064973375],[79.79090008107391,12.164325692176988],[79.76161993681069,12.186986938596363],[79.75374228937523,12.179360373782288],[79.70920305117994,12.17664713445771],[79.6958910785105,12.139465917218331],[79.68261498249552,12.166863599675423],[79.6660196713708,12.150407912795004],[79.64573282491,12.148630677963467],[79.63826388786816,12.159734281711792],[79.6242355206528,12.149092703765291],[79.61124481369723,12.155920620240465],[79.6179680113147,12.186264675074767],[79.60708724787827,12.187727010493177],[79.61221310295241,12.225541988971656],[79.63291749384734,12.240075109678628],[79.64081742738244,12.270289078478243],[79.67962652454452,12.261158254549855],[79.68117243306142,12.269027385405536],[79.69286016986104,12.271429656253702],[79.68598649677944,12.288811253636482],[79.70883621412003,12.302863758655576],[79.68593234500179,12.306150329274317],[79.68292807966719,12.31600832612338],[79.69873832311515,12.324821524793606],[79.7011309388418,12.335153444575838],[79.74861226324543,12.323903093952651]]]}},{"id":"509","type":"Feature","properties":{"ST_NAME":"TAMIL NADU","AC_NO":63,"AC_NAME":"Tiruvannamalai","DIST_NAME":"TIRUVANNAMALAI","PC_NAME":"TIRUVANNAMALAI"},"geometry":{"type":"Polygon","coordinates":[[[79.04122556790571,12.302592411610533],[79.05467020856332,12.280262838759029],[79.07201253255238,12.28037456153686],[79.0730228642139,12.290176366945843],[79.08755069330988,12.281189543362757],[79.09484421039207,12.288011671801257],[79.11443518663464,12.280457594142717],[79.112088170133,12.270626117401434],[79.13023111107697,12.257471183448388],[79.12757265935079,12.24313196916512],[79.13560616649147,12.23748277431065],[79.126461189932,12.22669019749469],[79.13008806491234,12.217701020385846],[79.14578267083363,12.212762974331838],[79.13183254463627,12.210789255619716],[79.13650964700264,12.200765717863646],[79.1154568767335,12.190360533911587],[79.12446557092943,12.187593753448994],[79.12892209837622,12.167099666316574],[79.14202025992711,12.16442869063161],[79.13706186131589,12.154980576892171],[79.12908480731807,12.157416256654983],[79.12948486173701,12.132226880166456],[79.11286433272284,12.133442464997813],[79.10870487293158,12.118014090777706],[79.09308378568824,12.12492212875327],[79.08703593845786,12.106348745298419],[79.10099653006586,12.098077422335223],[79.09061414752495,12.078121163960589],[79.06261834576009,12.069651959570308],[79.06833980383891,12.052392223022707],[79.06014745304259,12.05227376432282],[79.05235414852518,12.036296920566485],[79.02236745279578,12.049553524675446],[79.03127820362624,12.063935275092945],[78.99569509155526,12.067499334226966],[79.00479392569918,12.088869785512259],[78.98368624102727,12.09981652681131],[78.98437960213698,12.12858336772831],[78.99169351044719,12.137035799762373],[78.98421344609375,12.147348055868122],[78.9720607193268,12.140750198562841],[78.96629483294026,12.11308920540256],[78.960989714204,12.11390904176892],[78.95680949176472,12.17897647118724],[78.97435007849339,12.177004391039873],[78.97728866184235,12.182977197040088],[78.94902456802947,12.213239434252557],[78.959141952739,12.224261430820434],[78.96112672142112,12.24699219303534],[78.98283031126988,12.23889439246227],[78.96992340494126,12.213495885826546],[78.97731966686916,12.202605442986851],[79.00803343839254,12.209402448863955],[79.00710017323445,12.224179009753527],[78.99680932459074,12.22904060533972],[79.00717324045274,12.236530172829248],[78.99608463289957,12.245946734754057],[79.02331269872212,12.270259292932053],[79.00995822679079,12.283109643595253],[79.0166605889151,12.292466021090036],[79.04122556790571,12.302592411610533]]]}},{"id":"510","type":"Feature","properties":{"ST_NAME":"TAMIL NADU","AC_NO":61,"AC_NAME":"Harur (SC)","DIST_NAME":"DHARMAPURI","PC_NAME":"DHARMAPURI"},"geometry":{"type":"Polygon","coordinates":[[[78.32958760638297,12.265396481462517],[78.35827045062086,12.235434577343938],[78.35462529422199,12.225592925673027],[78.40262170083088,12.223373851222277],[78.39244915890163,12.206259368674978],[78.37858552859933,12.206089984964876],[78.37492667732437,12.194641448044422],[78.39077434426065,12.185583524060462],[78.41161219994314,12.1957826580433],[78.4434851679062,12.19123011717619],[78.47351635669457,12.171638933190252],[78.46644646862967,12.150752363930508],[78.49122794231573,12.141173657838067],[78.50671005642403,12.144244002658638],[78.51541314030425,12.17781400301385],[78.55370963109465,12.18046658846231],[78.5727279118637,12.194121101207884],[78.58429876107903,12.164308201262543],[78.61328690806442,12.183695339868109],[78.63336141020096,12.177278901899854],[78.64750396793386,12.162559981258198],[78.63141653094823,12.127965479523311],[78.65698669208223,12.125020272667484],[78.66452407652497,12.114925404284008],[78.66111329064591,12.10226247143595],[78.68420522059449,12.106304494157143],[78.73784750355952,12.134074334063314],[78.74541527969149,12.123818794601732],[78.72753408463035,12.100198272832074],[78.69733092568174,11.992154442573508],[78.71691144190959,11.983572550432882],[78.71272903321835,11.950800928620026],[78.70422307893199,11.93933992889464],[78.72390441635577,11.919655810767097],[78.70835110022313,11.897486249790632],[78.69378078625437,11.89410778914322],[78.69010316253099,11.904134423265077],[78.6596969825298,11.895139573232768],[78.65167230763097,11.884606911280002],[78.63447710823203,11.88898024334361],[78.63395161187742,11.87513995584436],[78.60761017147229,11.848347688894762],[78.59728115110431,11.82387579063527],[78.54006167260815,11.805428354534968],[78.52220246597108,11.815477058919157],[78.47377365453059,11.817666987241694],[78.4489814258522,11.830129889283],[78.43279191221706,11.862357435647198],[78.44126139179986,11.86879257411806],[78.41426345169697,11.880158159371604],[78.4029092590551,11.873646343803784],[78.38190332098151,11.828219928007343],[78.35166020785238,11.793193426135758],[78.32929681059937,11.776228068270768],[78.31293719469585,11.783052016037743],[78.35077148701458,11.833784996680322],[78.34784842146752,11.848228361449742],[78.36759932235088,11.888745612919763],[78.42033806724805,11.89991710559002],[78.45051271768784,11.943861560962318],[78.46232174155517,11.934963544532025],[78.48193977749878,11.961602000432038],[78.47151266717589,11.974165410705211],[78.46645750690845,11.96669046619212],[78.4457727724955,11.989014298671009],[78.43086447711397,11.980757624764635],[78.42091490140166,11.987460064230618],[78.42355284049125,12.000862211921572],[78.44040606818555,12.006570759333101],[78.44082846805941,12.019993879214212],[78.44823707767904,12.022538981289017],[78.43129281251333,12.029100918772428],[78.44322497874981,12.065482642310144],[78.43069793526155,12.071945411551553],[78.39492464175885,12.046466105326544],[78.38501382233011,12.061681477818013],[78.39099839505997,12.083604354757199],[78.35570287898474,12.093460765202224],[78.36939791068511,12.114750019397945],[78.35122580292852,12.122573220977415],[78.32195642804675,12.109245098282713],[78.31974092300527,12.139501454828348],[78.2940260438669,12.141296910823826],[78.2874101668458,12.161665994889802],[78.27523515038195,12.165784941122183],[78.26944797614323,12.178506886583591],[78.28184334179684,12.203528449578357],[78.27905216002921,12.217179499934048],[78.25348428677046,12.22554759714393],[78.26193413954894,12.24533016945179],[78.29985786674723,12.273532074245907],[78.31962220350192,12.259375608497578],[78.32958760638297,12.265396481462517]]]}},{"id":"511","type":"Feature","properties":{"ST_NAME":"TAMIL NADU","AC_NO":60,"AC_NAME":"Pappireddippatti","DIST_NAME":"DHARMAPURI","PC_NAME":"DHARMAPURI"},"geometry":{"type":"Polygon","coordinates":[[[78.25348428677046,12.22554759714393],[78.27905216002921,12.217179499934048],[78.28074129457514,12.195314764165062],[78.26944797614323,12.178506886583591],[78.27523515038195,12.165784941122183],[78.2874101668458,12.161665994889802],[78.2940260438669,12.141296910823826],[78.31974092300527,12.139501454828348],[78.32195642804675,12.109245098282713],[78.35122580292852,12.122573220977415],[78.36939791068511,12.114750019397945],[78.35570287898474,12.093460765202224],[78.39099839505997,12.083604354757199],[78.38501382233011,12.061681477818013],[78.39492464175885,12.046466105326544],[78.43069793526155,12.071945411551553],[78.44322497874981,12.065482642310144],[78.43129281251333,12.029100918772428],[78.44823707767904,12.022538981289017],[78.44082846805941,12.019993879214212],[78.44040606818555,12.006570759333101],[78.42355284049125,12.000862211921572],[78.42091490140166,11.987460064230618],[78.43086447711397,11.980757624764635],[78.4457727724955,11.989014298671009],[78.46645750690845,11.96669046619212],[78.47151266717589,11.974165410705211],[78.48193977749878,11.961602000432038],[78.46232174155517,11.934963544532025],[78.45051271768784,11.943861560962318],[78.42033806724805,11.89991710559002],[78.36759932235088,11.888745612919763],[78.35339765577726,11.893621729858978],[78.35719904509989,11.913526179189887],[78.30814257791769,11.88147408426164],[78.32659324258412,11.898766689231365],[78.32869251204983,11.926398527270294],[78.31907115920671,11.932040528447658],[78.29203407880976,11.913884081485207],[78.29269029791897,11.906176590277482],[78.2692460207873,11.898951406382366],[78.27984287005245,11.923178501986342],[78.29306646634438,11.929010734957501],[78.2766739739248,11.931455080587568],[78.25968711596767,11.91109096257793],[78.27331775710888,11.938672015001544],[78.25615806114564,11.939893637881141],[78.23591722220209,11.918215579785226],[78.25207200312053,11.949603974144168],[78.23499969428053,11.978956111835146],[78.11869116096835,11.959861688166427],[78.11533709982734,11.972859139137995],[78.12675252730736,11.986736340209973],[78.15327686373632,11.987975820028112],[78.14076175335231,12.004788925368644],[78.15934468221138,12.032944685049245],[78.17301403736798,12.02852778892634],[78.19223672144761,12.037167140551162],[78.18126522810786,12.045544185116114],[78.18853212615676,12.054426937353298],[78.16929708449294,12.055618711734212],[78.15751254376892,12.086192700732624],[78.14673861259695,12.089103328655767],[78.14824899249709,12.1014186609425],[78.16093182914068,12.103635809944706],[78.17189117533752,12.12685798960456],[78.20579770200243,12.122470463541106],[78.20923944794225,12.135362612894312],[78.17752036477305,12.152195918806683],[78.16907055066542,12.142934846066339],[78.15839407092966,12.149715717206618],[78.1556893967483,12.141805968470692],[78.14401279715293,12.141903937017105],[78.13247668515095,12.12413622021046],[78.1210582242577,12.125433763857188],[78.10391395076829,12.15167093956228],[78.11347500406822,12.178306514933752],[78.1708410675613,12.19328417772266],[78.1694014085482,12.19984978893666],[78.1811294259823,12.20718303806683],[78.20207374160992,12.207387926111949],[78.20287200953567,12.201048774081698],[78.2231975655153,12.21718038037028],[78.25348428677046,12.22554759714393]]]}},{"id":"512","type":"Feature","properties":{"ST_NAME":"TAMIL NADU","AC_NO":59,"AC_NAME":"Dharmapuri","DIST_NAME":"DHARMAPURI","PC_NAME":"DHARMAPURI"},"geometry":{"type":"Polygon","coordinates":[[[78.11347500406822,12.178306514933752],[78.10391395076829,12.15167093956228],[78.1210582242577,12.125433763857188],[78.13247668515095,12.12413622021046],[78.14401279715293,12.141903937017105],[78.1556893967483,12.141805968470692],[78.15839407092966,12.149715717206618],[78.16907055066542,12.142934846066339],[78.17752036477305,12.152195918806683],[78.20923944794225,12.135362612894312],[78.20579770200243,12.122470463541106],[78.17189117533752,12.12685798960456],[78.16093182914068,12.103635809944706],[78.14824899249709,12.1014186609425],[78.14673861259695,12.089103328655767],[78.15751254376892,12.086192700732624],[78.16929708449294,12.055618711734212],[78.18853212615676,12.054426937353298],[78.18126522810786,12.045544185116114],[78.19223672144761,12.037167140551162],[78.17301403736798,12.02852778892634],[78.15934468221138,12.032944685049245],[78.14076175335231,12.004788925368644],[78.15327686373632,11.987975820028112],[78.12675252730736,11.986736340209973],[78.11533709982734,11.972859139137995],[78.11869116096835,11.959861688166427],[78.07378543734814,11.93708314946781],[78.03474436276218,11.934971195963954],[78.02689195210195,11.920927197632125],[78.01102385166945,11.921551602324655],[77.9780531865054,11.89663971255277],[77.93446401190471,11.900344947261544],[77.92912145619033,11.907706846094129],[77.93705267893802,11.952968131973762],[77.94797714852666,11.966284388114047],[77.96567654473682,11.967750745300691],[77.9539950528295,11.97906666189698],[77.95925631972341,11.974737541404465],[77.96958297487447,11.981619368638974],[77.9648777318219,11.990478808650153],[77.98196795695571,12.018777655864199],[78.00099416075199,12.024412395016043],[78.00955993434354,12.015225120642867],[78.03944651124755,12.052986870947393],[78.01200019525288,12.070384691200616],[77.97559987913115,12.055205428287934],[77.95315518586318,12.076679492264816],[77.9291509692419,12.079141330607968],[77.93645816771033,12.095641775847355],[77.93817535121156,12.08777888268935],[77.95071830460614,12.088793717256294],[77.95673089661364,12.100695844337793],[77.95234692557023,12.124163943611165],[77.97147554865768,12.136843713566577],[78.01246667359817,12.137115617291954],[78.03925711762196,12.180714391256174],[78.0551874169658,12.18208486002834],[78.06378708420664,12.192845445261128],[78.07303077664909,12.186722232145371],[78.09494846809736,12.193754338791734],[78.11347500406822,12.178306514933752]]]}},{"id":"513","type":"Feature","properties":{"ST_NAME":"TAMIL NADU","AC_NO":73,"AC_NAME":"Vanur (SC)","DIST_NAME":"VILUPPURAM","PC_NAME":"VILUPPURAM (SC)"},"geometry":{"type":"MultiPolygon","coordinates":[[[[79.60295170106019,11.975420090864532],[79.61196373533818,11.96705880781775],[79.62746999264613,11.968075015649504],[79.62869215242097,11.957108384944036],[79.61600674191766,11.964494291178653],[79.609914618365,11.956773221107312],[79.59717182931655,11.959343880116023],[79.59212568565192,11.968860648100474],[79.60295170106019,11.975420090864532]]],[[[79.76161993681069,12.186986938596363],[79.79090008107391,12.164325692176988],[79.80645219391369,12.16789064973375],[79.82591343125989,12.158067145482448],[79.84230818817241,12.169131132295945],[79.86385378962075,12.160963965214876],[79.85130218654672,12.118565984033012],[79.85349251956416,12.083854673854148],[79.84046957101395,12.013271028735062],[79.85706405296372,12.006808414177044],[79.83886678487426,11.956074491045001],[79.81254205477205,11.97793443162874],[79.80322897064053,11.953216647030672],[79.78465595410904,11.959906229788714],[79.76971573459355,11.943996032091263],[79.75987826117284,11.943645980877363],[79.75621425948054,11.920434120937955],[79.7502097604721,11.919951752471434],[79.74451776148555,11.964934047967972],[79.72354564331687,11.977543936103814],[79.72643862294416,11.985679120594966],[79.74279644200226,11.977771224462515],[79.7603634355242,11.989243656369695],[79.76237916876369,12.002674271200704],[79.74755996022407,12.00783373393972],[79.73338884991557,11.993256036536934],[79.71236909106074,11.986474671668816],[79.71498542483755,11.967618362397559],[79.69651635464612,11.962627901156736],[79.69159727799206,11.951351023231211],[79.71111225612577,11.933056494361779],[79.70962091847065,11.94984042389649],[79.72084718794741,11.94489838485265],[79.71748098146219,11.92897454983563],[79.74064997251827,11.905469611633293],[79.73127925353481,11.903150032548012],[79.73050100991372,11.8917033806066],[79.71113323551049,11.890751752191647],[79.70525256235595,11.893877490753653],[79.70655783747429,11.913502348954296],[79.71860190635294,11.918974925052794],[79.69624346436444,11.919177025199588],[79.6953575530087,11.894797687863047],[79.67380678945182,11.89158843106128],[79.67397047955404,11.880662435323188],[79.6897158845805,11.880854590766774],[79.70262251481728,11.832224902257508],[79.6852939999182,11.832637692875267],[79.69076778380622,11.820541473210483],[79.67479438175536,11.806696758348778],[79.66520379292075,11.81042247241919],[79.64038811172202,11.798642869872594],[79.61619059212217,11.825143359878211],[79.57717318139726,11.8424257197712],[79.57696983479008,11.851253188883618],[79.60210691210438,11.851702996496158],[79.60012021347711,11.858276943526164],[79.60241744620822,11.862157688126842],[79.6194170664445,11.862668465277523],[79.61914904329376,11.870148933426606],[79.62849054240468,11.869791066204812],[79.62685282659675,11.854277764507287],[79.65780732774601,11.852644532719069],[79.66267486155567,11.867220006997798],[79.6485352239215,11.870468404093629],[79.64111825690208,11.886605745358906],[79.63066579199278,11.881208816633603],[79.63167857970274,11.89929488984734],[79.6231723682103,11.901386957542115],[79.65588542527223,11.907937643607397],[79.66885208885287,11.918413859611974],[79.67025672826543,11.935514512384884],[79.65298097749019,11.94822036178033],[79.64268776632741,11.9421174346719],[79.64832302079083,11.967328520794638],[79.63637099662424,11.977815269659004],[79.63599179028893,11.996032146566336],[79.65136154130215,12.02229862847895],[79.62788161864182,12.031789054421381],[79.62924499356166,12.018691999036548],[79.62112986485141,12.010252702500281],[79.6111506690682,12.012679280224631],[79.58851353886877,12.028872862392745],[79.58795743318905,12.060321547301612],[79.63314360139617,12.057101651520043],[79.65106163898349,12.093888197682247],[79.64784662382272,12.114325465647767],[79.67198043185152,12.121079425475159],[79.68116838071626,12.136800041588685],[79.6958910785105,12.139465917218331],[79.70920305117994,12.17664713445771],[79.75374228937523,12.179360373782288],[79.76161993681069,12.186986938596363]],[[79.69275971378983,12.035293214210526],[79.67222552948465,12.009695395326276],[79.66136067865244,12.012296083597448],[79.65693933268409,11.991563717491601],[79.67384995331275,11.995053006990702],[79.68083491120223,11.98334483039963],[79.68541354409984,11.99162119316361],[79.71960396605027,11.992169294877101],[79.70280772659538,12.011071045992026],[79.70476545985815,12.031984924964377],[79.69275971378983,12.035293214210526]],[[79.64731887196842,11.844217655820216],[79.64098927973151,11.824145302164027],[79.64628653119854,11.81625731162569],[79.67122518749244,11.81485384223106],[79.67126195807299,11.82357728406447],[79.65943703059452,11.829465257016068],[79.6617242547706,11.839308530164601],[79.64731887196842,11.844217655820216]],[[79.68469850483217,11.97307999644471],[79.66216470313861,11.96908749669069],[79.65465913221323,11.953452879147108],[79.67326527886956,11.947859207536453],[79.68460721824857,11.953355433106822],[79.68469850483217,11.97307999644471]],[[79.79833371882614,12.0169512218215],[79.80531436626507,12.024543899281582],[79.78928976131351,12.02768672586177],[79.78831721286912,12.019235012385934],[79.79833371882614,12.0169512218215]]]]}},{"id":"514","type":"Feature","properties":{"ST_NAME":"TAMIL NADU","AC_NO":75,"AC_NAME":"Vikravandi","DIST_NAME":"VILUPPURAM","PC_NAME":"VILUPPURAM (SC)"},"geometry":{"type":"Polygon","coordinates":[[[79.47702084273777,12.140995369041093],[79.49096043697466,12.137059228900341],[79.49818339594702,12.147236961716487],[79.51835139160352,12.139406200435872],[79.52594661504429,12.128330849788938],[79.51591701945495,12.11801619788929],[79.52040111831701,12.089470189997314],[79.56801974221736,12.0810147668181],[79.5675433569404,12.07208632452432],[79.5777311306872,12.066544163382503],[79.57239193843725,12.046655121236881],[79.58444405175163,12.044470178755773],[79.58851353886877,12.028872862392745],[79.62112986485141,12.010252702500281],[79.61887811083619,12.001277937926545],[79.62624687599259,12.000381581844579],[79.6235913515597,11.989278273073865],[79.61710683131525,11.989568649773389],[79.62449831334652,11.97600185959817],[79.61196373533818,11.96705880781775],[79.60295170106019,11.975420090864532],[79.59212568565192,11.968860648100474],[79.5733934981115,11.97403034782235],[79.55786629739174,11.95927822421072],[79.521605710735,11.966351763523107],[79.51270408172803,11.97521478013806],[79.49037296563989,11.97513153079558],[79.49141019872172,11.958774333169004],[79.49810536267239,11.956083699203418],[79.48283930528976,11.957917514881444],[79.47508714655464,11.938334684697963],[79.46783204671164,11.956534592297658],[79.46158757800436,11.946082472727994],[79.4533534141288,11.946405358120842],[79.45195953150721,11.954429603143694],[79.40501628317497,11.94810281049638],[79.40174699302935,11.933210317102521],[79.38959295505089,11.936712683643464],[79.38387360138563,11.915355028811575],[79.35990290789294,11.919037258862431],[79.34766340464245,11.950504865507185],[79.34993022769788,11.957072051434068],[79.3626824155611,11.95745219666162],[79.35554779249668,12.012442729748216],[79.36337613460097,12.034776305482183],[79.32931908660663,12.03306121110603],[79.31765844368226,12.04274650574672],[79.31906523427318,12.064865060773968],[79.30389767603697,12.047137248685146],[79.29544787451982,12.048187517439999],[79.30086136605928,12.087209215233145],[79.33759907543703,12.085522848800508],[79.33875319700252,12.100977943677208],[79.36670035623649,12.105080942231723],[79.36928263268743,12.11406808147683],[79.38654007326585,12.119621800705602],[79.4059095249047,12.117825065874115],[79.40588714527559,12.129320266816933],[79.41835264815626,12.12574388247424],[79.4340204794616,12.140378685927658],[79.4496198579701,12.137710128519643],[79.45994051734107,12.144477147402483],[79.47139865362504,12.139261571464374],[79.4740155332903,12.15078607321874],[79.47702084273777,12.140995369041093]]]}},{"id":"515","type":"Feature","properties":{"ST_NAME":"TAMIL NADU","AC_NO":76,"AC_NAME":"Tirukkoyilur","DIST_NAME":"VILUPPURAM","PC_NAME":"VILUPPURAM (SC)"},"geometry":{"type":"Polygon","coordinates":[[[79.23809516326122,12.077206744096031],[79.2906877710239,12.07493028570417],[79.30086136605928,12.087209215233145],[79.29544787451982,12.048187517439999],[79.30389767603697,12.047137248685146],[79.31906523427318,12.064865060773968],[79.31765844368226,12.04274650574672],[79.32931908660663,12.03306121110603],[79.36337613460097,12.034776305482183],[79.35554779249668,12.012442729748216],[79.3626824155611,11.95745219666162],[79.34993022769788,11.957072051434068],[79.34766340464245,11.950504865507185],[79.3522268111185,11.926556818742256],[79.41824494175074,11.894342518492465],[79.4168264887515,11.875614725938874],[79.43194749178338,11.859219548143699],[79.4198251899806,11.86645584046471],[79.40745944439789,11.857848275377648],[79.4015387909825,11.876625657448187],[79.3834165596266,11.870840989620035],[79.39249100415657,11.841298471747109],[79.38828658905487,11.825212327087286],[79.37145055459945,11.825270191266384],[79.37022576970355,11.843996276007374],[79.3475077517814,11.870694662728567],[79.33028947128213,11.847952942274503],[79.30791806376766,11.87252269036992],[79.28950604656683,11.866137591976326],[79.26723990379855,11.83908516464868],[79.26019266605874,11.849276820768694],[79.2427208783659,11.847861638603774],[79.23728805410047,11.865013951132994],[79.24715175265135,11.872096344270915],[79.21820850881568,11.876252748165825],[79.22293359271117,11.903647906225956],[79.21307616333434,11.91216637457859],[79.22094882852565,11.954650812085333],[79.19527458795193,11.947033203619526],[79.18609581397072,11.955241842936744],[79.18345179006809,11.973559259552246],[79.14982573946634,11.965108293413039],[79.12175750540462,11.976145593744207],[79.12722457315556,12.011245050418779],[79.14262257277358,12.015739860206452],[79.13569316690621,12.02573122381699],[79.13924301585257,12.038537139877178],[79.14713422506452,12.044336168079724],[79.1727314476982,12.030404134443302],[79.17635912397446,12.047443895019796],[79.18979617885066,12.048546980958463],[79.2007978966057,12.070619791969875],[79.23397767213191,12.059987084936097],[79.23809516326122,12.077206744096031]]]}},{"id":"516","type":"Feature","properties":{"ST_NAME":"TAMIL NADU","AC_NO":78,"AC_NAME":"Rishivandiyam","DIST_NAME":"VILUPPURAM","PC_NAME":"KALLAKURICHI"},"geometry":{"type":"Polygon","coordinates":[[[78.99569509155526,12.067499334226966],[79.03127820362624,12.063935275092945],[79.02236745279578,12.049553524675446],[79.05235414852518,12.036296920566485],[79.06014745304259,12.05227376432282],[79.06833980383891,12.052392223022707],[79.06261834576009,12.069651959570308],[79.09061414752495,12.078121163960589],[79.09810276982705,12.066018471875054],[79.08756957907286,12.042515218102892],[79.07654784420771,12.044316119493374],[79.07882014773168,12.031533627175179],[79.1065798927479,12.019671215953906],[79.11223692879128,12.026504309826066],[79.12506601138739,12.018827502587214],[79.13569316690621,12.02573122381699],[79.14262257277358,12.015739860206452],[79.12722457315556,12.011245050418779],[79.13057371230701,12.00383334533268],[79.1210238897408,11.993933110025068],[79.12175750540462,11.976145593744207],[79.12978368127193,11.968127107979683],[79.16890945580678,11.965769401236912],[79.18345179006809,11.973559259552246],[79.18609581397072,11.955241842936744],[79.19527458795193,11.947033203619526],[79.22094882852565,11.954650812085333],[79.21307616333434,11.91216637457859],[79.22293359271117,11.903647906225956],[79.21820850881568,11.876252748165825],[79.24715175265135,11.872096344270915],[79.23126671348808,11.874059928522911],[79.2236769192545,11.858205661462137],[79.19123711040436,11.847684839084081],[79.18015321529873,11.854336953387758],[79.16149407968811,11.851131328947702],[79.13652753811544,11.867166962285523],[79.12556504698938,11.853658005712418],[79.13416123835054,11.85289115380374],[79.13879338090987,11.821480102824523],[79.13053228863424,11.810011127911253],[79.08790474740624,11.786287567217528],[79.0779530870654,11.791715348984212],[79.05553112326277,11.762622566778077],[79.04713232229886,11.758650970865688],[79.03748667337135,11.76583940936132],[79.02970004901812,11.753111505891354],[79.01809145975312,11.775270946796809],[79.02060326263052,11.802675284237012],[78.9800964163166,11.814227911389025],[78.99348340593451,11.886353794891761],[78.97904845342345,11.90887303746075],[78.95364630813066,11.889083842545347],[78.95197690920708,11.915913912497103],[78.93918112400974,11.920866910679422],[78.93455171718807,11.960176453580516],[78.91277043131043,11.950929255580718],[78.89447927040209,11.963140013800626],[78.85228290283374,11.957606353050778],[78.85639656554912,11.98384828347156],[78.86322669525583,11.987368608574457],[78.83007014202349,12.007752122262673],[78.87949279605573,12.026827759093862],[78.91469861914601,12.014616240047474],[78.95796651454305,12.068349918414071],[78.98024838285664,12.065758822311864],[78.9885640864635,12.055009123372372],[78.99569509155526,12.067499334226966]]]}},{"id":"517","type":"Feature","properties":{"ST_NAME":"TAMIL NADU","AC_NO":79,"AC_NAME":"Sankarapuram","DIST_NAME":"VILUPPURAM","PC_NAME":"KALLAKURICHI"},"geometry":{"type":"Polygon","coordinates":[[[78.71691144190959,11.983572550432882],[78.7374982851178,11.987353138436617],[78.7573549741528,12.011623358331349],[78.77572381490222,12.007037289839104],[78.80416990991347,12.019482799891364],[78.86322669525583,11.987368608574457],[78.85639656554912,11.98384828347156],[78.85228290283374,11.957606353050778],[78.89447927040209,11.963140013800626],[78.91277043131043,11.950929255580718],[78.93455171718807,11.960176453580516],[78.93918112400974,11.920866910679422],[78.95197690920708,11.915913912497103],[78.95364630813066,11.889083842545347],[78.97412891991377,11.91112433731837],[78.99348340593451,11.886353794891761],[78.9800964163166,11.814227911389025],[79.02060326263052,11.802675284237012],[79.02304266288866,11.788465745897497],[79.00464646026597,11.755129727554959],[78.98939714016592,11.759023577076448],[78.98511232117676,11.77049753063659],[78.9689408758208,11.778784173550832],[78.95014088389473,11.774418773507648],[78.95493658255731,11.760867372531266],[78.94393409678122,11.751493590456903],[78.90538667535486,11.763693805924447],[78.88719760638446,11.736442705766308],[78.88202342713953,11.699961402097074],[78.83697616911496,11.703717968309661],[78.83270621951647,11.673948175567887],[78.78073111325034,11.702908109921395],[78.71810116313821,11.684068860789353],[78.6925363952385,11.689534584053888],[78.67766388927714,11.671180681942985],[78.68305773782441,11.667504220143712],[78.68009046969945,11.64368223764518],[78.6582624001897,11.648001477286414],[78.66040730305463,11.661742202640596],[78.64559303988693,11.660443836114212],[78.65265811657889,11.714916122281295],[78.63801700797859,11.722626030866707],[78.64016433271786,11.76422012066206],[78.66271122584243,11.779761647582006],[78.66551090530407,11.796418558669586],[78.6906303442151,11.804310691485284],[78.6949256241183,11.850766424530889],[78.65870518049974,11.856663395199575],[78.65295368506457,11.866006553559657],[78.63306646404612,11.864658661368196],[78.62743841045432,11.87171202528981],[78.63447710823203,11.88898024334361],[78.65167230763097,11.884606911280002],[78.6596969825298,11.895139573232768],[78.69010316253099,11.904134423265077],[78.69378078625437,11.89410778914322],[78.70835110022313,11.897486249790632],[78.72390441635577,11.919655810767097],[78.70422307893199,11.93933992889464],[78.71272903321835,11.950800928620026],[78.71691144190959,11.983572550432882]]]}},{"id":"518","type":"Feature","properties":{"ST_NAME":"TAMIL NADU","AC_NO":84,"AC_NAME":"Omalur","DIST_NAME":"SALEM","PC_NAME":"SALEM"},"geometry":{"type":"Polygon","coordinates":[[[78.10055700999806,11.955595039079867],[78.23499969428053,11.978956111835146],[78.25207200312053,11.949603974144168],[78.20686595629888,11.869805379814466],[78.19623685464717,11.868503235236176],[78.1699296712174,11.896147126888422],[78.15975507883388,11.885315077029247],[78.15458103358787,11.859745441099278],[78.1673747665323,11.844008845831638],[78.16270306189682,11.837377704617438],[78.14243689174918,11.846415048515723],[78.13889875197589,11.835626837908308],[78.14980982436396,11.821709984827976],[78.13658040046516,11.818222136942097],[78.12892690725101,11.80234313672645],[78.15938572726958,11.778526486308351],[78.15930530269765,11.7543030302607],[78.13014512439804,11.724967527329568],[78.10694289979506,11.732429161876382],[78.08089549453149,11.725637688628467],[78.06836327544488,11.730632050228962],[78.04592389806947,11.720394294860853],[78.03757998542807,11.731180930755386],[78.03500110931378,11.711952552168611],[78.01665605922983,11.719435889155022],[78.00164459272384,11.706845844560121],[77.98928130588763,11.708123933172999],[77.96901927262138,11.67907853354751],[77.93699138114738,11.68104476540367],[77.92483518569531,11.696517680346744],[77.91708874844704,11.685934800250891],[77.90560498508205,11.688796570705222],[77.90008098664828,11.696786890602596],[77.90414636116572,11.721527021554834],[77.94488399959698,11.728488914531852],[77.93369898472042,11.74128664766073],[77.94559795698018,11.746351582659486],[77.9344614227565,11.76026119889525],[77.94602523657545,11.780030999930773],[77.96731902964956,11.779839546857659],[77.97100070751668,11.76278457155081],[77.97564113822801,11.76978053354486],[77.99877667720193,11.75999263705063],[78.02211132158027,11.775402888132817],[78.00652772437502,11.783024587614648],[78.00874198835214,11.813013210591237],[78.00136485860139,11.811255110634875],[78.00283744629115,11.818000222931971],[77.99019610526608,11.825983414802806],[77.99066322392872,11.848492133505204],[77.98119954562259,11.854191229042044],[77.98996559103927,11.862486974894011],[77.98238826950308,11.875468077090147],[77.98742259607599,11.879769896863309],[77.97923003214032,11.89117300992649],[78.02884456642369,11.909392188198979],[78.06123819238871,11.937932974627131],[78.07378543734814,11.93708314946781],[78.10055700999806,11.955595039079867]]]}},{"id":"519","type":"Feature","properties":{"ST_NAME":"TAMIL NADU","AC_NO":105,"AC_NAME":"Anthiyur","DIST_NAME":"ERODE","PC_NAME":"TIRUPPUR"},"geometry":{"type":"Polygon","coordinates":[[[77.67549010488449,11.9520476398867],[77.68538248551334,11.8776992357312],[77.66180946143754,11.878191854670433],[77.66239291280272,11.852463428144745],[77.64654613349734,11.81910120085979],[77.65268504248075,11.812722344660529],[77.66619119226976,11.824362322063564],[77.69127503691345,11.818025899475742],[77.71038566816412,11.810581256719672],[77.71000290680877,11.79774358020211],[77.72207352637218,11.79514707197984],[77.69079682871075,11.718158366215675],[77.69014124272422,11.694097135274603],[77.67538377893828,11.676048946901403],[77.65272753274951,11.67560365388556],[77.64848293863679,11.652066531645175],[77.66889572525758,11.6365796808077],[77.65601312490583,11.617361168683033],[77.62446892210312,11.618045014066183],[77.61006954497356,11.602500804468605],[77.6113516319723,11.571955938216036],[77.61943894734958,11.56863066257506],[77.60051663773271,11.52858341479282],[77.60535398309992,11.518883230976371],[77.59045797155818,11.499045476267781],[77.57015136609272,11.491769450999413],[77.55706992833456,11.476330330780172],[77.56866002484031,11.461889780888725],[77.59487198445458,11.454130594851108],[77.58497599214837,11.436648530605225],[77.54191074368595,11.446150888752584],[77.52127508527701,11.468774419403985],[77.50991777018902,11.46085613879984],[77.50710414134312,11.435416969317714],[77.51892034090105,11.408079376861792],[77.50014740687737,11.410471220070804],[77.49447785946569,11.397973797552766],[77.48116782303669,11.409224993538658],[77.4675083793083,11.406690076286054],[77.45595412618201,11.423858020831062],[77.47798916117091,11.419723401214071],[77.46896764534063,11.426289168010726],[77.473218401608,11.440663434270107],[77.46726155317822,11.445792515212474],[77.47924975617138,11.457025579966569],[77.46174654346828,11.4613300815181],[77.45955842817898,11.475129927404282],[77.46408538243452,11.48260371179191],[77.480038258359,11.482110396777443],[77.47651331343872,11.493053556976122],[77.48367238097563,11.504051538947408],[77.45401598375071,11.494970862115622],[77.43290410374146,11.476478787266274],[77.40837756717104,11.472076620239875],[77.40212722499149,11.480401808097042],[77.36934208726757,11.47542805266255],[77.35024247720861,11.485983711179358],[77.34992199840156,11.49490919020701],[77.36208641275778,11.516151223700035],[77.36319054280938,11.502038112468938],[77.37835351360383,11.506970358795058],[77.37817706122246,11.528721119883812],[77.40579582671609,11.518822000634884],[77.42721431888577,11.535625671187802],[77.43880324897083,11.562223225021853],[77.45101778254468,11.55869554346458],[77.4531749485651,11.564020429299433],[77.45674251415574,11.610091424279858],[77.44113534571966,11.631083175548156],[77.43918298590614,11.647352946481362],[77.4532835686818,11.664054347030515],[77.44073268146815,11.674549533334357],[77.43707667205081,11.700310680793336],[77.44327459005035,11.713642270374521],[77.41861746112698,11.735487502546277],[77.46657197911361,11.847181244818614],[77.45989415678997,11.86355294221454],[77.46581165718231,11.87430063836382],[77.46158762337018,11.900089597357066],[77.48615865210019,11.88751083116],[77.49476082485222,11.94395349415845],[77.53793471321649,11.932489213706276],[77.55812866150859,11.941647821289962],[77.6034096488363,11.93775601233017],[77.65201299260559,11.954924272537198],[77.67549010488449,11.9520476398867]]]}},{"id":"520","type":"Feature","properties":{"ST_NAME":"TAMIL NADU","AC_NO":85,"AC_NAME":"Mettur","DIST_NAME":"SALEM","PC_NAME":"DHARMAPURI"},"geometry":{"type":"Polygon","coordinates":[[[77.67554059102554,11.952045780988044],[77.69125187397486,11.94191043411928],[77.73756912041864,11.940232697580996],[77.76236744380253,11.910089344447726],[77.80742052134002,11.90919937355227],[77.84756033184391,11.894595872801347],[77.85007359611961,11.905052968319865],[77.8672606602513,11.91593189084415],[77.9051028522149,11.900410720978016],[77.9780531865054,11.89663971255277],[78.01102385166945,11.921551602324655],[78.02689195210195,11.920927197632125],[78.03474436276218,11.934971195963954],[78.06123819238871,11.937932974627131],[78.02884456642369,11.909392188198979],[77.97923003214032,11.89117300992649],[77.98742259607599,11.879769896863309],[77.98238826950308,11.875468077090147],[77.98996559103927,11.862486974894011],[77.98119954562259,11.854191229042044],[77.99066322392872,11.848492133505204],[77.99019610526608,11.825983414802806],[78.00283744629115,11.818000222931971],[78.00136485860139,11.811255110634875],[78.00874198835214,11.813013210591237],[78.00652772437502,11.783024587614648],[78.02211132158027,11.775402888132817],[77.99877667720193,11.75999263705063],[77.97564113822801,11.76978053354486],[77.97100070751668,11.76278457155081],[77.96731902964956,11.779839546857659],[77.94602523657545,11.780030999930773],[77.93613742270395,11.793935031376634],[77.91688479209955,11.802056806976111],[77.89996606947858,11.79760030381101],[77.8947305294904,11.78198824306304],[77.87012482020435,11.799903491852717],[77.86711138178492,11.782851098499464],[77.85177092888534,11.764472528884141],[77.81579870714467,11.752771834652492],[77.8058655503549,11.755339225524892],[77.81064044140328,11.76484351181864],[77.79778016402344,11.764336227634828],[77.77535278000687,11.696359380780848],[77.74567210108665,11.654551233452707],[77.73397534318758,11.657675526804155],[77.69997985288796,11.63469859316558],[77.68934123910697,11.652080058348076],[77.69792155833329,11.69353228638596],[77.69014124272422,11.694097135274603],[77.69079682871075,11.718158366215675],[77.72207352637218,11.79514707197984],[77.71000290680877,11.79774358020211],[77.71038566816412,11.810581256719672],[77.69127503691345,11.818025899475742],[77.66619119226976,11.824362322063564],[77.65268504248075,11.812722344660529],[77.64654613349734,11.81910120085979],[77.66239291280272,11.852463428144745],[77.66180946143754,11.878191854670433],[77.68538248551334,11.8776992357312],[77.67554059102554,11.952045780988044]]]}},{"id":"521","type":"Feature","properties":{"ST_NAME":"TAMIL NADU","AC_NO":74,"AC_NAME":"Viluppuram","DIST_NAME":"VILUPPURAM","PC_NAME":"VILUPPURAM (SC)"},"geometry":{"type":"Polygon","coordinates":[[[79.49810536267239,11.956083699203418],[79.49037296563989,11.97513153079558],[79.51270408172803,11.97521478013806],[79.521605710735,11.966351763523107],[79.55786629739174,11.95927822421072],[79.5733934981115,11.97403034782235],[79.59212568565192,11.968860648100474],[79.59717182931655,11.959343880116023],[79.609914618365,11.956773221107312],[79.61600674191766,11.964494291178653],[79.62869215242097,11.957108384944036],[79.62848811513447,11.945184478081273],[79.61787474532332,11.936051357284384],[79.6283233260607,11.919575778299588],[79.6231723682103,11.901386957542115],[79.63167857970274,11.89929488984734],[79.60817028163325,11.876873367611893],[79.59932711485453,11.882945036084607],[79.60210691210438,11.851702996496158],[79.57696983479008,11.851253188883618],[79.57717318139726,11.8424257197712],[79.56443808514956,11.840094926139955],[79.52814896660158,11.857477990317022],[79.43852884922705,11.874782656994057],[79.38387360138563,11.915355028811575],[79.38959295505089,11.936712683643464],[79.40174699302935,11.933210317102521],[79.40501628317497,11.94810281049638],[79.45195953150721,11.954429603143694],[79.4533534141288,11.946405358120842],[79.46158757800436,11.946082472727994],[79.46783204671164,11.956534592297658],[79.47508714655464,11.938334684697963],[79.48283930528976,11.957917514881444],[79.49810536267239,11.956083699203418]]]}},{"id":"522","type":"Feature","properties":{"ST_NAME":"TAMIL NADU","AC_NO":83,"AC_NAME":"Yercaud (ST)","DIST_NAME":"SALEM","PC_NAME":"KALLAKURICHI"},"geometry":{"type":"Polygon","coordinates":[[[78.2078537536479,11.88126541816456],[78.25615806114564,11.939893637881141],[78.27331775710888,11.938672015001544],[78.25968711596767,11.91109096257793],[78.2766739739248,11.931455080587568],[78.29017296690893,11.931728086881776],[78.27984287005245,11.923178501986342],[78.27238369425214,11.897453880492264],[78.29269029791897,11.906176590277482],[78.29203407880976,11.913884081485207],[78.31907115920671,11.932040528447658],[78.33158632355003,11.919347075307314],[78.32659324258412,11.898766689231365],[78.30814257791769,11.88147408426164],[78.35719904509989,11.913526179189887],[78.36051055122101,11.908346564442468],[78.35339765577726,11.893621729858978],[78.36759932235088,11.888745612919763],[78.36720456224083,11.87963228170446],[78.34784842146752,11.848228361449742],[78.35077148701458,11.833784996680322],[78.31293719469585,11.783052016037743],[78.32220900624071,11.778001148234466],[78.35166020785238,11.793193426135758],[78.38190332098151,11.828219928007343],[78.4029092590551,11.873646343803784],[78.41426345169697,11.880158159371604],[78.44126139179986,11.86879257411806],[78.43279191221706,11.862357435647198],[78.4489814258522,11.830129889283],[78.47377365453059,11.817666987241694],[78.52220246597108,11.815477058919157],[78.54006167260815,11.805428354534968],[78.59728115110431,11.82387579063527],[78.62743841045432,11.87171202528981],[78.63306646404612,11.864658661368196],[78.65295368506457,11.866006553559657],[78.65870518049974,11.856663395199575],[78.6949256241183,11.850766424530889],[78.6906303442151,11.804310691485284],[78.66551090530407,11.796418558669586],[78.66271122584243,11.779761647582006],[78.64016433271786,11.76422012066206],[78.6266739435477,11.77227423756608],[78.62106076564186,11.756009121523789],[78.59283171481184,11.754950998090123],[78.58388147654898,11.725194193357368],[78.54422683949713,11.723490923267548],[78.53786794914657,11.740302172407382],[78.53079774721834,11.729384150058536],[78.51124981162957,11.733417833366389],[78.51116221226636,11.743868164184505],[78.51793390312719,11.739515651426245],[78.52386309110881,11.745717805232573],[78.51848860676387,11.750882707970618],[78.52935731298965,11.76402888162761],[78.50961501052439,11.770863603272744],[78.47558109669029,11.761336017343353],[78.45672091403901,11.743652670434415],[78.45653499809174,11.749591005420598],[78.43771059766601,11.746539897997934],[78.43626708505798,11.732037535004281],[78.41500227083816,11.720105272540366],[78.41023710146112,11.706186799781051],[78.42014015974064,11.703639515950954],[78.42792557630435,11.711184565315477],[78.43821861299864,11.69950096179997],[78.43252436480765,11.685714426779441],[78.4177084360955,11.684396806667337],[78.4257079695472,11.671494452706895],[78.41721634236035,11.638231172430721],[78.42681682373751,11.631965248597396],[78.41679138391527,11.61464689963475],[78.43303658357155,11.595411333666164],[78.3858133511053,11.586551241646532],[78.3828314213331,11.575277300007428],[78.37445177502946,11.588608254667292],[78.34517749344661,11.541684634938008],[78.32843899676237,11.531363121211143],[78.31002358282217,11.541258223188493],[78.32320517987523,11.542679875975523],[78.32944086850137,11.558562561612973],[78.30722105340897,11.564677048606939],[78.31921317294962,11.578553418705383],[78.30973413782027,11.587896071646412],[78.31802116384569,11.598859419826397],[78.31218062833341,11.62420301475737],[78.29676449028904,11.636795627816014],[78.27662458945332,11.640549344077044],[78.25296821980754,11.623517323965359],[78.25794283589323,11.640345177288168],[78.24088612219686,11.632358255029487],[78.22076657661626,11.634442149685526],[78.2290184463443,11.651139757793658],[78.20934931991525,11.650271994756793],[78.21030843428684,11.67365964967314],[78.19467781602845,11.67967738760143],[78.21515097054089,11.715562108004917],[78.20550126387229,11.716652289571527],[78.20498872584909,11.72460396020466],[78.18600083676927,11.711598650957],[78.18794045408873,11.720325864547078],[78.1782020301996,11.71987968479965],[78.17002519001056,11.737930240188462],[78.1478091295877,11.743384438640987],[78.15930530269765,11.7543030302607],[78.15938572726958,11.778526486308351],[78.12892690725101,11.80234313672645],[78.13658040046516,11.818222136942097],[78.14980982436396,11.821709984827976],[78.13889875197589,11.835626837908308],[78.14243689174918,11.846415048515723],[78.16270306189682,11.837377704617438],[78.1673747665323,11.844008845831638],[78.15458103358787,11.859745441099278],[78.15975507883388,11.885315077029247],[78.1699296712174,11.896147126888422],[78.19623685464717,11.868503235236176],[78.20686595629888,11.869805379814466],[78.2078537536479,11.88126541816456]]]}},{"id":"523","type":"Feature","properties":{"ST_NAME":"TAMIL NADU","AC_NO":77,"AC_NAME":"Ulundurpettai","DIST_NAME":"VILUPPURAM","PC_NAME":"VILUPPURAM (SC)"},"geometry":{"type":"Polygon","coordinates":[[[79.43852884922705,11.874782656994057],[79.45511013182715,11.871201378540832],[79.4512294987424,11.848886120198358],[79.47220414580477,11.84715651166374],[79.47049137617614,11.83491232384472],[79.47988521133351,11.837498205677718],[79.48208339273447,11.811807078533889],[79.4700335610001,11.799555563038837],[79.46549823225769,11.807505485389868],[79.44227680802834,11.809866729166288],[79.43059579905696,11.778196632068955],[79.44630423475269,11.763913232409777],[79.46377375075804,11.767466694832137],[79.46267224043163,11.742784330932182],[79.42835950168973,11.730721241392246],[79.43711603317843,11.718020356254499],[79.4441613094969,11.665921668750059],[79.37722781111466,11.679086981778823],[79.36162173535484,11.672635847966035],[79.35906315424126,11.659747532422728],[79.33266803420247,11.661126776779383],[79.3085440170928,11.632841378027251],[79.29233967453644,11.646948229976886],[79.27108272668653,11.643904447532293],[79.24868624607348,11.652665054748525],[79.23554691625725,11.629381688813965],[79.21576150299103,11.639221696524146],[79.21233187361713,11.620147782793993],[79.19443666981653,11.60226657424306],[79.1810801060621,11.610248275037918],[79.19069456200447,11.61906464201968],[79.19204786092013,11.639420131933605],[79.17797841627095,11.643650579710538],[79.18224905744808,11.657195352683402],[79.151487408717,11.669298042071034],[79.1671357517136,11.699490974828677],[79.12962148224568,11.700437482503844],[79.1268784025163,11.707425013353713],[79.14401243992222,11.751660599057459],[79.12493287395301,11.759404247508087],[79.1277404818378,11.77589428759137],[79.11862220974723,11.788257551045206],[79.12368753505177,11.807582257815],[79.13879338090987,11.821480102824523],[79.13416123835054,11.85289115380374],[79.12556504698938,11.853658005712418],[79.13652753811544,11.867166962285523],[79.16149407968811,11.851131328947702],[79.18015321529873,11.854336953387758],[79.19123711040436,11.847684839084081],[79.2236769192545,11.858205661462137],[79.23126671348808,11.874059928522911],[79.24181434825363,11.87129534060756],[79.23710581278311,11.853406641603272],[79.2427208783659,11.847861638603774],[79.26019266605874,11.849276820768694],[79.26723990379855,11.83908516464868],[79.28950604656683,11.866137591976326],[79.30389118023385,11.872030637104274],[79.33028947128213,11.847952942274503],[79.3475077517814,11.870694662728567],[79.37022576970355,11.843996276007374],[79.37145055459945,11.825270191266384],[79.38828658905487,11.825212327087286],[79.39249100415657,11.841298471747109],[79.3834165596266,11.870840989620035],[79.4015387909825,11.876625657448187],[79.40745944439789,11.857848275377648],[79.4198251899806,11.86645584046471],[79.43194749178338,11.859219548143699],[79.4168264887515,11.875614725938874],[79.41824494175074,11.894342518492465],[79.43852884922705,11.874782656994057]]]}},{"id":"524","type":"Feature","properties":{"ST_NAME":"TAMIL NADU","AC_NO":155,"AC_NAME":"Cuddalore","DIST_NAME":"CUDDALORE","PC_NAME":"CUDDALORE"},"geometry":{"type":"MultiPolygon","coordinates":[[[[79.70741967397885,11.88914147200137],[79.70823502272816,11.869104578613474],[79.71962040565722,11.85304177855528],[79.72108516564793,11.862495055302588],[79.73376329164267,11.865572325802248],[79.74185329419424,11.862850563602649],[79.74308000453863,11.848460191384788],[79.7518219202455,11.848389328404835],[79.75736141849472,11.876111216459549],[79.77002262734243,11.874593930665412],[79.76609178420853,11.84059092293279],[79.77581293391984,11.838457934286282],[79.78166908526015,11.855812303794835],[79.80060534156331,11.855314396842004],[79.80767704176213,11.846776028291117],[79.80698747399276,11.833470691719072],[79.7982190129971,11.838742806235587],[79.79357161343927,11.832390335245805],[79.80063731875731,11.830686054317994],[79.79746926529441,11.824601324991193],[79.78015470517556,11.831888291411587],[79.77296907796062,11.822711870956141],[79.76436301024478,11.833780109764291],[79.73769538213622,11.842942003470739],[79.73808672662119,11.836911950226352],[79.72947163690657,11.837040355428087],[79.73570339819332,11.809337781213685],[79.72446185283229,11.81039613397445],[79.72280034815759,11.796493581013976],[79.71239685852828,11.791545881637205],[79.75503111859132,11.775275800437896],[79.76584244357394,11.791869367777167],[79.77187010821899,11.782224774653685],[79.79576496638015,11.785536737630366],[79.77690539616714,11.700038223984905],[79.75112688909473,11.710169776613952],[79.74946101551353,11.72742848433711],[79.73451204649382,11.732490089146324],[79.73916816677752,11.741166852568256],[79.72806848767061,11.742842872300741],[79.72366593213712,11.758298911465658],[79.68418614127745,11.765470219674967],[79.68166740372777,11.797014986352565],[79.69027594457924,11.805389566775148],[79.68508919101339,11.820622133404754],[79.69076778380622,11.820541473210483],[79.6852939999182,11.832637692875267],[79.70262251481728,11.832224902257508],[79.68481331138526,11.885956469015866],[79.70741967397885,11.88914147200137]],[[79.6925612684878,11.82247603364209],[79.69195775954302,11.814165201662775],[79.70259985909627,11.813470707407248],[79.70034787485457,11.8216622569077],[79.6925612684878,11.82247603364209]],[[79.69939958382378,11.87431956189829],[79.69597923815138,11.860394261486022],[79.69908703074191,11.861265301652395],[79.69939958382378,11.87431956189829]]],[[[79.77154341959317,11.9027490068612],[79.7963803490739,11.899901486164708],[79.78506296388474,11.862958220545465],[79.77837913498917,11.86322214098908],[79.77960774829899,11.87795841584824],[79.77266625284534,11.875823816515947],[79.77154341959317,11.9027490068612]]]]}},{"id":"525","type":"Feature","properties":{"ST_NAME":"TAMIL NADU","AC_NO":107,"AC_NAME":"Bhavanisagar","DIST_NAME":"ERODE","PC_NAME":"NILGIRIS (SC)"},"geometry":{"type":"Polygon","coordinates":[[[77.23841691950531,11.794784208124781],[77.24983102947846,11.813125087153082],[77.287931242333,11.800542452971854],[77.29381202790285,11.809103616638652],[77.3351040785904,11.77133218423296],[77.36037876386894,11.779572917656083],[77.36479853332571,11.7905068364214],[77.39359934613299,11.787938218873762],[77.42217874944976,11.772472243099571],[77.42881986504477,11.755382345319049],[77.41861746112698,11.735487502546277],[77.44327459005035,11.713642270374521],[77.43707667205081,11.700310680793336],[77.44073268146815,11.674549533334357],[77.4532835686818,11.664054347030515],[77.43918298590614,11.647352946481362],[77.44113534571966,11.631083175548156],[77.45674251415574,11.610091424279858],[77.45101778254468,11.55869554346458],[77.43880324897083,11.562223225021853],[77.42721431888577,11.535625671187802],[77.40579582671609,11.518822000634884],[77.36532972418746,11.529655750212726],[77.3650031344871,11.566563614019628],[77.34292145885831,11.530960571173466],[77.3313707328731,11.537974604144722],[77.3134148473174,11.50522174039105],[77.29422688786065,11.519076792959652],[77.29640661517323,11.491961598349121],[77.28144860347032,11.49188259110872],[77.27937817616197,11.482079344985834],[77.29703545532209,11.463941728927693],[77.29698406895966,11.443328273880809],[77.26313507912067,11.425924185352926],[77.25027210827125,11.434508582105423],[77.24417290255747,11.414398549553482],[77.25506894367686,11.413355468180384],[77.24777888988393,11.391222920601365],[77.20717051550696,11.398015068340783],[77.19220651791653,11.368138628594863],[77.17943271844524,11.359233851061447],[77.18708744013333,11.341970013605305],[77.17869390649867,11.342138205713695],[77.17448401452572,11.332608465908038],[77.1824713954386,11.313921015142796],[77.14158700113927,11.336880492940452],[77.12928750591374,11.35424004254395],[77.13040730934989,11.375406799184475],[77.11307757766815,11.381018059735709],[77.11023876061034,11.406447916737989],[77.09147420646951,11.40341343508203],[77.09131517485548,11.393630784333254],[77.07043236835915,11.386165058770473],[77.070390262101,11.402572884630956],[77.04539222357232,11.402609411495177],[77.03247454696282,11.384892621497329],[77.02340948955634,11.387786912336196],[77.0253986847016,11.373423243687796],[77.01357399104688,11.368843143096626],[76.97158143053866,11.386272927053994],[76.95727730960022,11.381170254703534],[76.98106847952675,11.402131215882946],[76.98295194947292,11.440436277212484],[77.00798003794847,11.433979818513876],[77.01197016529096,11.442599161122416],[76.9911290117945,11.481047580681377],[76.99649167814846,11.512944699937975],[77.01471300130402,11.525910662946785],[77.00627630920434,11.524157543435933],[77.00728006951965,11.545634605752525],[76.97526923638623,11.554231287244136],[76.9736210956371,11.565819525750555],[76.94040762521178,11.579401984813785],[76.92034485563062,11.578762940957006],[76.91631691809135,11.563942910436992],[76.90811626115658,11.580438618047822],[76.89001418450704,11.572399893040654],[76.87382661790417,11.58095664013689],[76.85364193352848,11.577245744195807],[76.8467506283389,11.595112988973312],[76.85639288412438,11.599394831206553],[76.85805102983124,11.614146843302251],[76.84283336856515,11.626915760354109],[76.83366396102303,11.649069015722546],[76.86257753082845,11.71112354271736],[76.88830117026288,11.73375363302381],[76.90704552652988,11.795353978103662],[76.94217128028043,11.787664127997175],[76.95355419546979,11.791972896831794],[76.96966336367336,11.776538034902444],[76.9818577740171,11.811271236378502],[77.01276112982237,11.814790829433264],[77.0137645744756,11.80627497091325],[77.02968559191658,11.804702057553982],[77.038561927491,11.794006538271162],[77.02875441948095,11.77460744227966],[77.03493338786564,11.769792852458238],[77.04574433153573,11.78733208121065],[77.06576464232444,11.788659818695749],[77.07008625797448,11.78000183221883],[77.05637294755354,11.7694161912043],[77.08043522530545,11.736064170325221],[77.10492159545532,11.732925347526816],[77.11749058782044,11.721187293658716],[77.11090040353088,11.773622516465991],[77.1378775396168,11.772546596348377],[77.14714149648296,11.781887081923344],[77.23841691950531,11.794784208124781]]]}},{"id":"526","type":"Feature","properties":{"ST_NAME":"TAMIL NADU","AC_NO":154,"AC_NAME":"Panruti","DIST_NAME":"CUDDALORE","PC_NAME":"CUDDALORE"},"geometry":{"type":"Polygon","coordinates":[[[79.45511013182715,11.871201378540832],[79.52814896660158,11.857477990317022],[79.56443808514956,11.840094926139955],[79.59079542736714,11.841223825319332],[79.64038811172202,11.798642869872594],[79.66520379292075,11.81042247241919],[79.67479438175536,11.806696758348778],[79.68670080849557,11.791161577045216],[79.68471329328389,11.745662890829806],[79.66402086067421,11.739403482584692],[79.66338700140903,11.72996270731312],[79.65509781970866,11.74158849071631],[79.62234851277373,11.741586136291232],[79.61034029626774,11.748565457230143],[79.60447492687643,11.737888925333664],[79.58472514295102,11.730441327405401],[79.57286943617561,11.745457253649363],[79.55577308486005,11.738264671977106],[79.55686203525477,11.758162085012259],[79.5483246046968,11.762118283631935],[79.52180617321636,11.752151766490897],[79.51993437647036,11.767207739545597],[79.51027334643783,11.774069053244261],[79.5020426422542,11.765428269898791],[79.47060901919093,11.778842778771264],[79.46377375075804,11.767466694832137],[79.43612728974267,11.768099630493623],[79.43059579905696,11.778196632068955],[79.44227680802834,11.809866729166288],[79.46549823225769,11.807505485389868],[79.4700335610001,11.799555563038837],[79.48208339273447,11.811807078533889],[79.47220414580477,11.84715651166374],[79.4512294987424,11.848886120198358],[79.45511013182715,11.871201378540832]]]}},{"id":"527","type":"Feature","properties":{"ST_NAME":"TAMIL NADU","AC_NO":86,"AC_NAME":"Edappadi","DIST_NAME":"SALEM","PC_NAME":"SALEM"},"geometry":{"type":"Polygon","coordinates":[[[77.94602523657545,11.780030999930773],[77.9344614227565,11.76026119889525],[77.94559795698018,11.746351582659486],[77.93369898472042,11.74128664766073],[77.94488399959698,11.728488914531852],[77.90414636116572,11.721527021554834],[77.90008098664828,11.696786890602596],[77.90339225534836,11.6707905029794],[77.91529942043195,11.668804741445683],[77.91634443175019,11.659095032909477],[77.92373447126892,11.668206985464053],[77.94233021996376,11.66524636872498],[77.9414454084789,11.62447126004065],[77.95149644120784,11.619602324187952],[77.95819388224191,11.590257307328898],[77.94260637478442,11.567333293396814],[77.92447039819041,11.575245985613776],[77.91963507629777,11.565626254248286],[77.931166894037,11.556046915932484],[77.91557725698488,11.548126545303887],[77.90251326787308,11.524369831102888],[77.88617664853354,11.521207233826829],[77.83861893301741,11.530997125916656],[77.85160739886243,11.56138201266981],[77.81557889125287,11.557855054167476],[77.80758739594165,11.564894653065835],[77.80825617588187,11.584995133918369],[77.75946661938906,11.590520647709752],[77.74574088123671,11.576517618893035],[77.75870079630477,11.572779629975969],[77.7488961085686,11.55510221139798],[77.74045172546681,11.554218385570096],[77.74592036972933,11.570359712630705],[77.73569190255932,11.601868611647149],[77.76083076053123,11.647915989531327],[77.79778016402344,11.764336227634828],[77.81064044140328,11.76484351181864],[77.8058655503549,11.755339225524892],[77.81579870714467,11.752771834652492],[77.85177092888534,11.764472528884141],[77.86711138178492,11.782851098499464],[77.87012482020435,11.799903491852717],[77.8947305294904,11.78198824306304],[77.89996606947858,11.79760030381101],[77.91688479209955,11.802056806976111],[77.93613742270395,11.793935031376634],[77.94602523657545,11.780030999930773]]]}},{"id":"528","type":"Feature","properties":{"ST_NAME":"TAMIL NADU","AC_NO":80,"AC_NAME":"Kallakurichi (SC)","DIST_NAME":"VILUPPURAM","PC_NAME":"KALLAKURICHI"},"geometry":{"type":"Polygon","coordinates":[[[79.11998780329452,11.804735000619814],[79.12493287395301,11.759404247508087],[79.14401243992222,11.751660599057459],[79.1268784025163,11.707425013353713],[79.12962148224568,11.700437482503844],[79.1671357517136,11.699490974828677],[79.151487408717,11.669298042071034],[79.18224905744808,11.657195352683402],[79.17797841627095,11.643650579710538],[79.19204786092013,11.639420131933605],[79.19069456200447,11.61906464201968],[79.1810801060621,11.610248275037918],[79.19443666981653,11.60226657424306],[79.1924824061382,11.593047406312792],[79.1836307524573,11.586032812164603],[79.15643016002394,11.598298008146628],[79.13569608160896,11.589006076069609],[79.11641978804283,11.599236644055907],[79.11288766833127,11.613343789184569],[79.09816451458073,11.61423535098072],[79.08402807943236,11.634372052927972],[79.06742336319769,11.630269360142904],[79.06551776003664,11.611389046167574],[79.07691717868488,11.608051912066117],[79.07740106071043,11.599015918050213],[79.04913655500809,11.585784687413422],[79.04312671132874,11.58728850945721],[79.04975493424286,11.595677901713827],[79.01833898015985,11.606807223374688],[79.01208465758094,11.602721419857687],[79.0188161874172,11.592935152035693],[79.00435281453082,11.574691659692405],[78.92401141279652,11.56745849341479],[78.9047117467498,11.50461823864083],[78.87751229555607,11.507549446649705],[78.87064447796035,11.517641993882933],[78.84308512258042,11.52334255981134],[78.8355705926088,11.539715009939812],[78.81570284101338,11.543790950591927],[78.81611531147252,11.561186345373585],[78.82908905181836,11.577779487333544],[78.81676349603856,11.590242169040891],[78.77586422335526,11.605556567681504],[78.78930791432884,11.628945072457157],[78.78635832237876,11.640662333999558],[78.77367507744293,11.636373370035074],[78.80536914237206,11.660217845477234],[78.80349812174097,11.686411981427852],[78.83270621951647,11.673948175567887],[78.83697616911496,11.703717968309661],[78.88202342713953,11.699961402097074],[78.88719760638446,11.736442705766308],[78.90538667535486,11.763693805924447],[78.94393409678122,11.751493590456903],[78.95493658255731,11.760867372531266],[78.95014088389473,11.774418773507648],[78.9689408758208,11.778784173550832],[78.98511232117676,11.77049753063659],[78.98939714016592,11.759023577076448],[79.00464646026597,11.755129727554959],[79.01809145975312,11.775270946796809],[79.02970004901812,11.753111505891354],[79.03748667337135,11.76583940936132],[79.04713232229886,11.758650970865688],[79.05553112326277,11.762622566778077],[79.0779530870654,11.791715348984212],[79.08790474740624,11.786287567217528],[79.11998780329452,11.804735000619814]]]}},{"id":"529","type":"Feature","properties":{"ST_NAME":"TAMIL NADU","AC_NO":82,"AC_NAME":"Attur(SC)","DIST_NAME":"SALEM","PC_NAME":"KALLAKURICHI"},"geometry":{"type":"Polygon","coordinates":[[[78.50961501052439,11.770863603272744],[78.52935731298965,11.76402888162761],[78.51848860676387,11.750882707970618],[78.52386309110881,11.745717805232573],[78.51793390312719,11.739515651426245],[78.51116221226636,11.743868164184505],[78.51124981162957,11.733417833366389],[78.53079774721834,11.729384150058536],[78.53786794914657,11.740302172407382],[78.54422683949713,11.723490923267548],[78.5568644816106,11.728290870327442],[78.56417959231442,11.721998086442568],[78.58388147654898,11.725194193357368],[78.59283171481184,11.754950998090123],[78.62106076564186,11.756009121523789],[78.6266739435477,11.77227423756608],[78.64016433271786,11.76422012066206],[78.63801700797859,11.722626030866707],[78.65265811657889,11.714916122281295],[78.64559303988693,11.660443836114212],[78.66040730305463,11.661742202640596],[78.66176174141128,11.647449898793866],[78.64805033215714,11.637376660904238],[78.64747190620358,11.605789540654825],[78.66256418219132,11.584099895693669],[78.64354887278233,11.557798987733122],[78.62716667849946,11.508979761706712],[78.60324556373183,11.520552021058961],[78.57371525955165,11.513475889001143],[78.57312818211994,11.505277748369451],[78.58415182444719,11.502430579307827],[78.57888911683932,11.499770015074205],[78.5832599757673,11.49039453058316],[78.60503617328084,11.484116154736796],[78.61967126991323,11.489787952252243],[78.60194147751724,11.462957204211648],[78.59492864244294,11.462523161714614],[78.59782922943543,11.478366729540994],[78.54798274470795,11.457656282611424],[78.55556531738557,11.468672394915131],[78.55143361067263,11.481706107450975],[78.52149348093945,11.470853579129425],[78.50586497698714,11.479713832127686],[78.49193239386494,11.476238518093169],[78.4967825311889,11.492401186065933],[78.48524169324958,11.48435976489128],[78.47736232271308,11.48969183181265],[78.47862333409967,11.501672504782334],[78.464873825067,11.502655219163103],[78.4732989734689,11.522801048329768],[78.46160452143158,11.5293535141534],[78.46651280262381,11.537644206714845],[78.4542990667486,11.542456434017254],[78.46060386018007,11.561455763372805],[78.44878241847391,11.565583627282649],[78.45158798579695,11.597156978012151],[78.43303658357155,11.595411333666164],[78.42483017817023,11.611792051262228],[78.41781483218881,11.610777825536275],[78.42681682373751,11.631965248597396],[78.41721634236035,11.638231172430721],[78.4257079695472,11.671494452706895],[78.4177084360955,11.684396806667337],[78.43252436480765,11.685714426779441],[78.43821861299864,11.69950096179997],[78.42792557630435,11.711184565315477],[78.42014015974064,11.703639515950954],[78.41023710146112,11.706186799781051],[78.41500227083816,11.720105272540366],[78.43626708505798,11.732037535004281],[78.43771059766601,11.746539897997934],[78.45653499809174,11.749591005420598],[78.45672091403901,11.743652670434415],[78.47558109669029,11.761336017343353],[78.50961501052439,11.770863603272744]]]}},{"id":"530","type":"Feature","properties":{"ST_NAME":"TAMIL NADU","AC_NO":109,"AC_NAME":"Gudalur (SC)","DIST_NAME":"THE NILGIRIS","PC_NAME":"NILGIRIS (SC)"},"geometry":{"type":"Polygon","coordinates":[[[76.481633062316,11.692642212068506],[76.51162631859978,11.705094878026273],[76.53879440054124,11.689602925334782],[76.55133754549138,11.6724344672769],[76.55990526611521,11.622591005170818],[76.57669942543816,11.614616078968936],[76.5922401762432,11.618776027092053],[76.61390221741345,11.608120974603366],[76.66128862377104,11.615952299758874],[76.74906393125548,11.615251880769733],[76.74810125736718,11.60285276314454],[76.72101091282343,11.602659898135812],[76.70546854863466,11.583511021416541],[76.70753169503178,11.575666320644245],[76.69073156870701,11.57324805715217],[76.6882968799971,11.554530654466191],[76.70612973200161,11.532919107530859],[76.70617886466295,11.513642079218641],[76.6878298935348,11.495210974806696],[76.68566192845532,11.478352150631281],[76.65573775449383,11.46486906575484],[76.655769399838,11.438186641100629],[76.6306564792132,11.43345157652908],[76.6089561682926,11.462275847252613],[76.59856319623458,11.435131562271806],[76.5921634973476,11.437312732996304],[76.532872722798,11.372705920142153],[76.5171751608051,11.36949804919567],[76.46195176626105,11.387486772596503],[76.41527120090524,11.422485453940624],[76.41888476232197,11.441758894857173],[76.39793713628984,11.434852436091091],[76.34221552542624,11.46777318168705],[76.32563313396201,11.45335670844537],[76.30528854922721,11.467964473781478],[76.29369969108791,11.465671470561972],[76.28452029747382,11.482876763951538],[76.2756097669772,11.476871237018031],[76.26443832556834,11.480923890625093],[76.2474033610763,11.46834090570826],[76.25074557904532,11.502834825466891],[76.23776131932948,11.527455387955854],[76.25025082331689,11.527455145138902],[76.251427124862,11.537860392942832],[76.23399311319167,11.568577125034324],[76.27865885452258,11.600890723028499],[76.28605144092131,11.59026629425415],[76.29568044789443,11.590664837812085],[76.3021946592562,11.571280297347869],[76.33577779331057,11.595744869730026],[76.34023718959469,11.587086171889382],[76.35469446417824,11.589348479448802],[76.3776299723454,11.601887282472148],[76.38785361465267,11.629662806992997],[76.43248877004078,11.63162418790597],[76.44380253186142,11.647241951255069],[76.43093587109365,11.66654224322997],[76.45816810707254,11.664454149639369],[76.481633062316,11.692642212068506]]]}},{"id":"531","type":"Feature","properties":{"ST_NAME":"TAMIL NADU","AC_NO":153,"AC_NAME":"Neyveli","DIST_NAME":"CUDDALORE","PC_NAME":"CUDDALORE"},"geometry":{"type":"Polygon","coordinates":[[[79.46267224043163,11.742784330932182],[79.47060901919093,11.778842778771264],[79.5020426422542,11.765428269898791],[79.51027334643783,11.774069053244261],[79.51993437647036,11.767207739545597],[79.52180617321636,11.752151766490897],[79.5483246046968,11.762118283631935],[79.55686203525477,11.758162085012259],[79.55577308486005,11.738264671977106],[79.57286943617561,11.745457253649363],[79.57554122574703,11.735927608272561],[79.60354505665907,11.723963392896337],[79.60921725167486,11.708155261056504],[79.6441770886018,11.701304918187475],[79.64704569480301,11.681306303543124],[79.69171947697237,11.671751277499482],[79.67380951979356,11.668886755119729],[79.66916600800494,11.648675140545322],[79.65611959884046,11.640495806536308],[79.62557064426989,11.644840157946987],[79.62545915621513,11.613853157996914],[79.60880332791129,11.614326819227358],[79.61613031776,11.60282142087192],[79.61142815308688,11.595013736195028],[79.5807425474307,11.583148400378434],[79.55555214121841,11.583360496489775],[79.54884930784931,11.565613126844369],[79.52360656019465,11.560663475938725],[79.49489105527806,11.567640772503694],[79.49439921335306,11.573625635714563],[79.48276051478598,11.569725699581397],[79.46861211056051,11.579191527267199],[79.46976779424836,11.590018895255866],[79.45214862745723,11.586677152128914],[79.43668594050382,11.602378190900822],[79.45507689198502,11.620450283254002],[79.4705906730212,11.619635122462967],[79.47022262367523,11.625785491507258],[79.4532997138108,11.629604453582715],[79.43167255554408,11.665846444058218],[79.4441613094969,11.665921668750059],[79.43711603317843,11.718020356254499],[79.42835950168973,11.730721241392246],[79.46267224043163,11.742784330932182]]]}},{"id":"532","type":"Feature","properties":{"ST_NAME":"TAMIL NADU","AC_NO":88,"AC_NAME":"Salem (West)","DIST_NAME":"SALEM","PC_NAME":"SALEM"},"geometry":{"type":"Polygon","coordinates":[[[78.17002519001056,11.737930240188462],[78.1782020301996,11.71987968479965],[78.18794045408873,11.720325864547078],[78.18600083676927,11.711598650957],[78.20498872584909,11.72460396020466],[78.20550126387229,11.716652289571527],[78.21515097054089,11.715562108004917],[78.20326223256603,11.699427339700037],[78.17511409374049,11.695763484597194],[78.16154279346523,11.720777012149426],[78.15502152961994,11.719336687638076],[78.15529988418234,11.70453684240141],[78.13713296281605,11.696776451272285],[78.13273630593585,11.710807216080184],[78.12323673748551,11.711665905856933],[78.10104874760168,11.695140128514197],[78.10211319866522,11.672711009705381],[78.09123784644953,11.666339111560774],[78.0900396464126,11.648419894962217],[78.08077400511633,11.645059516983167],[78.08454338307075,11.653595251419745],[78.06669892981182,11.664931727417354],[78.06829321466017,11.672682636994125],[78.05094034701943,11.673881371228333],[78.04807290274232,11.691045420809587],[78.02492228303697,11.700290161861517],[78.0088383677965,11.69067622392862],[78.00133947613597,11.700400944847786],[78.01665605922983,11.719435889155022],[78.03500110931378,11.711952552168611],[78.03757998542807,11.731180930755386],[78.04592389806947,11.720394294860853],[78.06836327544488,11.730632050228962],[78.08089549453149,11.725637688628467],[78.10694289979506,11.732429161876382],[78.13014512439804,11.724967527329568],[78.1478091295877,11.743384438640987],[78.17002519001056,11.737930240188462]]]}},{"id":"533","type":"Feature","properties":{"ST_NAME":"TAMIL NADU","AC_NO":156,"AC_NAME":"Kurinjipadi","DIST_NAME":"CUDDALORE","PC_NAME":"CUDDALORE"},"geometry":{"type":"Polygon","coordinates":[[[79.68418614127745,11.765470219674967],[79.72366593213712,11.758298911465658],[79.72806848767061,11.742842872300741],[79.73916816677752,11.741166852568256],[79.73451204649382,11.732490089146324],[79.74946101551353,11.72742848433711],[79.75112688909473,11.710169776613952],[79.77690539616714,11.700038223984905],[79.75724164768394,11.567208600596473],[79.73123125401924,11.573222499318945],[79.71071607688549,11.564026823479196],[79.70393840913033,11.548291069077607],[79.66875225331387,11.544557798903327],[79.67501576516548,11.536702675887852],[79.6625398499342,11.513484604331097],[79.63539789509684,11.503639599987594],[79.62867779744244,11.52642463988525],[79.61109452439285,11.514885774159211],[79.60043847005943,11.520852541211866],[79.59813172519904,11.50417986231082],[79.57570444730248,11.508783654642002],[79.57554660549152,11.502644769940218],[79.55216893035191,11.502561226519447],[79.54509353304019,11.489347780875448],[79.52254497706912,11.49360750428292],[79.51876355899111,11.500732105302461],[79.53944716655354,11.53944128778528],[79.5218437325023,11.551375041325173],[79.52360656019465,11.560663475938725],[79.54884930784931,11.565613126844369],[79.55555214121841,11.583360496489775],[79.5807425474307,11.583148400378434],[79.61142815308688,11.595013736195028],[79.61613031776,11.60282142087192],[79.60880332791129,11.614326819227358],[79.62545915621513,11.613853157996914],[79.62557064426989,11.644840157946987],[79.65611959884046,11.640495806536308],[79.66916600800494,11.648675140545322],[79.67380951979356,11.668886755119729],[79.69171947697237,11.671751277499482],[79.64704569480301,11.681306303543124],[79.6441770886018,11.701304918187475],[79.60921725167486,11.708155261056504],[79.59349574073588,11.731072892500038],[79.61034029626774,11.748565457230143],[79.62234851277373,11.741586136291232],[79.65509781970866,11.74158849071631],[79.66338700140903,11.72996270731312],[79.66402086067421,11.739403482584692],[79.68471329328389,11.745662890829806],[79.68418614127745,11.765470219674967]]]}},{"id":"534","type":"Feature","properties":{"ST_NAME":"TAMIL NADU","AC_NO":89,"AC_NAME":"Salem (North)","DIST_NAME":"SALEM","PC_NAME":"SALEM"},"geometry":{"type":"Polygon","coordinates":[[[78.20326223256603,11.699427339700037],[78.19467781602845,11.67967738760143],[78.21030843428684,11.67365964967314],[78.20743491419,11.662714751084934],[78.11987599797897,11.648674401302628],[78.10561493208348,11.666153506778983],[78.09123784644953,11.666339111560774],[78.10211319866522,11.672711009705381],[78.10104874760168,11.695140128514197],[78.12323673748551,11.711665905856933],[78.13273630593585,11.710807216080184],[78.13713296281605,11.696776451272285],[78.15529988418234,11.70453684240141],[78.15502152961994,11.719336687638076],[78.16154279346523,11.720777012149426],[78.17511409374049,11.695763484597194],[78.20326223256603,11.699427339700037]]]}},{"id":"535","type":"Feature","properties":{"ST_NAME":"TAMIL NADU","AC_NO":87,"AC_NAME":"Sankari","DIST_NAME":"SALEM","PC_NAME":"NAMAKKAL"},"geometry":{"type":"Polygon","coordinates":[[[78.00164459272384,11.706845844560121],[78.0088383677965,11.69067622392862],[78.02492228303697,11.700290161861517],[78.04011781378614,11.690594038484164],[78.03381694319745,11.688774459973388],[78.02998881792968,11.659448999771598],[78.01492427163788,11.663159713150264],[78.00513529505787,11.64852108667884],[78.0285891508687,11.620428917160837],[78.01762938738636,11.607131216732341],[77.99882615340431,11.610644932717548],[77.99621892526324,11.601790153892523],[77.99883367983051,11.591657519379055],[78.01419455813243,11.58629005783996],[78.00587275892076,11.556118791549068],[78.02012452942353,11.552264167757187],[78.01860203925276,11.528839477859663],[77.97829320117035,11.528835356266711],[77.9722509108509,11.468224782547736],[77.94904447112549,11.474158016579224],[77.94178687836182,11.460229263669646],[77.92324891200775,11.46141321934465],[77.92430044431012,11.451455217884075],[77.9152792954032,11.458492060360356],[77.91075452110431,11.42215102215198],[77.88022164551256,11.423163998719588],[77.874952649845,11.413248068443636],[77.86377315860443,11.423522851598364],[77.85312039578969,11.414830745742393],[77.85039501381891,11.434455278388441],[77.81972099232996,11.44577356200034],[77.83467427989416,11.457259856057533],[77.82984541243587,11.470255858221321],[77.80834396680069,11.468881484592885],[77.8157641605876,11.467585163124852],[77.814399281102,11.457619752149867],[77.80574509965669,11.45918158046561],[77.80379979772255,11.448346587125343],[77.78393011168538,11.4507765247169],[77.79103956002774,11.466123805269433],[77.77291957607764,11.482761269417097],[77.76564895843273,11.47899599237121],[77.76034462390533,11.45097006511645],[77.73142367246459,11.44481272902425],[77.71937718800689,11.453398186976813],[77.7086727141745,11.449249063993136],[77.7119390797248,11.463886684123224],[77.6966885914054,11.46446300206594],[77.70243204510285,11.48251550358765],[77.73151692406685,11.510139000414597],[77.72386212683574,11.535802513874955],[77.74265639367769,11.563269917172988],[77.74045172546681,11.554218385570096],[77.7488961085686,11.55510221139798],[77.75870079630477,11.572779629975969],[77.74574088123671,11.576517618893035],[77.75946661938906,11.590520647709752],[77.80825617588187,11.584995133918369],[77.80758739594165,11.564894653065835],[77.81557889125287,11.557855054167476],[77.85160739886243,11.56138201266981],[77.83861893301741,11.530997125916656],[77.90251326787308,11.524369831102888],[77.91557725698488,11.548126545303887],[77.931166894037,11.556046915932484],[77.91963507629777,11.565626254248286],[77.92447039819041,11.575245985613776],[77.94260637478442,11.567333293396814],[77.95819388224191,11.590257307328898],[77.95149644120784,11.619602324187952],[77.9414454084789,11.62447126004065],[77.94233021996376,11.66524636872498],[77.92373447126892,11.668206985464053],[77.91634443175019,11.659095032909477],[77.90017344774645,11.68095224584954],[77.92483518569531,11.696517680346744],[77.93699138114738,11.68104476540367],[77.96901927262138,11.67907853354751],[77.98928130588763,11.708123933172999],[78.00164459272384,11.706845844560121]]]}},{"id":"536","type":"Feature","properties":{"ST_NAME":"TAMIL NADU","AC_NO":104,"AC_NAME":"Bhavani","DIST_NAME":"ERODE","PC_NAME":"TIRUPPUR"},"geometry":{"type":"Polygon","coordinates":[[[77.74877726585817,11.659360216001232],[77.77535278000687,11.696359380780848],[77.76083076053123,11.647915989531327],[77.73569190255932,11.601868611647149],[77.74592036972933,11.570359712630705],[77.72386212683574,11.535802513874955],[77.73151692406685,11.510139000414597],[77.70243204510285,11.48251550358765],[77.68386378598501,11.427688357531736],[77.67346021092004,11.451740039471304],[77.6457957005112,11.459081613625642],[77.6408803614396,11.397359174786118],[77.58750295399818,11.405116411093559],[77.58362556296942,11.392346169340271],[77.54891149816717,11.373923891774211],[77.51988899258299,11.388800694696329],[77.50710414134312,11.435416969317714],[77.50991777018902,11.46085613879984],[77.52908595625195,11.467041022924889],[77.54191074368595,11.446150888752584],[77.58497599214837,11.436648530605225],[77.59487198445458,11.454130594851108],[77.56866002484031,11.461889780888725],[77.55706992833456,11.476330330780172],[77.57015136609272,11.491769450999413],[77.59045797155818,11.499045476267781],[77.60535398309992,11.518883230976371],[77.60051663773271,11.52858341479282],[77.61943894734958,11.56863066257506],[77.6113516319723,11.571955938216036],[77.61006954497356,11.602500804468605],[77.62446892210312,11.618045014066183],[77.65601312490583,11.617361168683033],[77.66889572525758,11.6365796808077],[77.64848293863679,11.652066531645175],[77.65272753274951,11.67560365388556],[77.67538377893828,11.676048946901403],[77.69014124272422,11.694097135274603],[77.69792155833329,11.69353228638596],[77.68934123910697,11.652080058348076],[77.69997985288796,11.63469859316558],[77.7160727397652,11.641927413019744],[77.71539575710858,11.649154138352856],[77.74877726585817,11.659360216001232]]]}},{"id":"537","type":"Feature","properties":{"ST_NAME":"TAMIL NADU","AC_NO":91,"AC_NAME":"Veerapandi","DIST_NAME":"SALEM","PC_NAME":"SALEM"},"geometry":{"type":"Polygon","coordinates":[[[78.11097832149238,11.657994297798666],[78.09669172474338,11.652551436199872],[78.09483591614469,11.637505103877515],[78.11381742993052,11.621319402468487],[78.12582665727444,11.636624544387246],[78.13569213198633,11.616270960136774],[78.1570552061329,11.631426918017894],[78.19081782148533,11.625199243250506],[78.19832194360288,11.642580435938441],[78.22454585610643,11.64968595064613],[78.22076657661626,11.634442149685526],[78.24088612219686,11.632358255029487],[78.25794283589323,11.640345177288168],[78.25296821980754,11.623517323965359],[78.27662458945332,11.640549344077044],[78.29676449028904,11.636795627816014],[78.31218062833341,11.62420301475737],[78.31802116384569,11.598859419826397],[78.30973413782027,11.587896071646412],[78.27188255603517,11.57873984276955],[78.26428128825091,11.567058874267673],[78.27702695063334,11.565850277168579],[78.24314668687015,11.55299889858037],[78.20870098516241,11.56514784639603],[78.2012213407923,11.552831670545231],[78.17783752508177,11.544745247295396],[78.16556340782506,11.548314680777935],[78.15979160210082,11.538656756104444],[78.13811102590319,11.544059416209166],[78.13142632376588,11.538168229080554],[78.11674983943362,11.540549453094854],[78.10543138135324,11.557381470278699],[78.09106321699392,11.546362253515213],[78.08332646814205,11.55410074255525],[78.07766327533994,11.528486689109457],[78.0585478174279,11.515173809923454],[78.05540761686808,11.522367499560517],[78.05382561406088,11.513791679642338],[78.03476457682382,11.52909658683808],[78.01860203925276,11.528839477859663],[78.02012452942353,11.552264167757187],[78.00587275892076,11.556118791549068],[78.01419455813243,11.58629005783996],[77.99883367983051,11.591657519379055],[77.99621892526324,11.601790153892523],[77.99882615340431,11.610644932717548],[78.01762938738636,11.607131216732341],[78.0285891508687,11.620428917160837],[78.00513529505787,11.64852108667884],[78.01492427163788,11.663159713150264],[78.02998881792968,11.659448999771598],[78.03381694319745,11.688774459973388],[78.04807290274232,11.691045420809587],[78.05094034701943,11.673881371228333],[78.06829321466017,11.672682636994125],[78.06669892981182,11.664931727417354],[78.08454338307075,11.653595251419745],[78.08077400511633,11.645059516983167],[78.0900396464126,11.648419894962217],[78.09323672009862,11.661834156521138],[78.10561493208348,11.666153506778983],[78.11097832149238,11.657994297798666]]]}},{"id":"538","type":"Feature","properties":{"ST_NAME":"TAMIL NADU","AC_NO":81,"AC_NAME":"Gangavalli (SC)","DIST_NAME":"SALEM","PC_NAME":"KALLAKURICHI"},"geometry":{"type":"Polygon","coordinates":[[[78.71810116313821,11.684068860789353],[78.78073111325034,11.702908109921395],[78.80349812174097,11.686411981427852],[78.80536914237206,11.660217845477234],[78.77367507744293,11.636373370035074],[78.78635832237876,11.640662333999558],[78.78930791432884,11.628945072457157],[78.77586422335526,11.605556567681504],[78.81676349603856,11.590242169040891],[78.82908905181836,11.577779487333544],[78.81611531147252,11.561186345373585],[78.81570284101338,11.543790950591927],[78.8355705926088,11.539715009939812],[78.84308512258042,11.52334255981134],[78.83390875428563,11.506716457698417],[78.81019313280689,11.508002162669698],[78.80967515658324,11.482760295451328],[78.79829277379253,11.482629373946509],[78.78994745910802,11.457561931138287],[78.81906534319108,11.44047137775192],[78.82268065558782,11.428096657834544],[78.80132691460545,11.402679345475462],[78.79893392566021,11.386064587410829],[78.78894397218664,11.38760116726013],[78.74140868846024,11.4497238448796],[78.70321331114548,11.456343109646866],[78.68019028185608,11.429884105367194],[78.6510658210309,11.421969357300043],[78.66349236258253,11.374179861311575],[78.64214141579379,11.343233150989192],[78.5819990399238,11.329771554513684],[78.57768921888243,11.31661413483448],[78.55435347643186,11.318102420190598],[78.55445225706609,11.357842453266642],[78.54287245959637,11.369307921723248],[78.52361011181728,11.371302412076716],[78.51485336539054,11.385270548097367],[78.50434870472901,11.37945118802196],[78.50981861523695,11.396210779204125],[78.49630787081162,11.408611221530691],[78.48607039962928,11.407035231590726],[78.48772620260223,11.413824815363],[78.42631211341336,11.386250551921478],[78.44574482786157,11.402421893855376],[78.44837469373721,11.429394429009733],[78.45715748632898,11.438509844853513],[78.44498149589936,11.439851423804214],[78.43718354458497,11.463863365601867],[78.42595578762956,11.473082472378223],[78.43288558650067,11.475914082269128],[78.43428473914946,11.49931259559986],[78.45832453115224,11.502473751262642],[78.4615125099944,11.495383856879528],[78.464873825067,11.502655219163103],[78.47862333409967,11.501672504782334],[78.47736232271308,11.48969183181265],[78.48524169324958,11.48435976489128],[78.4967825311889,11.492401186065933],[78.49193239386494,11.476238518093169],[78.50586497698714,11.479713832127686],[78.52149348093945,11.470853579129425],[78.55143361067263,11.481706107450975],[78.55556531738557,11.468672394915131],[78.54798274470795,11.457656282611424],[78.59782922943543,11.478366729540994],[78.59492864244294,11.462523161714614],[78.60194147751724,11.462957204211648],[78.61967126991323,11.489787952252243],[78.60503617328084,11.484116154736796],[78.5832599757673,11.49039453058316],[78.57888911683932,11.499770015074205],[78.58415182444719,11.502430579307827],[78.57312818211994,11.505277748369451],[78.57371525955165,11.513475889001143],[78.60324556373183,11.520552021058961],[78.62716667849946,11.508979761706712],[78.64354887278233,11.557798987733122],[78.66256418219132,11.584099895693669],[78.64747190620358,11.605789540654825],[78.64805033215714,11.637376660904238],[78.66176174141128,11.647449898793866],[78.68009046969945,11.64368223764518],[78.68305773782441,11.667504220143712],[78.67766388927714,11.671180681942985],[78.6925363952385,11.689534584053888],[78.71810116313821,11.684068860789353]]]}},{"id":"539","type":"Feature","properties":{"ST_NAME":"TAMIL NADU","AC_NO":90,"AC_NAME":"Salem (South)","DIST_NAME":"SALEM","PC_NAME":"SALEM"},"geometry":{"type":"Polygon","coordinates":[[[78.20743491419,11.662714751084934],[78.20934931991525,11.650271994756793],[78.2290184463443,11.651139757793658],[78.19832194360288,11.642580435938441],[78.19081782148533,11.625199243250506],[78.1570552061329,11.631426918017894],[78.13569213198633,11.616270960136774],[78.12582665727444,11.636624544387246],[78.11381742993052,11.621319402468487],[78.09483591614469,11.637505103877515],[78.09669172474338,11.652551436199872],[78.10710507633826,11.653998858160833],[78.10348763974281,11.658906097038823],[78.11987599797897,11.648674401302628],[78.20743491419,11.662714751084934]]]}},{"id":"540","type":"Feature","properties":{"ST_NAME":"TAMIL NADU","AC_NO":108,"AC_NAME":"Udhagamandalam","DIST_NAME":"THE NILGIRIS","PC_NAME":"NILGIRIS (SC)"},"geometry":{"type":"Polygon","coordinates":[[[76.8467506283389,11.595112988973312],[76.8462693417568,11.584145520999016],[76.83230227143275,11.570959685441153],[76.86503922887738,11.541618578834402],[76.86976891910041,11.51333432941584],[76.83251976527498,11.46094065978366],[76.81633921967932,11.45057403876092],[76.80768908158592,11.410647817243046],[76.79268597967427,11.402458809226687],[76.75584161609777,11.400181271648421],[76.75772930386432,11.393969304439906],[76.74162178231944,11.385157930494131],[76.75590019703651,11.360001609486744],[76.74788297212154,11.341962865793676],[76.75942507091037,11.332488715781665],[76.73647315191448,11.329250506205938],[76.7202603269526,11.36514010273362],[76.69116868508678,11.352715948882008],[76.69584081060498,11.28384870935048],[76.70634306468077,11.278167301679673],[76.69647128392268,11.271152626592482],[76.67718285490491,11.276532562627722],[76.69990274701422,11.257118927296688],[76.70665969798671,11.238072041791327],[76.6849368887265,11.233871910160588],[76.67771522927444,11.22113244500639],[76.62919040891029,11.194026572768166],[76.60044387378582,11.206129339497465],[76.53398028736041,11.196691157870703],[76.51016365942542,11.211457040210291],[76.47232250348083,11.208782083226595],[76.47342541405169,11.194835383446218],[76.4583402355135,11.187638444558615],[76.4519860441207,11.199301740483008],[76.43877257059773,11.199113471009923],[76.44905658529325,11.205532653709042],[76.45318040405249,11.239474239544563],[76.52190774864374,11.271975201394469],[76.52604147793193,11.288356277820014],[76.54553977274236,11.301097752059661],[76.5369881346947,11.314556221592397],[76.54968195925505,11.331615752864764],[76.54752336151398,11.359436229998039],[76.50951782208989,11.35535641776454],[76.5171751608051,11.36949804919567],[76.532872722798,11.372705920142153],[76.5921634973476,11.437312732996304],[76.59856319623458,11.435131562271806],[76.6089561682926,11.462275847252613],[76.6306564792132,11.43345157652908],[76.655769399838,11.438186641100629],[76.65573775449383,11.46486906575484],[76.68566192845532,11.478352150631281],[76.6878298935348,11.495210974806696],[76.70617886466295,11.513642079218641],[76.70612973200161,11.532919107530859],[76.6882968799971,11.554530654466191],[76.69073156870701,11.57324805715217],[76.70753169503178,11.575666320644245],[76.70546854863466,11.583511021416541],[76.72101091282343,11.602659898135812],[76.74810125736718,11.60285276314454],[76.74906393125548,11.615251880769733],[76.75711603907399,11.619058412415825],[76.82304322396567,11.608353515002761],[76.8467506283389,11.595112988973312]]]}},{"id":"541","type":"Feature","properties":{"ST_NAME":"TAMIL NADU","AC_NO":152,"AC_NAME":"Vriddhachalam","DIST_NAME":"CUDDALORE","PC_NAME":"CUDDALORE"},"geometry":{"type":"Polygon","coordinates":[[[79.1836307524573,11.586032812164603],[79.21233187361713,11.620147782793993],[79.21576150299103,11.639221696524146],[79.23554691625725,11.629381688813965],[79.24868624607348,11.652665054748525],[79.27108272668653,11.643904447532293],[79.29233967453644,11.646948229976886],[79.3085440170928,11.632841378027251],[79.33266803420247,11.661126776779383],[79.35906315424126,11.659747532422728],[79.36162173535484,11.672635847966035],[79.37722781111466,11.679086981778823],[79.39528308614558,11.68014088199618],[79.43167255554408,11.665846444058218],[79.4532997138108,11.629604453582715],[79.47022262367523,11.625785491507258],[79.4705906730212,11.619635122462967],[79.43880652570067,11.610712488890272],[79.43492948360881,11.596927122988404],[79.44539457050308,11.587953567103511],[79.44216450698644,11.56000634042033],[79.44839572238476,11.558075371880932],[79.41158180445677,11.549171053901091],[79.4135608633432,11.520494485132417],[79.39020079692926,11.536866895690707],[79.370177451828,11.532627839603151],[79.37382802484353,11.51070062613303],[79.36599638222731,11.491014485430185],[79.35209267903394,11.503449780982635],[79.35560694090765,11.517301723695653],[79.34448828610556,11.521172966059567],[79.33649280499901,11.462558900772706],[79.32203645761649,11.447155200352256],[79.36188320964249,11.437483055598591],[79.372309363986,11.427657993721482],[79.37220567305343,11.415212560111627],[79.31462110488013,11.418600790993764],[79.30779688641724,11.438344709540786],[79.2872658119677,11.453128206001963],[79.2932239806023,11.460692023318245],[79.2840144093376,11.48017641820718],[79.22863486101011,11.471766669796011],[79.2275518596307,11.49657687772077],[79.21305401842824,11.501134519542518],[79.19466282053281,11.493424932914365],[79.18300465164344,11.501686907424869],[79.14794928513146,11.47013580502346],[79.12352547721906,11.478439611498914],[79.12954791230635,11.49716984481256],[79.10371460054841,11.517799647735615],[79.10043310930064,11.529947334701774],[79.07268926519748,11.527703893120247],[79.05654945439386,11.543898176759512],[79.07861751698488,11.573349262358647],[79.07691717868488,11.608051912066117],[79.06551776003664,11.611389046167574],[79.06742336319769,11.630269360142904],[79.08402807943236,11.634372052927972],[79.09816451458073,11.61423535098072],[79.11288766833127,11.613343789184569],[79.11641978804283,11.599236644055907],[79.13569608160896,11.589006076069609],[79.15643016002394,11.598298008146628],[79.1836307524573,11.586032812164603]]]}},{"id":"542","type":"Feature","properties":{"ST_NAME":"TAMIL NADU","AC_NO":110,"AC_NAME":"Coonoor","DIST_NAME":"THE NILGIRIS","PC_NAME":"NILGIRIS (SC)"},"geometry":{"type":"Polygon","coordinates":[[[76.8462693417568,11.584145520999016],[76.89001418450704,11.572399893040654],[76.90811626115658,11.580438618047822],[76.91631691809135,11.563942910436992],[76.92034485563062,11.578762940957006],[76.94040762521178,11.579401984813785],[76.9736210956371,11.565819525750555],[76.97526923638623,11.554231287244136],[77.00728006951965,11.545634605752525],[77.00627630920434,11.524157543435933],[77.01471300130402,11.525910662946785],[76.99649167814846,11.512944699937975],[76.9911290117945,11.481047580681377],[77.01197016529096,11.442599161122416],[77.00798003794847,11.433979818513876],[76.98295194947292,11.440436277212484],[76.98106847952675,11.402131215882946],[76.92834842973627,11.368197760818077],[76.94948694676526,11.365882860006025],[76.90311382993934,11.35108215411816],[76.90303780664954,11.362552913286379],[76.88922308777535,11.365778965826678],[76.8840807076586,11.351922526503472],[76.87696329222223,11.358856224834938],[76.86259962627179,11.351450234041124],[76.86893881787222,11.345171945429001],[76.84963857625934,11.34411610897132],[76.85121810323295,11.327636905718691],[76.86063175495161,11.324390613036428],[76.85439210661048,11.3183479773773],[76.85969302191546,11.30438723468319],[76.85359095725693,11.30639461951614],[76.85404055712604,11.296439468906442],[76.84252175887212,11.287528641633571],[76.817699017096,11.290139911327913],[76.80685113377285,11.299193003254572],[76.79747659356997,11.29582452148452],[76.79021442865303,11.279272522608892],[76.76886962962976,11.289718899107982],[76.7675355087568,11.264062553244287],[76.73698729163027,11.244871078337667],[76.70541636367432,11.264131202093324],[76.69990274701422,11.257118927296688],[76.67718285490491,11.276532562627722],[76.69647128392268,11.271152626592482],[76.70634306468077,11.278167301679673],[76.69584081060498,11.28384870935048],[76.69116868508678,11.352715948882008],[76.7202603269526,11.36514010273362],[76.73647315191448,11.329250506205938],[76.75942507091037,11.332488715781665],[76.74788297212154,11.341962865793676],[76.75590019703651,11.360001609486744],[76.74162178231944,11.385157930494131],[76.75772930386432,11.393969304439906],[76.75584161609777,11.400181271648421],[76.79268597967427,11.402458809226687],[76.80768908158592,11.410647817243046],[76.81633921967932,11.45057403876092],[76.83251976527498,11.46094065978366],[76.86976891910041,11.51333432941584],[76.86503922887738,11.541618578834402],[76.83230227143275,11.570959685441153],[76.8462693417568,11.584145520999016]]]}},{"id":"543","type":"Feature","properties":{"ST_NAME":"TAMIL NADU","AC_NO":92,"AC_NAME":"Rasipuram (SC)","DIST_NAME":"NAMAKKAL   *","PC_NAME":"NAMAKKAL"},"geometry":{"type":"Polygon","coordinates":[[[78.3858133511053,11.586551241646532],[78.45158798579695,11.597156978012151],[78.44878241847391,11.565583627282649],[78.46060386018007,11.561455763372805],[78.4542990667486,11.542456434017254],[78.46651280262381,11.537644206714845],[78.46160452143158,11.5293535141534],[78.4732989734689,11.522801048329768],[78.4615125099944,11.495383856879528],[78.45832453115224,11.502473751262642],[78.43428473914946,11.49931259559986],[78.43288558650067,11.475914082269128],[78.42595578762956,11.473082472378223],[78.43718354458497,11.463863365601867],[78.44498149589936,11.439851423804214],[78.45715748632898,11.438509844853513],[78.44837469373721,11.429394429009733],[78.41771477091999,11.419961071346393],[78.40255371388287,11.429370859577546],[78.40152883838522,11.446289414924593],[78.385211052648,11.440844924653618],[78.36841352086736,11.447164950801891],[78.3370942196226,11.42592769360823],[78.33912894294645,11.412955564847493],[78.32483004976706,11.412202933018989],[78.29863493175674,11.431331376242042],[78.3164285679241,11.4544165360943],[78.31987421692162,11.485430585852896],[78.25504095387697,11.47891319448837],[78.2378465485794,11.464902384737343],[78.2379491144601,11.445805522107207],[78.22345743451302,11.430103122661023],[78.2332589656288,11.426421398029163],[78.24353676690833,11.393277776148523],[78.22699487281517,11.383076036829664],[78.23221470254651,11.394285587909621],[78.20608137065881,11.39632294264976],[78.20909706997384,11.40460134507606],[78.19530183131451,11.413180555438316],[78.1970051157935,11.42268610797754],[78.18760346642688,11.423831818183885],[78.1714593154951,11.410804131105806],[78.17468328880278,11.42372938900013],[78.15425931461573,11.429442497773096],[78.15348366553877,11.419519648113294],[78.14175566878913,11.423527832943194],[78.14515950200945,11.413420732880581],[78.13490882608153,11.418828630636824],[78.13565224975156,11.409172395789483],[78.11925470853805,11.409700493882724],[78.12416658342113,11.416618233744543],[78.10617569625146,11.41889454824485],[78.11637118977865,11.431516114077453],[78.10637028615986,11.464430446607878],[78.09413023702086,11.463393173056545],[78.08284027755684,11.445512242396092],[78.0530536719894,11.466381541974613],[78.05099000128757,11.488444095318812],[78.07958777955247,11.489527450131789],[78.08302977910108,11.499713534951752],[78.06969848000091,11.508395893955367],[78.08332646814205,11.55410074255525],[78.09106321699392,11.546362253515213],[78.10543138135324,11.557381470278699],[78.11674983943362,11.540549453094854],[78.15979160210082,11.538656756104444],[78.16556340782506,11.548314680777935],[78.17783752508177,11.544745247295396],[78.2012213407923,11.552831670545231],[78.20870098516241,11.56514784639603],[78.24314668687015,11.55299889858037],[78.26384531311078,11.559136317387185],[78.27702695063334,11.565850277168579],[78.26428128825091,11.567058874267673],[78.27188255603517,11.57873984276955],[78.30973413782027,11.587896071646412],[78.31921317294962,11.578553418705383],[78.30722105340897,11.564677048606939],[78.32944086850137,11.558562561612973],[78.32320517987523,11.542679875975523],[78.31002358282217,11.541258223188493],[78.32843899676237,11.531363121211143],[78.34517749344661,11.541684634938008],[78.37445177502946,11.588608254667292],[78.3828314213331,11.575277300007428],[78.3858133511053,11.586551241646532]]]}},{"id":"544","type":"Feature","properties":{"ST_NAME":"TAMIL NADU","AC_NO":106,"AC_NAME":"Gobichettipalayam","DIST_NAME":"ERODE","PC_NAME":"TIRUPPUR"},"geometry":{"type":"Polygon","coordinates":[[[77.3650031344871,11.566563614019628],[77.36532972418746,11.529655750212726],[77.37817706122246,11.528721119883812],[77.37835351360383,11.506970358795058],[77.36319054280938,11.502038112468938],[77.36208641275778,11.516151223700035],[77.35024247720861,11.485983711179358],[77.36934208726757,11.47542805266255],[77.43290410374146,11.476478787266274],[77.45401598375071,11.494970862115622],[77.48367238097563,11.504051538947408],[77.47651331343872,11.493053556976122],[77.480038258359,11.482110396777443],[77.46408538243452,11.48260371179191],[77.45955842817898,11.475129927404282],[77.46174654346828,11.4613300815181],[77.47924975617138,11.457025579966569],[77.46726155317822,11.445792515212474],[77.473218401608,11.440663434270107],[77.46896764534063,11.426289168010726],[77.47798916117091,11.419723401214071],[77.45595412618201,11.423858020831062],[77.4675083793083,11.406690076286054],[77.48116782303669,11.409224993538658],[77.49447785946569,11.397973797552766],[77.49581106662748,11.403295995313954],[77.50359115740605,11.359655773395275],[77.48026975734348,11.356954977090595],[77.4663570321514,11.330893068460398],[77.42833733200234,11.330364485632572],[77.41840203302746,11.309435623055606],[77.38650783297015,11.322234818482116],[77.3652579573889,11.340589862732031],[77.363585206692,11.317291714640987],[77.33335331979993,11.31676315969213],[77.34834693836058,11.288108995733637],[77.33639403105974,11.257563651041721],[77.2957857142394,11.27270163956905],[77.31385522284035,11.28152071620815],[77.2861812533622,11.292738107577634],[77.28821653066842,11.340290446047277],[77.25360323849873,11.310254179686694],[77.25071282103994,11.33003705416678],[77.23823281838992,11.322247586157232],[77.24159066028079,11.30528811795233],[77.21709374198264,11.298164590723331],[77.20214145716255,11.301920886239941],[77.20415257777933,11.309961663500019],[77.21806968446845,11.30594174791338],[77.22642077819643,11.317639187498571],[77.23648751308832,11.314144936439732],[77.23450889217168,11.33119035105392],[77.22148887990795,11.340291873271383],[77.23483906117377,11.35101560968269],[77.21808721225511,11.352261534042611],[77.19656653102066,11.338754521803764],[77.18708744013333,11.341970013605305],[77.17943271844524,11.359233851061447],[77.19220651791653,11.368138628594863],[77.20717051550696,11.398015068340783],[77.24777888988393,11.391222920601365],[77.25506894367686,11.413355468180384],[77.24417290255747,11.414398549553482],[77.25027210827125,11.434508582105423],[77.26313507912067,11.425924185352926],[77.29698406895966,11.443328273880809],[77.29703545532209,11.463941728927693],[77.27937817616197,11.482079344985834],[77.28144860347032,11.49188259110872],[77.29640661517323,11.491961598349121],[77.29422688786065,11.519076792959652],[77.3134148473174,11.50522174039105],[77.3313707328731,11.537974604144722],[77.34292145885831,11.530960571173466],[77.3650031344871,11.566563614019628]]]}},{"id":"545","type":"Feature","properties":{"ST_NAME":"TAMIL NADU","AC_NO":151,"AC_NAME":"Tittakudi (SC)","DIST_NAME":"CUDDALORE","PC_NAME":"CUDDALORE"},"geometry":{"type":"Polygon","coordinates":[[[78.87751229555607,11.507549446649705],[78.9047117467498,11.50461823864083],[78.92401141279652,11.56745849341479],[79.00435281453082,11.574691659692405],[79.0188161874172,11.592935152035693],[79.01208465758094,11.602721419857687],[79.01833898015985,11.606807223374688],[79.04975493424286,11.595677901713827],[79.04312671132874,11.58728850945721],[79.04913655500809,11.585784687413422],[79.07740106071043,11.599015918050213],[79.07861751698488,11.573349262358647],[79.05654945439386,11.543898176759512],[79.07268926519748,11.527703893120247],[79.10043310930064,11.529947334701774],[79.10371460054841,11.517799647735615],[79.12954791230635,11.49716984481256],[79.12352547721906,11.478439611498914],[79.14794928513146,11.47013580502346],[79.18300465164344,11.501686907424869],[79.19466282053281,11.493424932914365],[79.21305401842824,11.501134519542518],[79.2275518596307,11.49657687772077],[79.22863486101011,11.471766669796011],[79.2840144093376,11.48017641820718],[79.2932239806023,11.460692023318245],[79.2872658119677,11.453128206001963],[79.30779688641724,11.438344709540786],[79.31462110488013,11.418600790993764],[79.29272208335755,11.412265473672733],[79.29649674392965,11.380856332853512],[79.25851017210681,11.388316751516925],[79.24120155201007,11.369699321966209],[79.2377778995305,11.388687090536848],[79.2261192234235,11.392053717904787],[79.17517631673371,11.374177513181735],[79.10656245669207,11.40186370804372],[79.08435668181545,11.396880912624056],[79.0522829087293,11.40295986110874],[79.03170888265885,11.393732881667177],[78.99767249928647,11.407213908894846],[78.9602072131924,11.406298130154653],[78.87751229555607,11.507549446649705]]]}},{"id":"546","type":"Feature","properties":{"ST_NAME":"TAMIL NADU","AC_NO":157,"AC_NAME":"Bhuvanagiri","DIST_NAME":"CUDDALORE","PC_NAME":"CHIDAMBARAM (SC)"},"geometry":{"type":"Polygon","coordinates":[[[79.43492948360881,11.596927122988404],[79.45214862745723,11.586677152128914],[79.46976779424836,11.590018895255866],[79.46861211056051,11.579191527267199],[79.48276051478598,11.569725699581397],[79.49439921335306,11.573625635714563],[79.49489105527806,11.567640772503694],[79.52360656019465,11.560663475938725],[79.5218437325023,11.551375041325173],[79.53944716655354,11.53944128778528],[79.51876355899111,11.500732105302461],[79.53378611233927,11.487693260335732],[79.54509353304019,11.489347780875448],[79.55216893035191,11.502561226519447],[79.57554660549152,11.502644769940218],[79.57570444730248,11.508783654642002],[79.59813172519904,11.50417986231082],[79.60043847005943,11.520852541211866],[79.61109452439285,11.514885774159211],[79.62867779744244,11.52642463988525],[79.63539789509684,11.503639599987594],[79.65715981407419,11.512043687166454],[79.65703394675927,11.499663451706965],[79.66545568583132,11.495601525190295],[79.65371382063637,11.461141000856571],[79.6439062244927,11.45586799331329],[79.6716038812142,11.450896941240899],[79.66137006127934,11.435545890730339],[79.6700689084534,11.430988166171005],[79.6723686826686,11.40877896307876],[79.6639046619706,11.374193186566345],[79.62163627579355,11.37359178473315],[79.62829695164305,11.361427438725343],[79.56431471884923,11.354874154518654],[79.56154721353312,11.367489156199667],[79.53729586591152,11.362875873322935],[79.5308524231009,11.38496513203529],[79.53278521456605,11.43242288700668],[79.49269539197883,11.434084453734613],[79.4567718811175,11.416099324024628],[79.33649280499901,11.462558900772706],[79.34448828610556,11.521172966059567],[79.35560694090765,11.517301723695653],[79.35209267903394,11.503449780982635],[79.36599638222731,11.491014485430185],[79.37382802484353,11.51070062613303],[79.370177451828,11.532627839603151],[79.39020079692926,11.536866895690707],[79.4135608633432,11.520494485132417],[79.41158180445677,11.549171053901091],[79.44839572238476,11.558075371880932],[79.44216450698644,11.56000634042033],[79.44539457050308,11.587953567103511],[79.43492948360881,11.596927122988404]]]}},{"id":"547","type":"Feature","properties":{"ST_NAME":"TAMIL NADU","AC_NO":158,"AC_NAME":"Chidambaram","DIST_NAME":"CUDDALORE","PC_NAME":"CHIDAMBARAM (SC)"},"geometry":{"type":"Polygon","coordinates":[[[79.75724164768394,11.567208600596473],[79.76864865571093,11.514847872231542],[79.77835680752071,11.506888661682467],[79.81297732214574,11.42400745847749],[79.80322943289207,11.381102747993452],[79.79128549003337,11.372569680946071],[79.76414477805912,11.381910840113221],[79.75671098112696,11.372805984108936],[79.75907074371992,11.35254191387827],[79.72546465177231,11.34617360402865],[79.6969666137183,11.32158465001163],[79.68805193824642,11.33382523244859],[79.69078810039059,11.34818762046234],[79.67549776311131,11.34792133570113],[79.67200469466098,11.336896120459642],[79.6474792768472,11.340510105457042],[79.6346323597956,11.326475206465659],[79.6382171447055,11.376635470050928],[79.6639046619706,11.374193186566345],[79.67232895691586,11.388526101098762],[79.6700689084534,11.430988166171005],[79.66137006127934,11.435545890730339],[79.6716038812142,11.450896941240899],[79.6439062244927,11.45586799331329],[79.65371382063637,11.461141000856571],[79.66275604155811,11.485424491147398],[79.65715981407419,11.512043687166454],[79.67501576516548,11.536702675887852],[79.66875225331387,11.544557798903327],[79.70393840913033,11.548291069077607],[79.71071607688549,11.564026823479196],[79.73123125401924,11.573222499318945],[79.75724164768394,11.567208600596473]]]}},{"id":"548","type":"Feature","properties":{"ST_NAME":"TAMIL NADU","AC_NO":96,"AC_NAME":"Tiruchengodu","DIST_NAME":"NAMAKKAL   *","PC_NAME":"NAMAKKAL"},"geometry":{"type":"Polygon","coordinates":[[[77.97829320117035,11.528835356266711],[78.03476457682382,11.52909658683808],[78.05382561406088,11.513791679642338],[78.05540761686808,11.522367499560517],[78.0585478174279,11.515173809923454],[78.07045871289932,11.52852744728392],[78.06969848000091,11.508395893955367],[78.08302977910108,11.499713534951752],[78.07958777955247,11.489527450131789],[78.06622930743663,11.484230338959037],[78.05099000128757,11.488444095318812],[78.0530536719894,11.466381541974613],[78.08284027755684,11.445512242396092],[78.09413023702086,11.463393173056545],[78.10637028615986,11.464430446607878],[78.11637118977865,11.431516114077453],[78.09775777390217,11.4002310626135],[78.07815907697989,11.406712151944305],[78.07150920648473,11.395026596000662],[78.05575346644935,11.39273050001259],[78.03870575136938,11.409430218829584],[78.02393518985718,11.414032294354968],[78.01352056572159,11.40540214729134],[77.98966150327584,11.413375177722344],[77.97842437448537,11.379832465495952],[78.01115793698926,11.36522948635178],[77.98627855321274,11.336055845201145],[77.98463489288605,11.296942939065445],[77.89222827021854,11.305563284418099],[77.86162616031908,11.246228038393326],[77.83861080044812,11.2615404558274],[77.81017107533489,11.265979402427547],[77.79095448596081,11.292565734521077],[77.8132951033864,11.31349476257327],[77.81344448167755,11.334861072480578],[77.8020354285922,11.336504159039748],[77.79377550903257,11.351410061325339],[77.83563740254414,11.376484787742811],[77.84796579838297,11.400816788364125],[77.8470903938067,11.43641476982583],[77.85312039578969,11.414830745742393],[77.86377315860443,11.423522851598364],[77.874952649845,11.413248068443636],[77.88022164551256,11.423163998719588],[77.91075452110431,11.42215102215198],[77.9152792954032,11.458492060360356],[77.92430044431012,11.451455217884075],[77.92324891200775,11.46141321934465],[77.94178687836182,11.460229263669646],[77.94904447112549,11.474158016579224],[77.9722509108509,11.468224782547736],[77.97829320117035,11.528835356266711]]]}},{"id":"549","type":"Feature","properties":{"ST_NAME":"TAMIL NADU","AC_NO":147,"AC_NAME":"Perambalur (SC)","DIST_NAME":"PERAMBALUR","PC_NAME":"PERAMBALUR"},"geometry":{"type":"Polygon","coordinates":[[[78.84308512258042,11.52334255981134],[78.87064447796035,11.517641993882933],[78.9602072131924,11.406298130154653],[78.98215449503397,11.402358969191141],[78.97414163362953,11.39900276586502],[78.98181600820226,11.39603055686473],[78.98153024862211,11.378447593181932],[78.99114025381971,11.378612253652648],[78.99953788746359,11.36141143708818],[78.99299908234184,11.342007134022083],[78.96722490550502,11.342294699440856],[78.9653412332114,11.33410096458789],[78.95208010191521,11.332241181885081],[78.95322706038058,11.321077462954577],[78.94139905722079,11.308886966460364],[78.93180008130878,11.308595314522222],[78.91698704931292,11.292395656534381],[78.9273995870214,11.274811821408491],[78.94241346910638,11.273030337280318],[78.94283401637682,11.245761034843952],[78.9228068779351,11.239924228820144],[78.94009966097065,11.212530043826519],[78.93761728301126,11.192449725774281],[78.94426373518331,11.187186068482333],[78.93478280338371,11.172146134836282],[78.91509187289165,11.15857840307092],[78.90307625406592,11.16659301995196],[78.84552481961481,11.175089746294816],[78.83994178158798,11.153013891977594],[78.84890052923612,11.090168971520882],[78.83825432607637,11.076394146572682],[78.80767982806168,11.080613000289759],[78.81056820675741,11.11207808613483],[78.77690983182333,11.113341360215657],[78.75900532093885,11.122743111205693],[78.7352234634921,11.105618068818842],[78.74268349454769,11.075542579426553],[78.72017031880523,11.074044540023579],[78.71758811699806,11.055694474420534],[78.71045548683134,11.056515208310259],[78.70097243532967,11.068641184742944],[78.6744272993804,11.164034460422045],[78.65113753836675,11.168330627056832],[78.67584660313827,11.195375439824716],[78.69874855130467,11.191200204126176],[78.71254336368537,11.212798967198637],[78.70265466308228,11.228810960057785],[78.71338280707096,11.240074631439143],[78.71001119835819,11.249016928688377],[78.75199048127575,11.286117104420896],[78.73852697733821,11.294592813607494],[78.72457338425431,11.322058757305854],[78.71140782481132,11.31627375403059],[78.70581517752845,11.32528436198379],[78.67588938388803,11.327418148328945],[78.65871047660727,11.318436611860193],[78.66196763040188,11.329860217774865],[78.65578101148452,11.333575589641782],[78.63959331987587,11.32636191527024],[78.6342912030766,11.336071622007807],[78.65035678473788,11.34114535867144],[78.66034984357049,11.35826714281444],[78.67317328831666,11.360408612967149],[78.68995519347743,11.38076025108478],[78.66349236258253,11.374179861311575],[78.6510658210309,11.421969357300043],[78.68019028185608,11.429884105367194],[78.70321331114548,11.456343109646866],[78.74140868846024,11.4497238448796],[78.78894397218664,11.38760116726013],[78.79893392566021,11.386064587410829],[78.80132691460545,11.402679345475462],[78.82268065558782,11.428096657834544],[78.81906534319108,11.44047137775192],[78.78994745910802,11.457561931138287],[78.79829277379253,11.482629373946509],[78.80967515658324,11.482760295451328],[78.81019313280689,11.508002162669698],[78.83390875428563,11.506716457698417],[78.84308512258042,11.52334255981134]]]}},{"id":"550","type":"Feature","properties":{"ST_NAME":"TAMIL NADU","AC_NO":97,"AC_NAME":"Kumarapalayam","DIST_NAME":"NAMAKKAL   *","PC_NAME":"ERODE"},"geometry":{"type":"Polygon","coordinates":[[[77.6966885914054,11.46446300206594],[77.7119390797248,11.463886684123224],[77.7086727141745,11.449249063993136],[77.71937718800689,11.453398186976813],[77.73142367246459,11.44481272902425],[77.76034462390533,11.45097006511645],[77.76564895843273,11.47899599237121],[77.77291957607764,11.482761269417097],[77.79103956002774,11.466123805269433],[77.78393011168538,11.4507765247169],[77.80379979772255,11.448346587125343],[77.80574509965669,11.45918158046561],[77.814399281102,11.457619752149867],[77.8157641605876,11.467585163124852],[77.80834396680069,11.468881484592885],[77.82984541243587,11.470255858221321],[77.83467427989416,11.457259856057533],[77.81972099232996,11.44577356200034],[77.8470903938067,11.43641476982583],[77.84796579838297,11.400816788364125],[77.83563740254414,11.376484787742811],[77.79377550903257,11.351410061325339],[77.8020354285922,11.336504159039748],[77.81344448167755,11.334861072480578],[77.8132951033864,11.31349476257327],[77.79095448596081,11.292565734521077],[77.74174785807725,11.365114918119048],[77.71860220442824,11.377241021356099],[77.68458826993276,11.417412082401711],[77.6966885914054,11.46446300206594]]]}},{"id":"551","type":"Feature","properties":{"ST_NAME":"TAMIL NADU","AC_NO":93,"AC_NAME":"Senthamangalam(ST)","DIST_NAME":"NAMAKKAL   *","PC_NAME":"NAMAKKAL"},"geometry":{"type":"Polygon","coordinates":[[[78.25504095387697,11.47891319448837],[78.31997651750231,11.481568372682318],[78.3164285679241,11.4544165360943],[78.29863493175674,11.431331376242042],[78.32483004976706,11.412202933018989],[78.33912894294645,11.412955564847493],[78.3370942196226,11.42592769360823],[78.36841352086736,11.447164950801891],[78.385211052648,11.440844924653618],[78.40152883838522,11.446289414924593],[78.40255371388287,11.429370859577546],[78.41771477091999,11.419961071346393],[78.44837469373721,11.429394429009733],[78.44574482786157,11.402421893855376],[78.42631211341336,11.386250551921478],[78.48772620260223,11.413824815363],[78.47914405505418,11.387538989932466],[78.46414724479956,11.3765803775824],[78.45699954109602,11.339673669404362],[78.44667768472743,11.344379725444014],[78.44744153110184,11.331768061147159],[78.45560366018083,11.332046479561427],[78.46517686242231,11.311692689366168],[78.43771581823046,11.267507988203135],[78.42141421129685,11.212409159655067],[78.41102379151482,11.198223752823992],[78.38127365975163,11.187590099703414],[78.38711663512464,11.177363907818119],[78.37797019446896,11.176900666132894],[78.38124393086275,11.139724412251894],[78.37669654850697,11.134546375814637],[78.3459006643842,11.138796037607108],[78.34312460471676,11.1123960486388],[78.32726466113525,11.103387388617136],[78.3252134199634,11.097048766287571],[78.34141542518176,11.090159645551239],[78.33684703376366,11.08373439602559],[78.36346964900514,11.064515183329092],[78.34436891659226,11.025654730381575],[78.32952323201158,11.030007602868636],[78.32292449247143,11.05938002027176],[78.28984053970919,11.077438087697658],[78.26579539853884,11.070286592452305],[78.25584821502315,11.074840800662457],[78.2489056340878,11.092613711953277],[78.21163531651672,11.107687114768567],[78.21315241075519,11.120368484617927],[78.18801502227552,11.139012383914462],[78.1978645987723,11.16108214262681],[78.18302913138933,11.173781753425203],[78.18520098243943,11.213052185709842],[78.215171149529,11.226767920703026],[78.20657673972482,11.253517248622188],[78.21942739975475,11.29770021859025],[78.21079388562936,11.310150359251736],[78.25043792237227,11.351039057706373],[78.22511233996255,11.365156255456895],[78.22367221779865,11.38485629158464],[78.24353676690833,11.393277776148523],[78.2332589656288,11.426421398029163],[78.22345743451302,11.430103122661023],[78.2379491144601,11.445805522107207],[78.2378465485794,11.464902384737343],[78.25504095387697,11.47891319448837]]]}},{"id":"552","type":"Feature","properties":{"ST_NAME":"TAMIL NADU","AC_NO":99,"AC_NAME":"Erode (West)","DIST_NAME":"ERODE","PC_NAME":"ERODE"},"geometry":{"type":"Polygon","coordinates":[[[77.6408803614396,11.397359174786118],[77.6457957005112,11.459081613625642],[77.67346021092004,11.451740039471304],[77.68458826993276,11.417412082401711],[77.70372781168919,11.394832173366183],[77.68529075376534,11.383870881036387],[77.70439327133244,11.371901761657],[77.69973224794495,11.364450605111358],[77.7100404840811,11.354336746643583],[77.68303831536599,11.339686759036738],[77.68019542617805,11.32927879887751],[77.70735225310403,11.320780149784127],[77.7554902139023,11.338556819341761],[77.77800236711562,11.31146956396924],[77.77581831766128,11.300790433032091],[77.75530158919702,11.324146861688348],[77.73392172290926,11.316884297472427],[77.72361150646589,11.292055704707082],[77.69136176753159,11.285080329993264],[77.68203921893485,11.255722192025587],[77.67442327691276,11.265055230314658],[77.66805071596781,11.24850812644894],[77.67723932223697,11.233172555968736],[77.68783369117199,11.235672369084625],[77.68864042171816,11.217598085083637],[77.68211797796238,11.212358557501489],[77.65754106766622,11.217572969716855],[77.64328325012195,11.190299959375693],[77.62009420508355,11.192379506708903],[77.61751546116966,11.203677896417844],[77.60321403999603,11.212684429542833],[77.5954677574311,11.2437069347273],[77.6062462859374,11.272299264899232],[77.61665944327876,11.27832722991775],[77.61882554046639,11.310786366097943],[77.63397320659828,11.339336688937067],[77.62191121243256,11.364659534709801],[77.6408803614396,11.397359174786118]]]}},{"id":"553","type":"Feature","properties":{"ST_NAME":"TAMIL NADU","AC_NO":111,"AC_NAME":"Mettuppalayam","DIST_NAME":"COIMBATORE","PC_NAME":"NILGIRIS (SC)"},"geometry":{"type":"Polygon","coordinates":[[[76.93401627113406,11.376514400619158],[76.97158143053866,11.386272927053994],[77.01357399104688,11.368843143096626],[77.0253986847016,11.373423243687796],[77.02340948955634,11.387786912336196],[77.03247454696282,11.384892621497329],[77.04539222357232,11.402609411495177],[77.070390262101,11.402572884630956],[77.07043236835915,11.386165058770473],[77.09131517485548,11.393630784333254],[77.09147420646951,11.40341343508203],[77.11023876061034,11.406447916737989],[77.11307757766815,11.381018059735709],[77.13040730934989,11.375406799184475],[77.12928750591374,11.35424004254395],[77.14158700113927,11.336880492940452],[77.10444303561763,11.33724818345695],[77.09366299355236,11.31858079746587],[77.09307046532979,11.335623233525439],[77.08049055069841,11.344902066077509],[77.06327377026832,11.311685876102331],[77.04565977817629,11.322624325652157],[77.04513812552415,11.303201859877959],[77.05242225728142,11.299851428400757],[77.04615942711592,11.285302596537633],[77.02245013776371,11.273316992585194],[77.02020611881738,11.261322312674622],[77.00705941276175,11.264321366437969],[77.01566120060397,11.239971200410594],[77.00847408950767,11.230515674458843],[77.01832076659014,11.210561502511382],[77.00915442034028,11.209277438802815],[77.0047037834529,11.193968003520581],[76.98983276856745,11.200659693390207],[76.97797966892665,11.193548777354238],[76.97680875342127,11.148902378641935],[76.95447633781282,11.17040961141447],[76.94243285259415,11.15608501651036],[76.9482303861235,11.129299826325962],[76.90959903816514,11.118517454117239],[76.92648057651746,11.151416027827452],[76.91006779898981,11.164650558076858],[76.91361272414798,11.194096513943009],[76.89863168440479,11.199089851215717],[76.87696074354352,11.182752539398223],[76.83907427435832,11.178901005676892],[76.83296973566485,11.157646079503024],[76.84873618842443,11.148753724304981],[76.78728384027704,11.139011205802547],[76.78896259304929,11.127482707461013],[76.77008203625701,11.1311966080371],[76.74750667329437,11.1177484375404],[76.74641968522036,11.137656363650308],[76.72837137364002,11.130317544119407],[76.71770368207933,11.147541398616681],[76.70556010501491,11.141908175721767],[76.68961317450845,11.15923124252788],[76.69985299382068,11.181611100072246],[76.72843324339954,11.191404995044536],[76.7220005987487,11.203426819192373],[76.73170018541526,11.215641689112715],[76.69984874812127,11.246000789604807],[76.70541636367432,11.264131202093324],[76.73698729163027,11.244871078337667],[76.7675355087568,11.264062553244287],[76.76886962962976,11.289718899107982],[76.79021442865303,11.279272522608892],[76.79747659356997,11.29582452148452],[76.80685113377285,11.299193003254572],[76.817699017096,11.290139911327913],[76.84252175887212,11.287528641633571],[76.85404055712604,11.296439468906442],[76.85359095725693,11.30639461951614],[76.85969302191546,11.30438723468319],[76.85439210661048,11.3183479773773],[76.86063175495161,11.324390613036428],[76.85121810323295,11.327636905718691],[76.84963857625934,11.34411610897132],[76.86893881787222,11.345171945429001],[76.86259962627179,11.351450234041124],[76.87696329222223,11.358856224834938],[76.8840807076586,11.351922526503472],[76.88922308777535,11.365778965826678],[76.90303780664954,11.362552913286379],[76.90311382993934,11.35108215411816],[76.93256716654156,11.363005548367425],[76.93265067848608,11.357115761483271],[76.94948694676526,11.365882860006025],[76.92834842973627,11.368197760818077],[76.93401627113406,11.376514400619158]]]}},{"id":"554","type":"Feature","properties":{"ST_NAME":"TAMIL NADU","AC_NO":159,"AC_NAME":"Kattumannarkoil(SC)","DIST_NAME":"CUDDALORE","PC_NAME":"CHIDAMBARAM (SC)"},"geometry":{"type":"Polygon","coordinates":[[[79.33649280499901,11.462558900772706],[79.4567718811175,11.416099324024628],[79.49269539197883,11.434084453734613],[79.53278521456605,11.43242288700668],[79.5308524231009,11.38496513203529],[79.53729586591152,11.362875873322935],[79.56154721353312,11.367489156199667],[79.56431471884923,11.354874154518654],[79.62829695164305,11.361427438725343],[79.62163627579355,11.37359178473315],[79.6382171447055,11.376635470050928],[79.6346323597956,11.326475206465659],[79.6474792768472,11.340510105457042],[79.67200469466098,11.336896120459642],[79.67549776311131,11.34792133570113],[79.69078810039059,11.34818762046234],[79.68805193824642,11.33382523244859],[79.6969666137183,11.32158465001163],[79.64670995809814,11.295122178845531],[79.64802964485227,11.251012349840096],[79.63353731649403,11.246614243252793],[79.61639619063175,11.255556634930826],[79.6025004410426,11.221738059264055],[79.56294212407983,11.208954992279132],[79.4586311125359,11.150500367797804],[79.46381012383819,11.17059365857051],[79.4817269383476,11.177690848254088],[79.5102518787213,11.22823069319196],[79.49510590961012,11.248464521020878],[79.49497464006765,11.25860061792423],[79.50391025535407,11.257827182978133],[79.50517204555354,11.26463782077883],[79.49854877610517,11.313863158158256],[79.47403598207495,11.313840973682034],[79.44913529965442,11.334896884383738],[79.43791681650794,11.333547726846177],[79.43144253144771,11.344725101082588],[79.43766369332485,11.357186003930963],[79.42870621372083,11.357107054247194],[79.42654136749019,11.365587742080663],[79.40882744992695,11.364745954162515],[79.40568870986613,11.353932386270685],[79.39550595883298,11.353378777108901],[79.38948731978405,11.36861513977692],[79.39430525328487,11.401680687014164],[79.38013564664283,11.410362403002523],[79.38433781613736,11.397020586331053],[79.373328446051,11.398438570783469],[79.37805994031407,11.411255457673292],[79.372309363986,11.427657993721482],[79.36188320964249,11.437483055598591],[79.32203645761649,11.447155200352256],[79.33649280499901,11.462558900772706]]]}},{"id":"555","type":"Feature","properties":{"ST_NAME":"TAMIL NADU","AC_NO":103,"AC_NAME":"Perundurai","DIST_NAME":"ERODE","PC_NAME":"TIRUPPUR"},"geometry":{"type":"Polygon","coordinates":[[[77.51366412729772,11.409355942023183],[77.51988899258299,11.388800694696329],[77.54891149816717,11.373923891774211],[77.58362556296942,11.392346169340271],[77.58750295399818,11.405116411093559],[77.6408803614396,11.397359174786118],[77.62191121243256,11.364659534709801],[77.63397320659828,11.339336688937067],[77.61882554046639,11.310786366097943],[77.61665944327876,11.27832722991775],[77.6062462859374,11.272299264899232],[77.5954677574311,11.2437069347273],[77.60321403999603,11.212684429542833],[77.56938584158337,11.206224425716698],[77.57500738858016,11.159180607099415],[77.55496083287619,11.15604769734341],[77.54733484003089,11.169753461553057],[77.53405158001647,11.169267155854584],[77.50866757404935,11.15416320846532],[77.50661685538364,11.142826307088455],[77.49335097656638,11.140934117315737],[77.50212565727333,11.129067422623507],[77.5006458597187,11.108844191506307],[77.42654778455267,11.129500206069679],[77.39208298124464,11.11889838894956],[77.3772489284953,11.1267940363158],[77.37675849760666,11.135344439594235],[77.39635191281059,11.135938506556897],[77.39085953453997,11.158641461734135],[77.40098581894046,11.157068326242324],[77.4055215901493,11.199532234924732],[77.38481302819872,11.206610472295495],[77.37373049017003,11.223824357807928],[77.37315326481138,11.237607620195547],[77.3821661795256,11.239112627545751],[77.39009247129059,11.25736962410889],[77.37696075423548,11.295497298661473],[77.36383754566623,11.301962024827617],[77.36204475256335,11.338395427906732],[77.41840203302746,11.309435623055606],[77.42833733200234,11.330364485632572],[77.4663570321514,11.330893068460398],[77.48026975734348,11.356954977090595],[77.50359115740605,11.359655773395275],[77.49581106662748,11.403295995313954],[77.50014740687737,11.410471220070804],[77.51366412729772,11.409355942023183]]]}},{"id":"556","type":"Feature","properties":{"ST_NAME":"TAMIL NADU","AC_NO":94,"AC_NAME":"Namakkal","DIST_NAME":"NAMAKKAL   *","PC_NAME":"NAMAKKAL"},"geometry":{"type":"Polygon","coordinates":[[[78.16343878467222,11.428761494247624],[78.16244365425132,11.422463793769111],[78.17468328880278,11.42372938900013],[78.1714593154951,11.410804131105806],[78.18760346642688,11.423831818183885],[78.1970051157935,11.42268610797754],[78.19530183131451,11.413180555438316],[78.20909706997384,11.40460134507606],[78.20608137065881,11.39632294264976],[78.23221470254651,11.394285587909621],[78.22367221779865,11.38485629158464],[78.22511233996255,11.365156255456895],[78.25043792237227,11.351039057706373],[78.21079388562936,11.310150359251736],[78.21942739975475,11.29770021859025],[78.20657673972482,11.253517248622188],[78.215171149529,11.226767920703026],[78.19448329356919,11.220414268903426],[78.18346813814412,11.203009360193846],[78.18302913138933,11.173781753425203],[78.1978645987723,11.16108214262681],[78.18801502227552,11.139012383914462],[78.21315241075519,11.120368484617927],[78.21163531651672,11.107687114768567],[78.22844889490062,11.100392978952868],[78.2366093674284,11.06587261552886],[78.22902632890202,11.054512735574349],[78.20127420743876,11.074802384322652],[78.19575119016537,11.064311739595155],[78.18237154081402,11.070344367598523],[78.16404809964013,11.044712661360279],[78.19668292197935,11.04538924561723],[78.19906230508138,11.028929634095391],[78.16524563957466,11.01229112133825],[78.11233521589753,11.063685298837527],[78.12438696318787,11.078358486255183],[78.12053531974925,11.107488834042499],[78.13156703349188,11.116573407636679],[78.1311054798341,11.124854915422077],[78.11621126423853,11.131327840707343],[78.12216068876484,11.135399889992982],[78.12102604111897,11.154600350026158],[78.13904319029103,11.171361005106348],[78.11892668711698,11.17744810234808],[78.11674045410871,11.16787376246424],[78.09259814388929,11.177255725671273],[78.0899628910746,11.151452721965597],[78.05957919682254,11.140049238381721],[78.04855846919804,11.145310141050231],[78.04339053664398,11.167735378385032],[78.0578712763384,11.179371888901585],[78.0613501624801,11.210012006848672],[78.05242100882253,11.232918084701907],[78.04194557163089,11.234776885345013],[78.03854907148252,11.271642832650627],[78.05563750966337,11.293360296340666],[78.07818445225075,11.292378875184966],[78.0816831828327,11.281227056083821],[78.11630675335402,11.273411792820013],[78.1326681804922,11.289021225749025],[78.13044966631912,11.309395435950648],[78.07563010874259,11.3402054709058],[78.10617569625146,11.41889454824485],[78.13565224975156,11.409172395789483],[78.13490882608153,11.418828630636824],[78.14515950200945,11.413420732880581],[78.14175566878913,11.423527832943194],[78.15348366553877,11.419519648113294],[78.15425931461573,11.429442497773096],[78.16343878467222,11.428761494247624]]]}},{"id":"557","type":"Feature","properties":{"ST_NAME":"TAMIL NADU","AC_NO":95,"AC_NAME":"Paramathi-Velur","DIST_NAME":"NAMAKKAL   *","PC_NAME":"NAMAKKAL"},"geometry":{"type":"Polygon","coordinates":[[[77.98884765909224,11.410129036126193],[78.01352056572159,11.40540214729134],[78.02393518985718,11.414032294354968],[78.05575346644935,11.39273050001259],[78.07150920648473,11.395026596000662],[78.07815907697989,11.406712151944305],[78.09775777390217,11.4002310626135],[78.07563010874259,11.3402054709058],[78.10527018686969,11.328127320419526],[78.10477258478704,11.319747588680343],[78.13044966631912,11.309395435950648],[78.13521056301715,11.297015124948132],[78.11630675335402,11.273411792820013],[78.0816831828327,11.281227056083821],[78.07356282096748,11.293836767952541],[78.06914566314191,11.288059530323096],[78.05563750966337,11.293360296340666],[78.03854907148252,11.271642832650627],[78.04194557163089,11.234776885345013],[78.05242100882253,11.232918084701907],[78.0613501624801,11.210012006848672],[78.0578712763384,11.179371888901585],[78.04339053664398,11.167735378385032],[78.04855846919804,11.145310141050231],[78.05957919682254,11.140049238381721],[78.0899628910746,11.151452721965597],[78.09259814388929,11.177255725671273],[78.11674045410871,11.16787376246424],[78.11892668711698,11.17744810234808],[78.13904319029103,11.171361005106348],[78.12102604111897,11.154600350026158],[78.12216068876484,11.135399889992982],[78.11621126423853,11.131327840707343],[78.1311054798341,11.124854915422077],[78.13156703349188,11.116573407636679],[78.12053531974925,11.107488834042499],[78.12438696318787,11.078358486255183],[78.11233521589753,11.063685298837527],[78.08992973127215,11.078387691738612],[78.0528789795813,11.073687879691931],[78.02110644250837,11.093430069741999],[77.9940685770033,11.096972307725878],[77.94459729393003,11.065478831183157],[77.90430816988618,11.073208569819712],[77.88775309712781,11.086783383746194],[77.88488859723105,11.152791078645407],[77.86131808316304,11.18594709588183],[77.87071981706595,11.215885473735682],[77.86162616031908,11.246228038393326],[77.89222827021854,11.305563284418099],[77.98463489288605,11.296942939065445],[77.98627855321274,11.336055845201145],[78.01115793698926,11.36522948635178],[77.97842437448537,11.379832465495952],[77.98884765909224,11.410129036126193]]]}},{"id":"558","type":"Feature","properties":{"ST_NAME":"TAMIL NADU","AC_NO":98,"AC_NAME":"Erode (East)","DIST_NAME":"ERODE","PC_NAME":"ERODE"},"geometry":{"type":"Polygon","coordinates":[[[77.70439327133244,11.371901761657],[77.68529075376534,11.383870881036387],[77.70372781168919,11.394832173366183],[77.74174785807725,11.365114918119048],[77.7554902139023,11.338556819341761],[77.69271806208894,11.320234375516065],[77.69085439251626,11.3280934654411],[77.68019542617805,11.32927879887751],[77.68303831536599,11.339686759036738],[77.7100404840811,11.354336746643583],[77.69973224794495,11.364450605111358],[77.70439327133244,11.371901761657]]]}},{"id":"559","type":"Feature","properties":{"ST_NAME":"TAMIL NADU","AC_NO":146,"AC_NAME":"Thuraiyur (SC)","DIST_NAME":"TIRUCHIRAPPALLI","PC_NAME":"PERAMBALUR"},"geometry":{"type":"Polygon","coordinates":[[[78.48607039962928,11.407035231590726],[78.49630787081162,11.408611221530691],[78.50981861523695,11.396210779204125],[78.50434870472901,11.37945118802196],[78.51485336539054,11.385270548097367],[78.52361011181728,11.371302412076716],[78.54287245959637,11.369307921723248],[78.55445225706609,11.357842453266642],[78.55287347383182,11.324933688439046],[78.56111980193737,11.3164453743546],[78.57768921888243,11.31661413483448],[78.5819990399238,11.329771554513684],[78.59307569548702,11.327911027172206],[78.60466271811003,11.338395793930772],[78.64214141579379,11.343233150989192],[78.66349236258253,11.374179861311575],[78.68995519347743,11.38076025108478],[78.67317328831666,11.360408612967149],[78.66034984357049,11.35826714281444],[78.65035678473788,11.34114535867144],[78.6342912030766,11.336071622007807],[78.63959331987587,11.32636191527024],[78.65578101148452,11.333575589641782],[78.66196763040188,11.329860217774865],[78.65871047660727,11.318436611860193],[78.67588938388803,11.327418148328945],[78.70581517752845,11.32528436198379],[78.71140782481132,11.31627375403059],[78.72457338425431,11.322058757305854],[78.73852697733821,11.294592813607494],[78.75199048127575,11.286117104420896],[78.71001119835819,11.249016928688377],[78.71338280707096,11.240074631439143],[78.70265466308228,11.228810960057785],[78.71254336368537,11.212798967198637],[78.69874855130467,11.191200204126176],[78.67584660313827,11.195375439824716],[78.65113753836675,11.168330627056832],[78.6744272993804,11.164034460422045],[78.70097243532967,11.068641184742944],[78.71758811699806,11.055694474420534],[78.71813442186613,11.039241096999092],[78.7101581385873,11.031869285838923],[78.68819426245528,11.03184643136774],[78.67148729240466,11.051132440309914],[78.65708095452248,11.053564081217417],[78.65718600702866,11.086774876159666],[78.62583469171773,11.083880721118419],[78.59327730820127,11.066576577846831],[78.58143227727783,11.071823094060619],[78.57150335539558,11.064105498969639],[78.57450905514884,11.05439895155041],[78.56105486009375,11.058890137070193],[78.54681487340775,11.050047608810132],[78.54097394669037,11.060696879557383],[78.53681063420345,11.050480230378355],[78.5131245086892,11.054075723515894],[78.51377929068178,11.063431449901543],[78.49069735489905,11.065258409148328],[78.47999091424936,11.1431852328123],[78.48348842085397,11.178608352793276],[78.46294228995475,11.190720376244428],[78.44365070791389,11.174668008321987],[78.43137636492736,11.179447128881918],[78.43004968954159,11.204853130467654],[78.41870925922501,11.201571071747594],[78.4137582818193,11.208200067179405],[78.46517686242231,11.311692689366168],[78.45560366018083,11.332046479561427],[78.44744153110184,11.331768061147159],[78.44667768472743,11.344379725444014],[78.45699954109602,11.339673669404362],[78.46414724479956,11.3765803775824],[78.47914405505418,11.387538989932466],[78.48607039962928,11.407035231590726]]]}},{"id":"560","type":"Feature","properties":{"ST_NAME":"TAMIL NADU","AC_NO":150,"AC_NAME":"Jayankondam","DIST_NAME":"PERAMBALUR","PC_NAME":"CHIDAMBARAM (SC)"},"geometry":{"type":"Polygon","coordinates":[[[79.31462110488013,11.418600790993764],[79.37220567305343,11.415212560111627],[79.37805994031407,11.411255457673292],[79.373328446051,11.398438570783469],[79.38433781613736,11.397020586331053],[79.38013564664283,11.410362403002523],[79.39430525328487,11.401680687014164],[79.38948731978405,11.36861513977692],[79.39550595883298,11.353378777108901],[79.40568870986613,11.353932386270685],[79.40882744992695,11.364745954162515],[79.42654136749019,11.365587742080663],[79.42870621372083,11.357107054247194],[79.43766369332485,11.357186003930963],[79.43144253144771,11.344725101082588],[79.43791681650794,11.333547726846177],[79.44913529965442,11.334896884383738],[79.47403598207495,11.313840973682034],[79.49854877610517,11.313863158158256],[79.50517204555354,11.26463782077883],[79.50391025535407,11.257827182978133],[79.49497464006765,11.25860061792423],[79.49510590961012,11.248464521020878],[79.5102518787213,11.22823069319196],[79.4817269383476,11.177690848254088],[79.46381012383819,11.17059365857051],[79.4586311125359,11.150500367797804],[79.43065444564621,11.120561350525975],[79.41340243697294,11.082033367945598],[79.39273355311104,11.063512588535161],[79.34593913718152,11.041798267076388],[79.33791287767724,11.068003417024102],[79.31803171988804,11.070481515109861],[79.31581859355333,11.102055504358077],[79.29996938877633,11.121420617667411],[79.31359147556623,11.136606426745232],[79.30773417309365,11.163467094330997],[79.29265326633521,11.154301870435006],[79.26405752863212,11.172016416624388],[79.2716381848544,11.200914169153634],[79.28776411012564,11.202850928427665],[79.29646373970985,11.213520444712799],[79.28806528138767,11.226215194675547],[79.29041915432055,11.24346281915382],[79.26679621877054,11.260360168487011],[79.26402668008728,11.288019438546314],[79.24741154160944,11.291877635344633],[79.24622627742082,11.309809273379301],[79.25967606220058,11.322701923654904],[79.25901468458011,11.333108171504932],[79.26688598549987,11.33098082970156],[79.26475720927783,11.343637714608917],[79.28866576321445,11.34838974489088],[79.27835745783045,11.370078434771983],[79.29649674392965,11.380856332853512],[79.29272208335755,11.412265473672733],[79.31462110488013,11.418600790993764]]]}},{"id":"561","type":"Feature","properties":{"ST_NAME":"TAMIL NADU","AC_NO":160,"AC_NAME":"Sirkazhi (SC)","DIST_NAME":"NAGAPATTINAM  *","PC_NAME":"MAYILADUTHURAI"},"geometry":{"type":"Polygon","coordinates":[[[79.81297732214574,11.42400745847749],[79.83212047557953,11.356564581390387],[79.84309174588742,11.35116554015758],[79.83518237486675,11.311066995945168],[79.85511471307359,11.185600235462573],[79.8281557774672,11.176573347082353],[79.8299493934498,11.167493309668544],[79.80411244393417,11.165360929863084],[79.80072795692973,11.149068592241804],[79.7475516738707,11.14594832875241],[79.7450149948462,11.152554881602555],[79.69333442824131,11.128792890179795],[79.69610626469245,11.158939542026303],[79.7071698135361,11.153412535360246],[79.72033530822796,11.165259390108815],[79.71115738050878,11.175254702642462],[79.69490443948837,11.165471507803886],[79.69549035319727,11.180168185513423],[79.67474600542386,11.165396195877804],[79.66527153525323,11.200466912917761],[79.67383271690642,11.218932367834554],[79.66607771811226,11.217617534721512],[79.66348558509173,11.225928180541132],[79.66917133379008,11.225607152248301],[79.65366251611226,11.235848581347],[79.65947648565134,11.246899331039344],[79.64802964485227,11.251012349840096],[79.64670995809814,11.295122178845531],[79.67744723789974,11.308114743800445],[79.72546465177231,11.34617360402865],[79.75907074371992,11.35254191387827],[79.75671098112696,11.372805984108936],[79.76414477805912,11.381910840113221],[79.79128549003337,11.372569680946071],[79.80322943289207,11.381102747993452],[79.81297732214574,11.42400745847749]]]}},{"id":"562","type":"Feature","properties":{"ST_NAME":"TAMIL NADU","AC_NO":148,"AC_NAME":"Kunnam","DIST_NAME":"PERAMBALUR","PC_NAME":"CHIDAMBARAM (SC)"},"geometry":{"type":"Polygon","coordinates":[[[78.97414163362953,11.39900276586502],[78.99767249928647,11.407213908894846],[79.03170888265885,11.393732881667177],[79.0522829087293,11.40295986110874],[79.08435668181545,11.396880912624056],[79.10656245669207,11.40186370804372],[79.17517631673371,11.374177513181735],[79.2261192234235,11.392053717904787],[79.2377778995305,11.388687090536848],[79.24120155201007,11.369699321966209],[79.25851017210681,11.388316751516925],[79.28550620115033,11.380096032505946],[79.27835745783045,11.370078434771983],[79.28866576321445,11.34838974489088],[79.26475720927783,11.343637714608917],[79.26688598549987,11.33098082970156],[79.25901468458011,11.333108171504932],[79.25967606220058,11.322701923654904],[79.24622627742082,11.309809273379301],[79.24741154160944,11.291877635344633],[79.26402668008728,11.288019438546314],[79.26679621877054,11.260360168487011],[79.29041915432055,11.24346281915382],[79.28806528138767,11.226215194675547],[79.29646373970985,11.213520444712799],[79.28776411012564,11.202850928427665],[79.2716381848544,11.200914169153634],[79.26405752863212,11.172016416624388],[79.24049434224014,11.166068514650306],[79.22146652685876,11.179154101880329],[79.2304812312239,11.17184134110505],[79.22922956739069,11.154600541581772],[79.21701021255132,11.169591770643763],[79.1902208639018,11.152066583006444],[79.18411386376386,11.154477774229917],[79.19029421620519,11.178443208487352],[79.16480729272246,11.178590735074408],[79.1479920784717,11.189918998463042],[79.17381447066134,11.203259375319988],[79.1913277494761,11.231545145492134],[79.1582304489761,11.240403794999168],[79.15814845598652,11.253397976935162],[79.13711670557154,11.269044001479529],[79.1234015092723,11.261726986011638],[79.12245634878155,11.249661994405585],[79.10996670989579,11.245484323342907],[79.11225753495734,11.231784074675375],[79.09976260266205,11.231449537666094],[79.09499611847616,11.199891786576757],[79.06662091342446,11.205692868830909],[79.0662188472221,11.189743669334916],[79.07724780364327,11.189817112469825],[79.07773738017602,11.183436643786138],[79.07044792533156,11.177229747854653],[79.0738883501673,11.158409201923178],[79.061850783387,11.153130851507626],[79.05611698840835,11.134671998513966],[79.06419782237168,11.13087907990564],[79.06838309720223,11.107398200366674],[79.0542640495463,11.087051195556285],[79.03184276383251,11.084201835746171],[79.02010422792785,11.062355169155808],[79.00663407620169,11.056410748457324],[78.99818305250591,11.075747056481532],[78.98506220915368,11.078990311253904],[78.98442233162535,11.088498835153189],[78.97328760953559,11.09469901854493],[78.92758849411376,11.090145443457516],[78.88771297007759,11.101886598188003],[78.87342281201325,11.096470337636049],[78.87327612629224,11.085565728675476],[78.84890052923612,11.090168971520882],[78.83994178158798,11.153013891977594],[78.84552481961481,11.175089746294816],[78.90307625406592,11.16659301995196],[78.91509187289165,11.15857840307092],[78.94426373518331,11.187186068482333],[78.93761728301126,11.192449725774281],[78.94009966097065,11.212530043826519],[78.9228068779351,11.239924228820144],[78.94283401637682,11.245761034843952],[78.94241346910638,11.273030337280318],[78.9273995870214,11.274811821408491],[78.91698704931292,11.292395656534381],[78.93180008130878,11.308595314522222],[78.94139905722079,11.308886966460364],[78.95322706038058,11.321077462954577],[78.95208010191521,11.332241181885081],[78.9653412332114,11.33410096458789],[78.96722490550502,11.342294699440856],[78.99299908234184,11.342007134022083],[78.99953788746359,11.36141143708818],[78.99114025381971,11.378612253652648],[78.98153024862211,11.378447593181932],[78.98181600820226,11.39603055686473],[78.97414163362953,11.39900276586502]]]}},{"id":"563","type":"Feature","properties":{"ST_NAME":"TAMIL NADU","AC_NO":112,"AC_NAME":"Avanashi (SC)","DIST_NAME":"COIMBATORE","PC_NAME":"NILGIRIS (SC)"},"geometry":{"type":"Polygon","coordinates":[[[77.14158700113927,11.336880492940452],[77.1824713954386,11.313921015142796],[77.17448401452572,11.332608465908038],[77.17869390649867,11.342138205713695],[77.19656653102066,11.338754521803764],[77.21808721225511,11.352261534042611],[77.23483906117377,11.35101560968269],[77.22148887990795,11.340291873271383],[77.23450889217168,11.33119035105392],[77.23648751308832,11.314144936439732],[77.22642077819643,11.317639187498571],[77.21806968446845,11.30594174791338],[77.20415257777933,11.309961663500019],[77.20214145716255,11.301920886239941],[77.21119785949367,11.297804650564217],[77.24159066028079,11.30528811795233],[77.23823281838992,11.322247586157232],[77.24719181694883,11.329259918510502],[77.25360323849873,11.310254179686694],[77.28821653066842,11.340290446047277],[77.2861812533622,11.292738107577634],[77.31385522284035,11.28152071620815],[77.2957857142394,11.27270163956905],[77.33330854165592,11.25761471005086],[77.33527861451648,11.224189921427808],[77.32188544925413,11.208011000906993],[77.31375897739497,11.176086381281493],[77.30681062640934,11.174741436168404],[77.31601906812557,11.164753575417194],[77.30983247888582,11.148948420333397],[77.29009905003119,11.141834179503803],[77.2957718772704,11.109046357303612],[77.27025870617439,11.105755538287497],[77.24445207730156,11.137105110712355],[77.23605922175574,11.138085234146274],[77.22366418165672,11.124734509689915],[77.19423734627657,11.14830392118904],[77.18186623084193,11.136453151691626],[77.17460868754097,11.139115480395162],[77.17497799413917,11.154747713835945],[77.18539977058299,11.159727586458985],[77.16123323892288,11.167210536736945],[77.15399443839266,11.199631158551199],[77.11872544782119,11.196024038978237],[77.09795226598436,11.16905556426292],[77.11513761151161,11.153556371129696],[77.12124941762659,11.125137378087572],[77.13847937132596,11.129515883051624],[77.13338450958753,11.111779272895205],[77.11250153941455,11.112604128377882],[77.09942344533579,11.104287751178845],[77.08838147932187,11.115780947532755],[77.07981327036617,11.111407661334567],[77.07660508825427,11.120415831225671],[77.05377399947054,11.125215870016461],[77.0374602714744,11.157320218253517],[77.00661698138862,11.172756118899827],[77.00915442034028,11.209277438802815],[77.01832076659014,11.210561502511382],[77.00847408950767,11.230515674458843],[77.01566120060397,11.239971200410594],[77.00705941276175,11.264321366437969],[77.02020611881738,11.261322312674622],[77.02245013776371,11.273316992585194],[77.04615942711592,11.285302596537633],[77.05242225728142,11.299851428400757],[77.04513812552415,11.303201859877959],[77.04565977817629,11.322624325652157],[77.06327377026832,11.311685876102331],[77.08049055069841,11.344902066077509],[77.09307046532979,11.335623233525439],[77.09366299355236,11.31858079746587],[77.10444303561763,11.33724818345695],[77.14158700113927,11.336880492940452]]]}},{"id":"564","type":"Feature","properties":{"ST_NAME":"TAMIL NADU","AC_NO":113,"AC_NAME":"Tiruppur (North)","DIST_NAME":"COIMBATORE","PC_NAME":"TIRUPPUR"},"geometry":{"type":"Polygon","coordinates":[[[77.33330854165592,11.25761471005086],[77.34834693836058,11.288108995733637],[77.33335331979993,11.31676315969213],[77.363585206692,11.317291714640987],[77.36383754566623,11.301962024827617],[77.37696075423548,11.295497298661473],[77.39009247129059,11.25736962410889],[77.3821661795256,11.239112627545751],[77.37315326481138,11.237607620195547],[77.37373049017003,11.223824357807928],[77.38481302819872,11.206610472295495],[77.4055215901493,11.199532234924732],[77.40098581894046,11.157068326242324],[77.39085953453997,11.158641461734135],[77.39635191281059,11.135938506556897],[77.35155974388715,11.142130138295272],[77.35531758983495,11.132514669716272],[77.32565129377224,11.132285517062996],[77.32456727885688,11.122468442964305],[77.31057830644374,11.120273934394618],[77.3130490687596,11.105782642954637],[77.2957718772704,11.109046357303612],[77.29009905003119,11.141834179503803],[77.30983247888582,11.148948420333397],[77.31601906812557,11.164753575417194],[77.30681062640934,11.174741436168404],[77.31375897739497,11.176086381281493],[77.32188544925413,11.208011000906993],[77.33527861451648,11.224189921427808],[77.33330854165592,11.25761471005086]]]}},{"id":"565","type":"Feature","properties":{"ST_NAME":"TAMIL NADU","AC_NO":100,"AC_NAME":"Modakkurichi","DIST_NAME":"ERODE","PC_NAME":"ERODE"},"geometry":{"type":"Polygon","coordinates":[[[77.77800236711562,11.31146956396924],[77.81017107533489,11.265979402427547],[77.83861080044812,11.2615404558274],[77.86162616031908,11.246228038393326],[77.87071981706595,11.215885473735682],[77.86131808316304,11.18594709588183],[77.88488859723105,11.152791078645407],[77.88775309712781,11.086783383746194],[77.90430816988618,11.073208569819712],[77.93304548516107,11.070173717643002],[77.91946393980902,11.046822027514622],[77.87550085947714,11.02362909021042],[77.85469401601608,11.031129787709574],[77.85136825384188,11.046261670739568],[77.83069180488297,11.047731845548299],[77.82845441753739,11.062506299326287],[77.81784964974162,11.070265713791684],[77.77970702126208,11.062937450503],[77.77783934610898,11.054048958792464],[77.7388639481128,11.08404570894237],[77.71098215790033,11.078457856844693],[77.7013047404215,11.091773700196143],[77.66296103972024,11.101430319953351],[77.65437168590466,11.113265294657651],[77.6523498678522,11.155212766755824],[77.64545317392492,11.160025483289473],[77.6514814626994,11.175990735683968],[77.64328325012195,11.190299959375693],[77.65754106766622,11.217572969716855],[77.68211797796238,11.212358557501489],[77.68864042171816,11.217598085083637],[77.68783369117199,11.235672369084625],[77.67723932223697,11.233172555968736],[77.66805071596781,11.24850812644894],[77.67442327691276,11.265055230314658],[77.68203921893485,11.255722192025587],[77.68663355489468,11.28042760105302],[77.72361150646589,11.292055704707082],[77.73392172290926,11.316884297472427],[77.75530158919702,11.324146861688348],[77.77581831766128,11.300790433032091],[77.77800236711562,11.31146956396924]]]}},{"id":"566","type":"Feature","properties":{"ST_NAME":"TAMIL NADU","AC_NO":149,"AC_NAME":"Ariyalur","DIST_NAME":"PERAMBALUR","PC_NAME":"CHIDAMBARAM (SC)"},"geometry":{"type":"Polygon","coordinates":[[[79.18748852027903,11.232797861532106],[79.19084036009463,11.224863422808767],[79.17880210982958,11.220361229587127],[79.17381447066134,11.203259375319988],[79.1479920784717,11.189918998463042],[79.14978311609798,11.184148276421865],[79.19029421620519,11.178443208487352],[79.18411386376386,11.154477774229917],[79.1902208639018,11.152066583006444],[79.21701021255132,11.169591770643763],[79.2193196787602,11.159158826418775],[79.22922956739069,11.154600541581772],[79.2304812312239,11.17184134110505],[79.22146652685876,11.179154101880329],[79.24049434224014,11.166068514650306],[79.26405752863212,11.172016416624388],[79.29265326633521,11.154301870435006],[79.30773417309365,11.163467094330997],[79.31359147556623,11.136606426745232],[79.29996938877633,11.121420617667411],[79.31581859355333,11.102055504358077],[79.31803171988804,11.070481515109861],[79.33791287767724,11.068003417024102],[79.34593913718152,11.041798267076388],[79.31101492869607,11.01823696116685],[79.29076735113239,11.014091477739555],[79.26841424751956,10.986183572114214],[79.21209137331829,10.940946067007417],[79.20475083338431,10.940462795621556],[79.20289546815138,10.94930360347854],[79.17862047105797,10.939882037725909],[79.14206387075109,10.94070917838593],[79.11003167871905,10.925091197400889],[79.08621154792468,10.927299149036571],[79.04967905394523,10.888294187626684],[79.00442352912262,10.893875466579573],[79.0018779926753,10.922214660977886],[78.9879603248092,10.928367857490684],[78.98108656089613,10.920785971895157],[78.97549659898891,10.940627967806506],[78.9444163330474,10.957389740743963],[78.95613913980952,10.971044757109894],[78.98302686439831,10.965400324165671],[78.97805576376254,10.974647750593249],[78.9860521981505,10.977896904018962],[78.9870276325193,11.001536385295992],[79.0119101234535,11.0097861703955],[79.00933638066948,11.061194019388552],[79.0261843662156,11.06807810122342],[79.03184276383251,11.084201835746171],[79.0542640495463,11.087051195556285],[79.06838309720223,11.107398200366674],[79.06419782237168,11.13087907990564],[79.05611698840835,11.134671998513966],[79.061850783387,11.153130851507626],[79.0738883501673,11.158409201923178],[79.07044792533156,11.177229747854653],[79.07773738017602,11.183436643786138],[79.07724780364327,11.189817112469825],[79.0662188472221,11.189743669334916],[79.06662091342446,11.205692868830909],[79.09499611847616,11.199891786576757],[79.09976260266205,11.231449537666094],[79.11225753495734,11.231784074675375],[79.10996670989579,11.245484323342907],[79.12245634878155,11.249661994405585],[79.1234015092723,11.261726986011638],[79.13711670557154,11.269044001479529],[79.15814845598652,11.253397976935162],[79.1582304489761,11.240403794999168],[79.18748852027903,11.232797861532106]]]}},{"id":"567","type":"Feature","properties":{"ST_NAME":"TAMIL NADU","AC_NO":117,"AC_NAME":"Kavundampalayam","DIST_NAME":"COIMBATORE","PC_NAME":"COIMBATORE"},"geometry":{"type":"Polygon","coordinates":[[[77.0047037834529,11.193968003520581],[77.00661698138862,11.172756118899827],[77.0374602714744,11.157320218253517],[77.05377399947054,11.125215870016461],[77.07660508825427,11.120415831225671],[77.07981327036617,11.111407661334567],[77.08838147932187,11.115780947532755],[77.09942344533579,11.104287751178845],[77.08343169621588,11.084078570169936],[77.06021208052317,11.076642239847558],[77.06112372058328,11.038648861955437],[77.05011537212675,11.034910211137401],[77.0510740008645,11.026271739049548],[77.0350174771749,11.026640150822345],[77.02966824219567,11.046781548130014],[77.00824668513644,11.04571733178949],[77.00325322195869,11.058584944939298],[76.98330020474071,11.05190011060165],[76.9468279203723,11.053907934303766],[76.95114937684235,11.036635167479062],[76.9091035126171,11.031460871322224],[76.89992770190196,11.04174337875395],[76.89240866452832,11.03592970599118],[76.86327509626875,11.045414691035205],[76.86438391088882,11.054310829681071],[76.79602802407413,11.05640525449894],[76.77741072762302,11.042296293639083],[76.74418802116031,11.057011910171582],[76.74128309314028,11.07311551966552],[76.75484099981236,11.078999015792022],[76.7388377780411,11.103947492682664],[76.74750667329437,11.1177484375404],[76.77008203625701,11.1311966080371],[76.78896259304929,11.127482707461013],[76.78728384027704,11.139011205802547],[76.84873618842443,11.148753724304981],[76.83296973566485,11.157646079503024],[76.84648172475187,11.183266028004823],[76.86250892784483,11.177982422850562],[76.89863168440479,11.199089851215717],[76.91361272414798,11.194096513943009],[76.91006779898981,11.164650558076858],[76.92648057651746,11.151416027827452],[76.90959903816514,11.118517454117239],[76.9482303861235,11.129299826325962],[76.94243285259415,11.15608501651036],[76.95447633781282,11.17040961141447],[76.97680875342127,11.148902378641935],[76.97797966892665,11.193548777354238],[76.98983276856745,11.200659693390207],[77.0047037834529,11.193968003520581]]]}},{"id":"568","type":"Feature","properties":{"ST_NAME":"TAMIL NADU","AC_NO":116,"AC_NAME":"Sulur","DIST_NAME":"COIMBATORE","PC_NAME":"COIMBATORE"},"geometry":{"type":"Polygon","coordinates":[[[77.11872544782119,11.196024038978237],[77.15736341029321,11.197170323851424],[77.16123323892288,11.167210536736945],[77.18539977058299,11.159727586458985],[77.17497799413917,11.154747713835945],[77.17460868754097,11.139115480395162],[77.18186623084193,11.136453151691626],[77.19423734627657,11.14830392118904],[77.22366418165672,11.124734509689915],[77.23605922175574,11.138085234146274],[77.24445207730156,11.137105110712355],[77.27025870617439,11.105755538287497],[77.24231590595434,11.102520293776593],[77.23569462220911,11.067040767417552],[77.17386333662375,11.050666211976136],[77.16722055548428,11.065423486904422],[77.14643597923708,11.051266463576496],[77.1454503222746,11.038457720047802],[77.16883687012552,11.007442340191915],[77.15656436445391,10.995277337679056],[77.18077205808407,10.925059255280473],[77.20069776289148,10.922584702322183],[77.20614563731135,10.910088118871613],[77.22941037109183,10.911082152119661],[77.25786027113469,10.896394726635378],[77.2664990426967,10.859219196708636],[77.28779460473726,10.851887548371735],[77.29860658352709,10.815016744727018],[77.27777486571756,10.803090924106925],[77.2798412541706,10.78901377766374],[77.23290105723805,10.775946535704122],[77.20776850890962,10.790253335722923],[77.21387455666553,10.80414553748659],[77.1678401775822,10.799934648165504],[77.15764707265436,10.848016851896261],[77.14869797653046,10.849771649542049],[77.14669301087383,10.865009471809742],[77.12261978297664,10.874071010169018],[77.12006504916275,10.88724947578271],[77.08203997376586,10.885869781765052],[77.07080993163311,10.875615220765894],[77.03986763338463,10.87703239672777],[77.0557043555716,10.89306197133294],[77.06924544492142,10.92852196621584],[77.0608659748849,10.946619400564941],[77.04686408101259,10.952379603236125],[77.03694033472874,10.984486566701719],[77.05369984317326,10.988413620991878],[77.06085684406816,11.001519855756783],[77.05011537212675,11.034910211137401],[77.06112372058328,11.038648861955437],[77.06021208052317,11.076642239847558],[77.08343169621588,11.084078570169936],[77.11250153941455,11.112604128377882],[77.13338450958753,11.111779272895205],[77.13847937132596,11.129515883051624],[77.12124941762659,11.125137378087572],[77.11513761151161,11.153556371129696],[77.09795226598436,11.16905556426292],[77.11872544782119,11.196024038978237]]]}},{"id":"569","type":"Feature","properties":{"ST_NAME":"TAMIL NADU","AC_NO":102,"AC_NAME":"Kangayam","DIST_NAME":"ERODE","PC_NAME":"ERODE"},"geometry":{"type":"Polygon","coordinates":[[[77.64328325012195,11.190299959375693],[77.6514814626994,11.175990735683968],[77.64545317392492,11.160025483289473],[77.6523498678522,11.155212766755824],[77.65733188176097,11.106605126925103],[77.7013047404215,11.091773700196143],[77.71098215790033,11.078457856844693],[77.7388639481128,11.08404570894237],[77.781736372036,11.05102786174649],[77.78216763472864,11.038980397927048],[77.79182575545428,11.033187893406591],[77.78088863959908,10.998032367599706],[77.75008524253997,10.97663729467547],[77.75264049885999,10.965886662239711],[77.7702626567962,10.961548845303014],[77.76068102700782,10.904521709309506],[77.77153633513382,10.893904126174505],[77.77661098191135,10.869845549132833],[77.75490306452485,10.866320556548487],[77.73343869254171,10.880744269332638],[77.68517648590614,10.888153572329543],[77.67736665904414,10.856390490728586],[77.65469810023717,10.866874009228184],[77.61869323130765,10.862744101159365],[77.59012919021,10.878828194465655],[77.58181940504159,10.907486489909616],[77.56807136010525,10.89683873631867],[77.57655187796684,10.864989695717952],[77.5608831455408,10.864406148125283],[77.55628868907178,10.854083132530604],[77.54690366367322,10.868002927293333],[77.51927062503938,10.861147959210996],[77.51556440197561,10.877324313965971],[77.48690207846818,10.883330841844952],[77.48627394788446,10.901405852498158],[77.4372134418469,10.890130895524464],[77.4319358063924,10.908190572736771],[77.41376357093213,10.923854047726195],[77.4756454200002,10.953549420669276],[77.48835497550175,11.00539749589774],[77.50131288867891,11.01303319152862],[77.49898951625323,11.041502712979877],[77.4758867135011,11.04520869682392],[77.47758223323353,11.057153403207053],[77.4685241042041,11.057338730997685],[77.46867065142948,11.090637088430924],[77.45347367816777,11.093627884619252],[77.45378044231364,11.120107325992365],[77.5006458597187,11.108844191506307],[77.50212565727333,11.129067422623507],[77.49335097656638,11.140934117315737],[77.50661685538364,11.142826307088455],[77.51379681597035,11.158752706971882],[77.54733484003089,11.169753461553057],[77.55496083287619,11.15604769734341],[77.57500738858016,11.159180607099415],[77.56938584158337,11.206224425716698],[77.60321403999603,11.212684429542833],[77.61751546116966,11.203677896417844],[77.62009420508355,11.192379506708903],[77.64328325012195,11.190299959375693]]]}},{"id":"570","type":"Feature","properties":{"ST_NAME":"TAMIL NADU","AC_NO":161,"AC_NAME":"Mayiladuthurai","DIST_NAME":"NAGAPATTINAM  *","PC_NAME":"MAYILADUTHURAI"},"geometry":{"type":"Polygon","coordinates":[[[79.63353731649403,11.246614243252793],[79.65947648565134,11.246899331039344],[79.65366251611226,11.235848581347],[79.66917133379008,11.225607152248301],[79.66348558509173,11.225928180541132],[79.66607771811226,11.217617534721512],[79.67383271690642,11.218932367834554],[79.66527153525323,11.200466912917761],[79.67474600542386,11.165396195877804],[79.69549035319727,11.180168185513423],[79.69490443948837,11.165471507803886],[79.71115738050878,11.175254702642462],[79.72033530822796,11.165259390108815],[79.7071698135361,11.153412535360246],[79.69610626469245,11.158939542026303],[79.69405459364464,11.10073377884089],[79.71303919030646,11.094615735927505],[79.71134677773165,11.087301197192573],[79.69255872880234,11.087664081732044],[79.69491527901698,11.077923000346232],[79.68200413778078,11.062915050189474],[79.65244812737922,11.06690234466754],[79.64916444448357,11.056215142315011],[79.61512188996329,11.06807577647595],[79.59162773822959,11.062234247212814],[79.58217989428675,11.07064082371511],[79.57404729084988,11.059375676546267],[79.55263981447592,11.061016946474922],[79.55223791105084,11.084062548747681],[79.54103153547703,11.084671522872554],[79.54825247457211,11.104573129446408],[79.53871199865989,11.09575787942265],[79.53814412625047,11.10957755356128],[79.55026149617117,11.11458314949283],[79.55107080327502,11.130070777344542],[79.57276787303897,11.148086780780375],[79.55792477670713,11.154614042204344],[79.55707797776654,11.163071157008346],[79.53970281863025,11.162670062973064],[79.53806743206638,11.180601190192817],[79.52688567093702,11.183869900275738],[79.56294212407983,11.208954992279132],[79.6025004410426,11.221738059264055],[79.61639619063175,11.255556634930826],[79.63353731649403,11.246614243252793]]]}},{"id":"571","type":"Feature","properties":{"ST_NAME":"TAMIL NADU","AC_NO":145,"AC_NAME":"Musiri","DIST_NAME":"TIRUCHIRAPPALLI","PC_NAME":"PERAMBALUR"},"geometry":{"type":"Polygon","coordinates":[[[78.4137582818193,11.208200067179405],[78.41870925922501,11.201571071747594],[78.43004968954159,11.204853130467654],[78.43137636492736,11.179447128881918],[78.44365070791389,11.174668008321987],[78.46294228995475,11.190720376244428],[78.48348842085397,11.178608352793276],[78.47999091424936,11.1431852328123],[78.49069735489905,11.065258409148328],[78.51377929068178,11.063431449901543],[78.50855528270017,11.047013146939207],[78.47424114641183,11.040903134072437],[78.48358231816951,11.030339740486681],[78.473811547465,11.022815339556303],[78.48141089249873,11.010151959745201],[78.47681445931988,10.98944923169671],[78.5010620207957,10.983768767414745],[78.53604908829487,11.005249177007954],[78.54757826382587,10.995560511708277],[78.54624766559732,10.978740618284974],[78.49384693358917,10.971595517219384],[78.49995108647352,10.965681204024406],[78.49386567006468,10.936388804699618],[78.4816908928205,10.913959128311149],[78.4093096153465,10.957085228500546],[78.24876891825102,10.967998089640162],[78.20773986530259,10.957976069939718],[78.19309672423447,10.965083657584785],[78.16524563957466,11.01229112133825],[78.19906230508138,11.028929634095391],[78.19668292197935,11.04538924561723],[78.16404809964013,11.044712661360279],[78.18237154081402,11.070344367598523],[78.19575119016537,11.064311739595155],[78.20127420743876,11.074802384322652],[78.22902632890202,11.054512735574349],[78.2366093674284,11.06587261552886],[78.23084607468667,11.094812863722723],[78.2489056340878,11.092613711953277],[78.25584821502315,11.074840800662457],[78.26579539853884,11.070286592452305],[78.28984053970919,11.077438087697658],[78.32292449247143,11.05938002027176],[78.32952323201158,11.030007602868636],[78.34436891659226,11.025654730381575],[78.36346964900514,11.064515183329092],[78.33684703376366,11.08373439602559],[78.34141542518176,11.090159645551239],[78.3252134199634,11.097048766287571],[78.32726466113525,11.103387388617136],[78.34312460471676,11.1123960486388],[78.3459006643842,11.138796037607108],[78.37669654850697,11.134546375814637],[78.38124393086275,11.139724412251894],[78.37797019446896,11.176900666132894],[78.38711663512464,11.177363907818119],[78.38127365975163,11.187590099703414],[78.41102379151482,11.198223752823992],[78.4137582818193,11.208200067179405]]]}},{"id":"572","type":"Feature","properties":{"ST_NAME":"TAMIL NADU","AC_NO":114,"AC_NAME":"Tiruppur (South)","DIST_NAME":"COIMBATORE","PC_NAME":"TIRUPPUR"},"geometry":{"type":"Polygon","coordinates":[[[77.37675849760666,11.135344439594235],[77.3772489284953,11.1267940363158],[77.40228123748915,11.122056888914358],[77.40351904906493,11.108389128255737],[77.43511898555278,11.092921488735783],[77.4312372498992,11.07633708099155],[77.41900417949932,11.068892065916145],[77.40361889359713,11.074927765104349],[77.39761152934864,11.090059962897044],[77.3748190538563,11.090636881586875],[77.35745142114621,11.079481823127708],[77.32758053021735,11.084053324401452],[77.33096298655266,11.099813872212508],[77.3130490687596,11.105782642954637],[77.31057830644374,11.120273934394618],[77.32456727885688,11.122468442964305],[77.32565129377224,11.132285517062996],[77.35531758983495,11.132514669716272],[77.35155974388715,11.142130138295272],[77.37675849760666,11.135344439594235]]]}},{"id":"573","type":"Feature","properties":{"ST_NAME":"TAMIL NADU","AC_NO":170,"AC_NAME":"Thiruvidaimarudur","DIST_NAME":"THANJAVUR","PC_NAME":"MAYILADUTHURAI"},"geometry":{"type":"Polygon","coordinates":[[[79.52688567093702,11.183869900275738],[79.53806743206638,11.180601190192817],[79.53970281863025,11.162670062973064],[79.55707797776654,11.163071157008346],[79.55792477670713,11.154614042204344],[79.57276787303897,11.148086780780375],[79.55107080327502,11.130070777344542],[79.55026149617117,11.11458314949283],[79.53814412625047,11.10957755356128],[79.53871199865989,11.09575787942265],[79.54825247457211,11.104573129446408],[79.54103153547703,11.084671522872554],[79.55223791105084,11.084062548747681],[79.54859578266928,11.075521265494046],[79.5109446139029,11.042335727112174],[79.51166913382355,11.027659935257873],[79.53173632896846,11.022338796897998],[79.52354542518128,11.00846952874582],[79.54208669294655,11.00844141324069],[79.54751926360319,11.00069332123985],[79.51155691461997,10.988297136303856],[79.5185730070387,10.94621339083534],[79.50125285583471,10.941531590410591],[79.48422286909022,10.920980533025215],[79.493449192926,10.916505934601275],[79.49259382434559,10.905780988601805],[79.50628401949194,10.903983750150019],[79.50607494330404,10.893563466580758],[79.48819692464843,10.889434693456394],[79.48566466848973,10.869231933606898],[79.47191378169572,10.872602378596923],[79.45675531380675,10.86361610270103],[79.40126548071743,10.89265718827869],[79.4027554882752,10.901957576680843],[79.41434635100336,10.897408424459286],[79.41891804563136,10.923995701740296],[79.40912815444085,10.95113999661362],[79.42936347514433,10.957967029954546],[79.45429030895065,10.97964462489955],[79.43987114943405,10.980111962996716],[79.42244701861506,10.96436124387634],[79.40544582006862,10.967204716724325],[79.40011069815023,10.98064501275718],[79.41263586295474,10.994986787410369],[79.41727126285855,11.017508700066514],[79.40297737260772,11.020190784177373],[79.41673913760116,11.028029719396102],[79.4192162392381,11.051327056298646],[79.41027385295598,11.062138239188414],[79.39661778528261,11.051650953428805],[79.39273355311104,11.063512588535161],[79.41340243697294,11.082033367945598],[79.43065444564621,11.120561350525975],[79.4586311125359,11.150500367797804],[79.52688567093702,11.183869900275738]]]}},{"id":"574","type":"Feature","properties":{"ST_NAME":"TAMIL NADU","AC_NO":115,"AC_NAME":"Palladam","DIST_NAME":"COIMBATORE","PC_NAME":"COIMBATORE"},"geometry":{"type":"Polygon","coordinates":[[[77.40228123748915,11.122056888914358],[77.42654778455267,11.129500206069679],[77.45378044231364,11.120107325992365],[77.45347367816777,11.093627884619252],[77.46867065142948,11.090637088430924],[77.4685241042041,11.057338730997685],[77.47758223323353,11.057153403207053],[77.4758867135011,11.04520869682392],[77.49898951625323,11.041502712979877],[77.50131288867891,11.01303319152862],[77.48835497550175,11.00539749589774],[77.4756454200002,10.953549420669276],[77.41768119043462,10.926913521541849],[77.42080701533155,10.91202853658774],[77.37405630375548,10.902230560492],[77.37658349583171,10.880188137572532],[77.28779460473726,10.851887548371735],[77.2664990426967,10.859219196708636],[77.25786027113469,10.896394726635378],[77.22941037109183,10.911082152119661],[77.20614563731135,10.910088118871613],[77.20069776289148,10.922584702322183],[77.18077205808407,10.925059255280473],[77.15656436445391,10.995277337679056],[77.16883687012552,11.007442340191915],[77.1454503222746,11.038457720047802],[77.14643597923708,11.051266463576496],[77.16722055548428,11.065423486904422],[77.17386333662375,11.050666211976136],[77.23569462220911,11.067040767417552],[77.24231590595434,11.102520293776593],[77.25191530724567,11.10651112708689],[77.3130490687596,11.105782642954637],[77.33096298655266,11.099813872212508],[77.32758053021735,11.084053324401452],[77.35745142114621,11.079481823127708],[77.3748190538563,11.090636881586875],[77.39761152934864,11.090059962897044],[77.40361889359713,11.074927765104349],[77.41900417949932,11.068892065916145],[77.4312372498992,11.07633708099155],[77.43511898555278,11.092921488735783],[77.40351904906493,11.108389128255737],[77.40228123748915,11.122056888914358]]]}},{"id":"575","type":"Feature","properties":{"ST_NAME":"TAMIL NADU","AC_NO":162,"AC_NAME":"Poompuhar","DIST_NAME":"NAGAPATTINAM  *","PC_NAME":"MAYILADUTHURAI"},"geometry":{"type":"Polygon","coordinates":[[[79.85511471307359,11.185600235462573],[79.85436081410035,10.983316684517433],[79.84019704495773,11.0021157411486],[79.82060145249511,10.998214920082546],[79.81516529893946,11.003769567411666],[79.7977079066946,10.982551333577248],[79.78599748359704,10.99742801868814],[79.75574788006065,11.003792864349236],[79.73148422251893,10.994599421526118],[79.70092320624104,11.015285190159432],[79.67127529591824,11.017242980079516],[79.64224380161022,11.010099254077375],[79.63253017202987,10.980997820393156],[79.6039406333536,10.982500740416867],[79.60327406754425,10.971720915987532],[79.58513090896435,10.983324258607695],[79.57709795310808,10.982501047085691],[79.57432656451937,10.970739871647822],[79.56318407498514,10.976871269493529],[79.5533748034045,10.967487682110914],[79.5328666310902,10.968207610992522],[79.52812337279545,10.959521098020332],[79.529726010547,10.969148036552667],[79.51499339862653,10.970815239331898],[79.51155691461997,10.988297136303856],[79.54751926360319,11.00069332123985],[79.54208669294655,11.00844141324069],[79.52354542518128,11.00846952874582],[79.52497187495214,11.016564472172718],[79.53211756867091,11.014123848836618],[79.52978271729864,11.026865842884376],[79.51166913382355,11.027659935257873],[79.5109446139029,11.042335727112174],[79.53069291664485,11.056328866983677],[79.53675635991812,11.070509753822137],[79.54859578266928,11.075521265494046],[79.55263981447592,11.061016946474922],[79.57404729084988,11.059375676546267],[79.58217989428675,11.07064082371511],[79.59162773822959,11.062234247212814],[79.61512188996329,11.06807577647595],[79.64916444448357,11.056215142315011],[79.65244812737922,11.06690234466754],[79.68200413778078,11.062915050189474],[79.69491527901698,11.077923000346232],[79.69255872880234,11.087664081732044],[79.71134677773165,11.087301197192573],[79.71303919030646,11.094615735927505],[79.69405459364464,11.10073377884089],[79.69333442824131,11.128792890179795],[79.71119799299305,11.142318903294779],[79.7450149948462,11.152554881602555],[79.7475516738707,11.14594832875241],[79.80072795692973,11.149068592241804],[79.80411244393417,11.165360929863084],[79.8299493934498,11.167493309668544],[79.8281557774672,11.176573347082353],[79.85511471307359,11.185600235462573]]]}},{"id":"576","type":"Feature","properties":{"ST_NAME":"TAMIL NADU","AC_NO":144,"AC_NAME":"Manachanallur","DIST_NAME":"TIRUCHIRAPPALLI","PC_NAME":"PERAMBALUR"},"geometry":{"type":"Polygon","coordinates":[[[78.80767982806168,11.080613000289759],[78.81491293138674,11.051302726939355],[78.806531168079,11.029108279923207],[78.81263419411283,11.016744378850035],[78.79422873836563,10.998089534804251],[78.79215918969493,10.964989734188919],[78.77751794799497,10.950043376800465],[78.77794771151775,10.929166676700845],[78.7581837884511,10.92632638475493],[78.76698538766556,10.910837332377014],[78.75799671507639,10.91242977631316],[78.75621952431163,10.902405647702551],[78.7282894153243,10.913533360476265],[78.7306837208771,10.893375591010738],[78.72136441793361,10.882766518160338],[78.73210528822852,10.879126420448017],[78.71317805572278,10.87258120945529],[78.713797673324,10.860153857614478],[78.67561359599074,10.87846613460448],[78.63849587628374,10.883556189466617],[78.63732553904242,10.875139969534018],[78.4816908928205,10.913959128311149],[78.49386567006468,10.936388804699618],[78.49995108647352,10.965681204024406],[78.49384693358917,10.971595517219384],[78.54624766559732,10.978740618284974],[78.54757826382587,10.995560511708277],[78.53604908829487,11.005249177007954],[78.5010620207957,10.983768767414745],[78.47681445931988,10.98944923169671],[78.48141089249873,11.010151959745201],[78.473811547465,11.022815339556303],[78.48358231816951,11.030339740486681],[78.47424114641183,11.040903134072437],[78.50855528270017,11.047013146939207],[78.5131245086892,11.054075723515894],[78.53681063420345,11.050480230378355],[78.54097394669037,11.060696879557383],[78.54681487340775,11.050047608810132],[78.56105486009375,11.058890137070193],[78.57450905514884,11.05439895155041],[78.57150335539558,11.064105498969639],[78.58143227727783,11.071823094060619],[78.59327730820127,11.066576577846831],[78.64958358721282,11.087726783364417],[78.66150608034138,11.07667991784399],[78.65708095452248,11.053564081217417],[78.67148729240466,11.051132440309914],[78.68819426245528,11.03184643136774],[78.7101581385873,11.031869285838923],[78.71813442186613,11.039241096999092],[78.72017031880523,11.074044540023579],[78.74463127681202,11.07935703589851],[78.7352234634921,11.105618068818842],[78.75900532093885,11.122743111205693],[78.77690983182333,11.113341360215657],[78.81056820675741,11.11207808613483],[78.80767982806168,11.080613000289759]]]}},{"id":"577","type":"Feature","properties":{"ST_NAME":"TAMIL NADU","AC_NO":134,"AC_NAME":"Aravakurichi","DIST_NAME":"KARUR  *","PC_NAME":"KARUR"},"geometry":{"type":"Polygon","coordinates":[[[78.02110644250837,11.093430069741999],[78.06054557411903,11.076286825076977],[78.05965528036694,11.054485914193606],[78.03813446423419,11.028973683788536],[78.01578653801835,11.028413143551802],[78.00884413604808,10.964771707947989],[78.02609989309565,10.94832099881512],[78.02424057264437,10.937853871359152],[78.00325916268025,10.935537781643347],[77.9886825525578,10.912797048644904],[77.98903186812629,10.886305195728255],[78.00402182554689,10.86954889966205],[78.00567364182518,10.854501933317636],[78.02706962486337,10.853775790120665],[78.01308633346758,10.835895630179266],[78.03859781114011,10.82251234486887],[78.04228774838094,10.800670567892439],[78.05364415515368,10.799101330062399],[78.05502688977919,10.772357049138577],[78.02799967404576,10.78208523604485],[78.02487331045495,10.773371809961134],[77.9985495399294,10.774312596149457],[77.99500472898512,10.761886099563867],[77.9832950469289,10.759589586290417],[77.9403779006197,10.768238200032954],[77.93124091453666,10.736541326521035],[77.99649430936495,10.743230130466202],[77.99876497882076,10.729282397364784],[78.01146994598128,10.730460043396363],[78.0152196323802,10.719942682508815],[78.00529510098818,10.675713768875369],[77.97019790880648,10.672894993209411],[77.9785440373775,10.639297839623623],[77.91364056785795,10.648294848928174],[77.9089113236987,10.65713166109731],[77.8960123925579,10.645518604000415],[77.88089995376993,10.649447898501762],[77.87220767344542,10.632053872488257],[77.8473422660328,10.638944496891042],[77.82784459085525,10.634415734098923],[77.81264072339076,10.648760131175152],[77.81772065098733,10.680180194260629],[77.80855150065128,10.6810567472711],[77.81029892835289,10.699871392750651],[77.82480012762386,10.71553123447893],[77.82663773214568,10.75019491566286],[77.8127236903461,10.758712204104995],[77.79719254699847,10.752603877467038],[77.7710197375709,10.767395737623247],[77.77755701834178,10.790334830488064],[77.79355301226178,10.790649772169274],[77.79849614578058,10.806268614704834],[77.87120322155147,10.771838511737997],[77.8921661072801,10.77389024843626],[77.8917539686708,10.792408006124617],[77.87220176130228,10.794853503786214],[77.87313260548541,10.835815268559827],[77.8618729855499,10.847869237175587],[77.83663057064439,10.835228365596663],[77.820420120792,10.858327043158567],[77.79595527141868,10.866229148556386],[77.78770201403677,10.886373794215274],[77.77661098191135,10.869845549132833],[77.77153633513382,10.893904126174505],[77.76068102700782,10.904521709309506],[77.7702626567962,10.961548845303014],[77.75264049885999,10.965886662239711],[77.75008524253997,10.97663729467547],[77.78088863959908,10.998032367599706],[77.7896924691322,11.019032684910542],[77.79182575545428,11.033187893406591],[77.78216763472864,11.038980397927048],[77.77970702126208,11.062937450503],[77.81784964974162,11.070265713791684],[77.82845441753739,11.062506299326287],[77.83069180488297,11.047731845548299],[77.85136825384188,11.046261670739568],[77.85469401601608,11.031129787709574],[77.87550085947714,11.02362909021042],[77.91946393980902,11.046822027514622],[77.93304548516107,11.070173717643002],[77.95223345271171,11.066930913430951],[77.9940685770033,11.096972307725878],[78.02110644250837,11.093430069741999]]]}},{"id":"578","type":"Feature","properties":{"ST_NAME":"TAMIL NADU","AC_NO":119,"AC_NAME":"Thondamuthur","DIST_NAME":"COIMBATORE","PC_NAME":"POLLACHI"},"geometry":{"type":"Polygon","coordinates":[[[76.86438391088882,11.054310829681071],[76.85840451735464,11.029015295419583],[76.8743267066123,11.028871146686129],[76.86171842646428,11.0206838680661],[76.88039659982326,10.997077412592546],[76.88522040050111,11.005650180211717],[76.91315933543501,11.005402823481575],[76.91773024585422,10.998238935578456],[76.9238643461627,11.005380183948375],[76.94021193183522,11.003660774625075],[76.94375599454355,11.014125421750862],[76.95606943825402,11.013500490954925],[76.96139019799932,10.991485814818532],[76.97636061944706,10.984148018716155],[76.9592046187982,10.969079245610772],[76.96500118016041,10.935744070832243],[76.95725202156359,10.928644849580166],[76.92557200224616,10.933625438063586],[76.92037827263925,10.918014700218293],[76.91107540120885,10.926612100268244],[76.91744395657338,10.937362617590793],[76.91460074632744,10.972073355800774],[76.85155184973814,10.974184754422936],[76.860643143966,10.929902421959241],[76.84765173104262,10.912628879918941],[76.8361710496543,10.914577906844954],[76.83060903507896,10.885186237654807],[76.8124823331932,10.876850924330768],[76.78213158920153,10.891304353413204],[76.74119773488763,10.890316217019858],[76.65929330154466,10.930550911395471],[76.66705618019864,10.96934447366857],[76.6859056015623,10.99022115488242],[76.6945467635224,11.022756666886721],[76.71088510416428,11.039016544378057],[76.73803178943558,11.039580447179958],[76.76596842750098,11.029652358069939],[76.79177126842933,11.037953364056534],[76.80012971411509,11.055147502255465],[76.83232423377643,11.05692149233306],[76.86438391088882,11.054310829681071]]]}},{"id":"579","type":"Feature","properties":{"ST_NAME":"TAMIL NADU","AC_NO":118,"AC_NAME":"Coimbatore(North)","DIST_NAME":"COIMBATORE","PC_NAME":"COIMBATORE"},"geometry":{"type":"Polygon","coordinates":[[[77.00325322195869,11.058584944939298],[77.00929217669267,11.038636394653963],[76.99579427458616,11.042855796957497],[76.99123445550578,11.022300382356832],[76.95516243869565,11.03170159195497],[76.95061223246859,11.026178004511337],[76.96169789564141,11.019867178427603],[76.95606943825402,11.013500490954925],[76.94375599454355,11.014125421750862],[76.94021193183522,11.003660774625075],[76.9238643461627,11.005380183948375],[76.91773024585422,10.998238935578456],[76.91315933543501,11.005402823481575],[76.88522040050111,11.005650180211717],[76.88039659982326,10.997077412592546],[76.86171842646428,11.0206838680661],[76.8743267066123,11.028871146686129],[76.85840451735464,11.029015295419583],[76.86327509626875,11.045414691035205],[76.89240866452832,11.03592970599118],[76.89992770190196,11.04174337875395],[76.9091035126171,11.031460871322224],[76.95114937684235,11.036635167479062],[76.9468279203723,11.053907934303766],[76.98330020474071,11.05190011060165],[77.00325322195869,11.058584944939298]]]}},{"id":"580","type":"Feature","properties":{"ST_NAME":"TAMIL NADU","AC_NO":143,"AC_NAME":"Lalgudi","DIST_NAME":"TIRUCHIRAPPALLI","PC_NAME":"PERAMBALUR"},"geometry":{"type":"Polygon","coordinates":[[[78.84890052923612,11.090168971520882],[78.87327612629224,11.085565728675476],[78.87342281201325,11.096470337636049],[78.88771297007759,11.101886598188003],[78.92758849411376,11.090145443457516],[78.97328760953559,11.09469901854493],[78.98442233162535,11.088498835153189],[78.98506220915368,11.078990311253904],[78.99818305250591,11.075747056481532],[79.0119101234535,11.0097861703955],[78.9870276325193,11.001536385295992],[78.9860521981505,10.977896904018962],[78.97805576376254,10.974647750593249],[78.98302686439831,10.965400324165671],[78.95613913980952,10.971044757109894],[78.9444163330474,10.957389740743963],[78.97549659898891,10.940627967806506],[78.98108656089613,10.920785971895157],[78.9879603248092,10.928367857490684],[79.0018779926753,10.922214660977886],[79.00442352912262,10.893875466579573],[78.96128740598903,10.888346789872514],[78.96087532493635,10.89503625571865],[78.94032418121606,10.887786848584255],[78.9392034361897,10.876440733652998],[78.92436612969317,10.86701061534768],[78.81734825861531,10.836096633153147],[78.81651655749317,10.84413703989253],[78.80159499801078,10.847635718313825],[78.713797673324,10.860153857614478],[78.71317805572278,10.87258120945529],[78.73210528822852,10.879126420448017],[78.72136441793361,10.882766518160338],[78.7306837208771,10.893375591010738],[78.7282894153243,10.913533360476265],[78.75621952431163,10.902405647702551],[78.75799671507639,10.91242977631316],[78.76698538766556,10.910837332377014],[78.7581837884511,10.92632638475493],[78.77794771151775,10.929166676700845],[78.77751794799497,10.950043376800465],[78.79215918969493,10.964989734188919],[78.79422873836563,10.998089534804251],[78.81263419411283,11.016744378850035],[78.806531168079,11.029108279923207],[78.81491293138674,11.051302726939355],[78.80767982806168,11.080613000289759],[78.83825432607637,11.076394146572682],[78.84890052923612,11.090168971520882]]]}},{"id":"581","type":"Feature","properties":{"ST_NAME":"TAMIL NADU","AC_NO":121,"AC_NAME":"Singanallur","DIST_NAME":"COIMBATORE","PC_NAME":"COIMBATORE"},"geometry":{"type":"Polygon","coordinates":[[[77.02966824219567,11.046781548130014],[77.0350174771749,11.026640150822345],[77.0510740008645,11.026271739049548],[77.06085684406816,11.001519855756783],[77.05369984317326,10.988413620991878],[76.98201239715445,10.971930623499532],[76.97833746690065,10.978607688594025],[76.99056535180961,10.979347956542995],[76.99365507252361,10.986991505953313],[76.9862850573096,10.99553459504557],[76.99435745563216,10.990123240295361],[77.00449441498534,10.995769207482965],[76.9916589013373,11.014969436390402],[76.99579427458616,11.042855796957497],[77.00929217669267,11.038636394653963],[77.00824668513644,11.04571733178949],[77.02966824219567,11.046781548130014]]]}},{"id":"582","type":"Feature","properties":{"ST_NAME":"TAMIL NADU","AC_NO":135,"AC_NAME":"Karur","DIST_NAME":"KARUR  *","PC_NAME":"KARUR"},"geometry":{"type":"Polygon","coordinates":[[[78.06054557411903,11.076286825076977],[78.1023952422467,11.074028452051493],[78.14778471659145,11.035782915948857],[78.19309672423447,10.965083657584785],[78.15743290070787,10.948934879641058],[78.14709466948347,10.955871929745797],[78.13594521739793,10.985763143554266],[78.12642640795241,10.973059273566662],[78.0997383715287,10.969167900778075],[78.09382435510997,10.96374729919853],[78.10610514983284,10.95728347325371],[78.0971585052609,10.955055424468298],[78.09924005718295,10.94874330066284],[78.11618623610599,10.94369898621926],[78.10513549540684,10.933140957089563],[78.10491353643062,10.900826990373332],[78.07282047738317,10.894479038476902],[78.06811770207037,10.909743156921195],[78.05023250592546,10.914205309627391],[78.05217311879443,10.944525595379957],[78.02609989309565,10.94832099881512],[78.00884413604808,10.964771707947989],[78.01578653801835,11.028413143551802],[78.03813446423419,11.028973683788536],[78.05965528036694,11.054485914193606],[78.06054557411903,11.076286825076977]]]}},{"id":"583","type":"Feature","properties":{"ST_NAME":"TAMIL NADU","AC_NO":120,"AC_NAME":"Coimbatore(South)","DIST_NAME":"COIMBATORE","PC_NAME":"COIMBATORE"},"geometry":{"type":"Polygon","coordinates":[[[76.99123445550578,11.022300382356832],[77.00449441498534,10.995769207482965],[76.99435745563216,10.990123240295361],[76.9862850573096,10.99553459504557],[76.99365507252361,10.986991505953313],[76.99056535180961,10.979347956542995],[76.97833746690065,10.978607688594025],[76.98201239715445,10.971930623499532],[76.96307672990724,10.97540016388649],[76.97636061944706,10.984148018716155],[76.96139019799932,10.991485814818532],[76.95606943825402,11.013500490954925],[76.96169789564141,11.019867178427603],[76.95061223246859,11.026178004511337],[76.9721605156953,11.030738094287642],[76.99123445550578,11.022300382356832]]]}},{"id":"584","type":"Feature","properties":{"ST_NAME":"TAMIL NADU","AC_NO":171,"AC_NAME":"Kumbakonam","DIST_NAME":"THANJAVUR","PC_NAME":"MAYILADUTHURAI"},"geometry":{"type":"Polygon","coordinates":[[[79.39327610061162,11.054908227732597],[79.41027385295598,11.062138239188414],[79.4192162392381,11.051327056298646],[79.41673913760116,11.028029719396102],[79.40297737260772,11.020190784177373],[79.41727126285855,11.017508700066514],[79.41263586295474,10.994986787410369],[79.40011069815023,10.98064501275718],[79.40544582006862,10.967204716724325],[79.42244701861506,10.96436124387634],[79.43987114943405,10.980111962996716],[79.45429030895065,10.97964462489955],[79.42936347514433,10.957967029954546],[79.40912815444085,10.95113999661362],[79.41177716328554,10.935184411931118],[79.41919442258461,10.932032452735541],[79.41434635100336,10.897408424459286],[79.4027554882752,10.901957576680843],[79.40126548071743,10.89265718827869],[79.36830263875584,10.894051909967743],[79.3236901354914,10.924653018022411],[79.35064329205431,10.921414589012102],[79.35058385765893,10.93171002329899],[79.33065899012036,10.937435782835166],[79.35615813449039,10.945661299729238],[79.35089162275023,10.947574951822617],[79.36031554652533,10.977941076019874],[79.35533110624561,10.983751180272805],[79.33966527683111,10.974982730068973],[79.32698261375668,10.979099875858651],[79.32633539865975,11.001898312956826],[79.31101492869607,11.01823696116685],[79.39273355311104,11.063512588535161],[79.39327610061162,11.054908227732597]]]}},{"id":"585","type":"Feature","properties":{"ST_NAME":"TAMIL NADU","AC_NO":122,"AC_NAME":"Kinathukadavu","DIST_NAME":"COIMBATORE","PC_NAME":"POLLACHI"},"geometry":{"type":"Polygon","coordinates":[[[77.03694033472874,10.984486566701719],[77.04686408101259,10.952379603236125],[77.0608659748849,10.946619400564941],[77.06924544492142,10.92852196621584],[77.0557043555716,10.89306197133294],[77.02581511397636,10.858913686217704],[77.03243725477552,10.814399986969875],[77.04332253910394,10.797172229414912],[77.02382303830262,10.78643680091767],[76.99753239610328,10.791569377524809],[76.95690473036905,10.77131458200239],[76.94411027796701,10.789971465710607],[76.90423921097084,10.77248341197992],[76.90005254129181,10.808561689870146],[76.87156003496767,10.808578130376475],[76.85050554429552,10.818877606216574],[76.84476137293905,10.82581882737702],[76.85282408376452,10.834249477831179],[76.84746154151696,10.849915598626012],[76.82807779425485,10.873007447635644],[76.8124823331932,10.876850924330768],[76.83060903507896,10.885186237654807],[76.8361710496543,10.914577906844954],[76.84765173104262,10.912628879918941],[76.860643143966,10.929902421959241],[76.85155184973814,10.974184754422936],[76.91460074632744,10.972073355800774],[76.91744395657338,10.937362617590793],[76.91107540120885,10.926612100268244],[76.92037827263925,10.918014700218293],[76.92557200224616,10.933625438063586],[76.95725202156359,10.928644849580166],[76.96500118016041,10.935744070832243],[76.96307672990724,10.97540016388649],[76.98201239715445,10.971930623499532],[77.03694033472874,10.984486566701719]]]}},{"id":"586","type":"Feature","properties":{"ST_NAME":"TAMIL NADU","AC_NO":172,"AC_NAME":"Papanasam","DIST_NAME":"THANJAVUR","PC_NAME":"MAYILADUTHURAI"},"geometry":{"type":"Polygon","coordinates":[[[79.33966527683111,10.974982730068973],[79.36031554652533,10.977941076019874],[79.35089162275023,10.947574951822617],[79.35615813449039,10.945661299729238],[79.33065899012036,10.937435782835166],[79.35058385765893,10.93171002329899],[79.35064329205431,10.921414589012102],[79.28849939403187,10.935990619071845],[79.2906828112628,10.910470748026626],[79.28190486152022,10.910817174972692],[79.27008733186494,10.883777502729629],[79.27096803974331,10.873474305494824],[79.29094370099108,10.863342085568831],[79.28740020305696,10.832941142319896],[79.3206436110139,10.818989726494749],[79.3246497912549,10.809808116951103],[79.3689153792414,10.807840955195957],[79.36963803846476,10.79623083078826],[79.3479838088058,10.79578936708566],[79.34503310349498,10.780820029320921],[79.34532258357041,10.766286522804819],[79.36133747584387,10.765116059658453],[79.36105073780135,10.75230809853997],[79.34191744183653,10.739762313180279],[79.3206495798143,10.737286995798286],[79.31115110763756,10.74675992453092],[79.29385557627387,10.732250661039245],[79.27510656151867,10.73946144409041],[79.27616680825167,10.751691397440084],[79.26358307869617,10.756212632007419],[79.25707886060098,10.717322271205887],[79.23693388399158,10.724829788264174],[79.19483031476727,10.770751286242898],[79.19651130235479,10.778617371094867],[79.2045090038875,10.777745043099287],[79.19532646354554,10.78148779932252],[79.19882686596713,10.793639823718934],[79.19271675237627,10.791464242280995],[79.19668834019478,10.810017475526138],[79.18723263347931,10.80421201357359],[79.17785333946011,10.811274002892958],[79.18713242472165,10.82222867261521],[79.17222036837535,10.83214373054875],[79.18045975461405,10.83206943035998],[79.18366669656086,10.844794779755318],[79.20234341481682,10.844397071667572],[79.20032619769592,10.851107154471663],[79.1807039520258,10.854480488983427],[79.18987222462351,10.86578624773722],[79.17126848365365,10.877221880285617],[79.16193336073604,10.902812320232442],[79.14439081888122,10.890099356300311],[79.148332801018,10.917924905609937],[79.1289107309455,10.933569048772654],[79.20289546815138,10.94930360347854],[79.20475083338431,10.940462795621556],[79.21209137331829,10.940946067007417],[79.26841424751956,10.986183572114214],[79.29076735113239,11.014091477739555],[79.3087187697555,11.020684624395926],[79.32633539865975,11.001898312956826],[79.32698261375668,10.979099875858651],[79.33966527683111,10.974982730068973]]]}},{"id":"587","type":"Feature","properties":{"ST_NAME":"TAMIL NADU","AC_NO":136,"AC_NAME":"Krishnarayapuram(SC)","DIST_NAME":"KARUR  *","PC_NAME":"KARUR"},"geometry":{"type":"Polygon","coordinates":[[[78.30800978762164,10.959641829307031],[78.32037941827559,10.926298477892487],[78.31276074051584,10.895711627689536],[78.29862484046407,10.886508244659808],[78.27749753258513,10.888406346575664],[78.27144385235198,10.832459263084559],[78.27267063464211,10.820474843539273],[78.28978316386196,10.817945554243977],[78.29015152527273,10.809920941398389],[78.31176198942433,10.808461899297242],[78.30519385651132,10.783833442559398],[78.30990095846249,10.766149780887702],[78.30487545154091,10.756732011173426],[78.28424471961819,10.751914975195973],[78.25595096436558,10.601684959493355],[78.27166578524788,10.570666142428593],[78.26767424776835,10.552574391794792],[78.23984310737359,10.528955718131954],[78.24235668371404,10.540778875744593],[78.22723559434723,10.542198342279733],[78.21701620133666,10.540179849920207],[78.21475473644199,10.531265026959488],[78.18619357857085,10.528338275091357],[78.20007037135059,10.546731144826538],[78.19069398753754,10.557534261696844],[78.17062307369594,10.554232349543327],[78.13957365989654,10.563788091447293],[78.1330092043114,10.575106301314804],[78.13943549884925,10.601342036305994],[78.16650587394696,10.613309644824312],[78.16321693721193,10.649537517742317],[78.14533472681626,10.649716964866059],[78.14562228324183,10.67716197414586],[78.15232728847366,10.74111000212497],[78.18639568950954,10.833024808048492],[78.17929734239851,10.822556218294892],[78.17572197428973,10.835405345880076],[78.15857962804745,10.833451114577315],[78.14874569705631,10.80471000506276],[78.10516478003063,10.805599692671706],[78.09643149421817,10.789662823780361],[78.09807707369805,10.767151433192112],[78.07023405775561,10.776905982824871],[78.05678986585968,10.763788480454082],[78.05364415515368,10.799101330062399],[78.04228774838094,10.800670567892439],[78.03859781114011,10.82251234486887],[78.01308633346758,10.835895630179266],[78.02706962486337,10.853775790120665],[78.00567364182518,10.854501933317636],[78.00402182554689,10.86954889966205],[77.98903186812629,10.886305195728255],[77.9886825525578,10.912797048644904],[78.00325916268025,10.935537781643347],[78.02424057264437,10.937853871359152],[78.02609989309565,10.94832099881512],[78.04051580516034,10.9498966434154],[78.05217311879443,10.944525595379957],[78.05307986834129,10.909059810661802],[78.06811770207037,10.909743156921195],[78.07282047738317,10.894479038476902],[78.10491353643062,10.900826990373332],[78.10513549540684,10.933140957089563],[78.11618623610599,10.94369898621926],[78.09924005718295,10.94874330066284],[78.0971585052609,10.955055424468298],[78.10610514983284,10.95728347325371],[78.09382435510997,10.96374729919853],[78.12642640795241,10.973059273566662],[78.13594521739793,10.985763143554266],[78.14709466948347,10.955871929745797],[78.15743290070787,10.948934879641058],[78.19309672423447,10.965083657584785],[78.20773986530259,10.957976069939718],[78.24876891825102,10.967998089640162],[78.30800978762164,10.959641829307031]]]}},{"id":"588","type":"Feature","properties":{"ST_NAME":"TAMIL NADU","AC_NO":137,"AC_NAME":"Kulithalai","DIST_NAME":"KARUR  *","PC_NAME":"PERAMBALUR"},"geometry":{"type":"Polygon","coordinates":[[[78.4093096153465,10.957085228500546],[78.47628112357506,10.909483256447174],[78.46803389974474,10.88672736807365],[78.47708427841678,10.882824390433314],[78.49207540585536,10.893723964989022],[78.54633842517825,10.879578893651058],[78.57789576707603,10.852368294461257],[78.57151237289776,10.834269334861972],[78.58585273111868,10.831450044783764],[78.58552007818912,10.824665802085121],[78.57587584839177,10.808533953878907],[78.55429735423957,10.813630969493715],[78.54455160357372,10.794666611175217],[78.56893454629233,10.77761337066056],[78.5645719377448,10.734522759517802],[78.51686588355375,10.707439332559204],[78.51349275318807,10.694876487959618],[78.46006628772903,10.703760668320228],[78.45420573960325,10.686247455155979],[78.43247372218457,10.684270921565826],[78.42225452792417,10.671567111832815],[78.40068454315718,10.680253157157551],[78.40456470589652,10.694060294746862],[78.39737059447742,10.689630797323503],[78.37400877528484,10.718778277195781],[78.37835670239997,10.726288944579153],[78.34488531900234,10.72104504809056],[78.3415968202371,10.707260037420838],[78.29279830200011,10.701892502137298],[78.2827416593002,10.745913363011368],[78.30990095846249,10.766149780887702],[78.30519385651132,10.783833442559398],[78.31176198942433,10.808461899297242],[78.29015152527273,10.809920941398389],[78.28978316386196,10.817945554243977],[78.27267063464211,10.820474843539273],[78.27144385235198,10.832459263084559],[78.27749753258513,10.888406346575664],[78.29862484046407,10.886508244659808],[78.31276074051584,10.895711627689536],[78.32037941827559,10.926298477892487],[78.30800978762164,10.959641829307031],[78.4093096153465,10.957085228500546]]]}},{"id":"589","type":"Feature","properties":{"ST_NAME":"TAMIL NADU","AC_NO":101,"AC_NAME":"Dharapuram (SC)","DIST_NAME":"ERODE","PC_NAME":"ERODE"},"geometry":{"type":"Polygon","coordinates":[[[77.37405630375548,10.902230560492],[77.4319358063924,10.908190572736771],[77.4372134418469,10.890130895524464],[77.48627394788446,10.901405852498158],[77.48690207846818,10.883330841844952],[77.51556440197561,10.877324313965971],[77.51927062503938,10.861147959210996],[77.54690366367322,10.868002927293333],[77.55628868907178,10.854083132530604],[77.5608831455408,10.864406148125283],[77.57655187796684,10.864989695717952],[77.56807136010525,10.89683873631867],[77.58181940504159,10.907486489909616],[77.59838002122103,10.87300599073393],[77.61869323130765,10.862744101159365],[77.65469810023717,10.866874009228184],[77.66891930098501,10.85514759168808],[77.68331809805181,10.860058722831866],[77.68517648590614,10.888153572329543],[77.73343869254171,10.880744269332638],[77.75490306452485,10.866320556548487],[77.78407784421717,10.873892921021536],[77.78770201403677,10.886373794215274],[77.79595527141868,10.866229148556386],[77.820420120792,10.858327043158567],[77.83663057064439,10.835228365596663],[77.85635756574914,10.849359358047991],[77.87313260548541,10.835815268559827],[77.87220176130228,10.794853503786214],[77.8917539686708,10.792408006124617],[77.8921661072801,10.77389024843626],[77.87120322155147,10.771838511737997],[77.79849614578058,10.806268614704834],[77.79355301226178,10.790649772169274],[77.77755701834178,10.790334830488064],[77.7710197375709,10.767395737623247],[77.79719254699847,10.752603877467038],[77.8127236903461,10.758712204104995],[77.82663773214568,10.75019491566286],[77.82480012762386,10.71553123447893],[77.81029892835289,10.699871392750651],[77.80855150065128,10.6810567472711],[77.76675533858804,10.679624566120879],[77.7532302086073,10.667851184184826],[77.75483285265409,10.652074729165463],[77.7442217914026,10.637345085907043],[77.7306208629625,10.630501208264207],[77.72010121869636,10.631298736047881],[77.72265581671263,10.640976863991114],[77.71357886577209,10.641534866341033],[77.69922103732108,10.661967298651973],[77.70922217026703,10.686050551291942],[77.70710146815827,10.709097346965052],[77.70170062018752,10.733459922737268],[77.68986104185365,10.73461699407909],[77.66490060487905,10.71605964643561],[77.65554099881808,10.673180041425837],[77.6373021002118,10.668870191606118],[77.5857415607245,10.683534931691781],[77.58005790834585,10.679224421769675],[77.57082053633872,10.657256096691583],[77.54850000796904,10.638539338819498],[77.54277805526311,10.610146034012303],[77.50817609904777,10.607131719653182],[77.50773357324584,10.613816273402335],[77.5160937357374,10.613856433527644],[77.50445280685159,10.642568284498793],[77.48272679240762,10.649972586365834],[77.45361763444635,10.640290416869277],[77.44617173893465,10.63018601207483],[77.41764906215457,10.625821626466916],[77.39796682271077,10.654354159816648],[77.36519086256828,10.652839732068003],[77.35266465814749,10.692853661767117],[77.32049275643561,10.686718234059299],[77.31390411897996,10.750331328428103],[77.30059845055808,10.75146138233697],[77.29817519852662,10.777026768970245],[77.27554717396299,10.791690447855956],[77.27777486571756,10.803090924106925],[77.29860658352709,10.815016744727018],[77.2863448661227,10.854671679454498],[77.31781536768511,10.857592503890999],[77.33342309999614,10.869332267370282],[77.37658349583171,10.880188137572532],[77.37405630375548,10.902230560492]]]}},{"id":"590","type":"Feature","properties":{"ST_NAME":"TAMIL NADU","AC_NO":123,"AC_NAME":"Pollachi","DIST_NAME":"COIMBATORE","PC_NAME":"POLLACHI"},"geometry":{"type":"Polygon","coordinates":[[[77.08203997376586,10.885869781765052],[77.12006504916275,10.88724947578271],[77.12952208327755,10.86741814942809],[77.14669301087383,10.865009471809742],[77.14869797653046,10.849771649542049],[77.15764707265436,10.848016851896261],[77.1678401775822,10.799934648165504],[77.1573526094354,10.794505817789286],[77.1520377123706,10.765113616200495],[77.14252300653158,10.767854909876235],[77.1321320291699,10.753517069757038],[77.13883668636402,10.731413246524141],[77.07844642226462,10.726805317311573],[77.07112003046507,10.712880952194212],[77.07663808797741,10.687134260437801],[77.06683236152435,10.686264526087086],[77.0749005932878,10.665505430331393],[77.0558974777864,10.646651619376769],[77.0472613313454,10.660269922718783],[77.02555384383487,10.657458965758735],[77.02139591738774,10.640375277796863],[76.98674485459145,10.646788087000687],[76.99240014954734,10.671706975296729],[76.98235477085603,10.674817736549358],[76.98192401358244,10.667826949254334],[76.96295985401412,10.675703804387126],[76.96689930186136,10.656830309071552],[76.95900870958434,10.6423364230875],[76.94566073435544,10.638201234199641],[76.9247027292476,10.656469290625296],[76.89118076977678,10.655655879015626],[76.87776280570898,10.676786947859398],[76.86734287017737,10.679895380767277],[76.86789230918276,10.695410779683812],[76.8932711179678,10.721905925018461],[76.88877083940275,10.734408490759279],[76.90423921097084,10.77248341197992],[76.94411027796701,10.789971465710607],[76.95690473036905,10.77131458200239],[76.99753239610328,10.791569377524809],[77.0378660590714,10.788815502333591],[77.04332253910394,10.797172229414912],[77.03243725477552,10.814399986969875],[77.02581511397636,10.858913686217704],[77.03986763338463,10.87703239672777],[77.07080993163311,10.875615220765894],[77.08203997376586,10.885869781765052]]]}},{"id":"591","type":"Feature","properties":{"ST_NAME":"TAMIL NADU","AC_NO":139,"AC_NAME":"Srirangam","DIST_NAME":"TIRUCHIRAPPALLI","PC_NAME":"TIRUCHIRAPPALLI"},"geometry":{"type":"Polygon","coordinates":[[[78.46506348938857,10.919252755510286],[78.63732553904242,10.875139969534018],[78.63849587628374,10.883556189466617],[78.67561359599074,10.87846613460448],[78.713797673324,10.860153857614478],[78.81651655749317,10.84413703989253],[78.81734825861531,10.836096633153147],[78.77614077747495,10.831961341742556],[78.7533800633393,10.839494311413375],[78.70655868753346,10.838927895006407],[78.68400399099147,10.853584995351298],[78.68165639172918,10.837701007495525],[78.67492206590066,10.834198198488139],[78.66507820909214,10.844412277404729],[78.6464815439881,10.83380505805701],[78.66451026293834,10.825458785594549],[78.6583007014163,10.789615355764113],[78.6728600409582,10.785346048281554],[78.67893297837429,10.767639334287878],[78.69371064453065,10.762901600528494],[78.68860227407572,10.727704186099345],[78.69651522170017,10.704101051822136],[78.69338090810248,10.690513656380176],[78.6826487855131,10.687910637066295],[78.68093531621196,10.670037898330406],[78.66738055177109,10.672693748317897],[78.663084596477,10.654526621906143],[78.65245018432859,10.659239673771992],[78.65816047102896,10.705207919409986],[78.63747496589701,10.708030204230568],[78.62739072839946,10.70440150452589],[78.62140059696003,10.676199636603997],[78.60918405430073,10.681596160634342],[78.59140205356198,10.65968033887657],[78.56566056618226,10.661304173648716],[78.56823771200084,10.681677414381227],[78.55084417431925,10.687389520410079],[78.54408207652665,10.675677263594878],[78.51791077706076,10.669681087812023],[78.51965396535826,10.650348212500035],[78.52937887333638,10.64407563278428],[78.52742182715565,10.629228121680512],[78.48233360681058,10.638980631650895],[78.45843321332217,10.617242855873144],[78.45910442682788,10.609765642370576],[78.44747638162977,10.606557866752212],[78.45239424959499,10.590579265720578],[78.45918661676899,10.589647640925932],[78.45716489044742,10.578965354267723],[78.43276766199807,10.607387944598031],[78.42431733707548,10.607256177730449],[78.43318509491627,10.646773309340801],[78.42343089601911,10.662894485292327],[78.41003834589299,10.635714812888352],[78.39347115836733,10.630240315837966],[78.38718578489613,10.640941393830303],[78.38510743186254,10.65800220933454],[78.39737059447742,10.689630797323503],[78.40456470589652,10.694060294746862],[78.40068454315718,10.680253157157551],[78.42225452792417,10.671567111832815],[78.43247372218457,10.684270921565826],[78.45420573960325,10.686247455155979],[78.46006628772903,10.703760668320228],[78.51349275318807,10.694876487959618],[78.51686588355375,10.707439332559204],[78.5513960334003,10.722577540521115],[78.56875696795976,10.747418017827329],[78.56253343636905,10.762770817519254],[78.56893454629233,10.77761337066056],[78.54455160357372,10.794666611175217],[78.55429735423957,10.813630969493715],[78.57587584839177,10.808533953878907],[78.58585273111868,10.831450044783764],[78.57151237289776,10.834269334861972],[78.57789576707603,10.852368294461257],[78.54633842517825,10.879578893651058],[78.49207540585536,10.893723964989022],[78.47708427841678,10.882824390433314],[78.46803389974474,10.88672736807365],[78.47628112357506,10.909483256447174],[78.46506348938857,10.919252755510286]]]}},{"id":"592","type":"Feature","properties":{"ST_NAME":"TAMIL NADU","AC_NO":173,"AC_NAME":"Thiruvaiyaru","DIST_NAME":"THANJAVUR","PC_NAME":"THANJAVUR"},"geometry":{"type":"Polygon","coordinates":[[[79.1289107309455,10.933569048772654],[79.148332801018,10.917924905609937],[79.14439081888122,10.890099356300311],[79.16193336073604,10.902812320232442],[79.17126848365365,10.877221880285617],[79.18987222462351,10.86578624773722],[79.1807039520258,10.854480488983427],[79.20032619769592,10.851107154471663],[79.20234341481682,10.844397071667572],[79.18366669656086,10.844794779755318],[79.18045975461405,10.83206943035998],[79.17222036837535,10.83214373054875],[79.18534128007605,10.828078993650706],[79.18145688782516,10.805376890131413],[79.16280935706624,10.799460709943844],[79.1480681934924,10.820152474357258],[79.13007439251925,10.822959990511208],[79.12201186155824,10.779577407271574],[79.10887523870139,10.766897882831074],[79.07434955848538,10.762130324854638],[79.07042460141429,10.750301338735824],[79.05878201957461,10.758018540823059],[79.04919738874855,10.754171298666563],[79.05850074221553,10.724429904716374],[79.0342046713086,10.719667561009203],[79.0356725726312,10.704054093721481],[79.00830835844403,10.699700430730331],[79.00374459313849,10.707889812864607],[79.01071976820282,10.71427574403043],[78.9986655360857,10.723895533851874],[78.98895976208343,10.719844993651577],[78.98247271474406,10.68419167600507],[78.96939860646057,10.680118890174697],[78.9649688635223,10.65419320275413],[78.93601013695832,10.672660343899793],[78.94554036149856,10.675904378384416],[78.93691123516544,10.687498400430911],[78.90805857374426,10.67194820584507],[78.89351817932055,10.69437494684638],[78.87342308091053,10.705717113753849],[78.86486599207194,10.73566147209931],[78.88025946270409,10.789301653348673],[78.86744330156716,10.785719663531722],[78.86175221629179,10.802799190330404],[78.86819127940407,10.826488989575239],[78.77550527514836,10.827548477280459],[78.92436612969317,10.86701061534768],[78.9392034361897,10.876440733652998],[78.94032418121606,10.887786848584255],[78.96087532493635,10.89503625571865],[78.96128740598903,10.888346789872514],[79.00442352912262,10.893875466579573],[79.04967905394523,10.888294187626684],[79.08621154792468,10.927299149036571],[79.11003167871905,10.925091197400889],[79.1289107309455,10.933569048772654]]]}},{"id":"593","type":"Feature","properties":{"ST_NAME":"TAMIL NADU","AC_NO":163,"AC_NAME":"Nagapattinam","DIST_NAME":"NAGAPATTINAM  *","PC_NAME":"NAGAPATTINAM (SC)"},"geometry":{"type":"MultiPolygon","coordinates":[[[[79.7709733150665,10.899254631895815],[79.77143660171788,10.898583118016518],[79.77080621743306,10.898825543763905],[79.7709733150665,10.899254631895815]]],[[[79.75808420542182,10.900576232407275],[79.75854715392808,10.899859237114129],[79.75807972230137,10.899865929868838],[79.75808420542182,10.900576232407275]]],[[[79.77134821185058,10.899985336454165],[79.77060646901339,10.90086208281889],[79.77119254370098,10.901044316042373],[79.77134821185058,10.899985336454165]]],[[[79.76710267974494,10.901250544077413],[79.77034802004516,10.901451397763822],[79.76654994202624,10.898706623711746],[79.76710267974494,10.901250544077413]]],[[[79.77044884393905,10.90225592407171],[79.76968620985076,10.902590115741305],[79.77026333898198,10.902763223543957],[79.77044884393905,10.90225592407171]]],[[[79.76919668278072,10.903478678298427],[79.76858401963688,10.903748909284786],[79.76919821162824,10.903809099110674],[79.76919668278072,10.903478678298427]]],[[[79.76397200840154,10.90736324771575],[79.76780176324081,10.901830698527988],[79.76209750739412,10.901596238075967],[79.76397200840154,10.90736324771575]]],[[[79.69621769608983,10.918968583233607],[79.70401115798859,10.925025692581698],[79.72027748451836,10.913205840876913],[79.7252583661807,10.92141098003276],[79.73666371765648,10.909787659872677],[79.75888841426894,10.916665146079652],[79.75694633010909,10.896533509114192],[79.76350361809756,10.89985285012898],[79.75620825830453,10.891815017249314],[79.77691765752394,10.896624050159858],[79.77733849347675,10.909010331761465],[79.78924416478645,10.90850274270747],[79.79524516902939,10.902726672398046],[79.78247692646903,10.895384088305093],[79.78357626853,10.888535100714364],[79.79027246849967,10.894937720599387],[79.79460917567297,10.887602264532916],[79.82873070865531,10.88352817378626],[79.8112193444972,10.880398126572345],[79.8248243918323,10.86489100321728],[79.81161824778394,10.859716724147574],[79.80740655087169,10.865505451515446],[79.80785450947809,10.855679066735604],[79.82099717667842,10.8456248018432],[79.8280060619303,10.849736196468314],[79.83097996795124,10.827444928440741],[79.85272333751209,10.82693741762779],[79.85100804888242,10.755157416081943],[79.80337154825838,10.748674397705315],[79.80049932678259,10.739955125128972],[79.77225036136514,10.755716567765433],[79.77431904668668,10.767146499511398],[79.75882489515283,10.770516897736684],[79.76329017749975,10.789001450656485],[79.78280896246372,10.778437760294423],[79.80250994557758,10.797040022778901],[79.79899538422967,10.807773969193363],[79.81264903002875,10.810085626150794],[79.77536391681139,10.81838308700992],[79.77902840323827,10.83258582287749],[79.75706839239245,10.833337111118851],[79.75264533951088,10.823463902237336],[79.74792794841613,10.835209010387587],[79.7371022693543,10.83166410951111],[79.73648580567544,10.82372198787948],[79.74632772174704,10.827905139410689],[79.7518869601152,10.822009416101707],[79.73216739341052,10.803063272651968],[79.72116667570157,10.808727606693765],[79.72640673838032,10.82909063202709],[79.70276736232398,10.825281331368387],[79.69043559942344,10.831532966773068],[79.68370483850754,10.8163893898585],[79.6586786601921,10.817395720436195],[79.6580268081907,10.806015978954292],[79.64594979894412,10.816334331564178],[79.63213553063031,10.815627871828895],[79.62968097319839,10.82237215674968],[79.65133009470816,10.823773382335787],[79.6541893596513,10.840238335830577],[79.62556941759459,10.85990387576328],[79.62748386019206,10.865898391397707],[79.63889488818859,10.860801239085959],[79.63648049447931,10.868635740646937],[79.65216615664286,10.874767475738452],[79.64989346641039,10.886294721324361],[79.66522497195496,10.90020734579241],[79.66820578476921,10.913820746030638],[79.67989350628034,10.91389355154621],[79.68097378091534,10.927824810866355],[79.69621769608983,10.918968583233607]],[[79.80686714110573,10.877670292150299],[79.80952708210918,10.878050571376832],[79.80735378764723,10.880698262714702],[79.80686714110573,10.877670292150299]]]]}},{"id":"594","type":"Feature","properties":{"ST_NAME":"TAMIL NADU","AC_NO":141,"AC_NAME":"Tiruchirappalli","DIST_NAME":"TIRUCHIRAPPALLI","PC_NAME":"TIRUCHIRAPPALLI"},"geometry":{"type":"Polygon","coordinates":[[[78.70655868753346,10.838927895006407],[78.70687297091092,10.813958415348623],[78.72307085183837,10.812782032864561],[78.72270763095247,10.801220210144606],[78.73816616483668,10.800633576978043],[78.7456310558286,10.78901327494276],[78.74271720113796,10.774502614803907],[78.71889205302591,10.773514178036919],[78.68919829886244,10.789325856802918],[78.6954714514464,10.791881428784961],[78.68868192253274,10.799479302527857],[78.68400399099147,10.853584995351298],[78.70655868753346,10.838927895006407]]]}},{"id":"595","type":"Feature","properties":{"ST_NAME":"TAMIL NADU","AC_NO":133,"AC_NAME":"Vedasandur","DIST_NAME":"DINDIGUL","PC_NAME":"KARUR"},"geometry":{"type":"Polygon","coordinates":[[[77.93124091453666,10.736541326521035],[77.9403779006197,10.768238200032954],[77.9832950469289,10.759589586290417],[77.99500472898512,10.761886099563867],[77.9985495399294,10.774312596149457],[78.02487331045495,10.773371809961134],[78.02799967404576,10.78208523604485],[78.05502688977919,10.772357049138577],[78.05678986585968,10.763788480454082],[78.07023405775561,10.776905982824871],[78.09807707369805,10.767151433192112],[78.09643149421817,10.789662823780361],[78.10516478003063,10.805599692671706],[78.14874569705631,10.80471000506276],[78.15857962804745,10.833451114577315],[78.17572197428973,10.835405345880076],[78.17929734239851,10.822556218294892],[78.18639568950954,10.833024808048492],[78.15232728847366,10.74111000212497],[78.14562228324183,10.67716197414586],[78.14533472681626,10.649716964866059],[78.16321693721193,10.649537517742317],[78.16650587394696,10.613309644824312],[78.13943549884925,10.601342036305994],[78.1330092043114,10.575106301314804],[78.13957365989654,10.563788091447293],[78.17062307369594,10.554232349543327],[78.19069398753754,10.557534261696844],[78.20007037135059,10.546731144826538],[78.17343398029402,10.50330063311776],[78.19117995509089,10.500400808750385],[78.20635259989263,10.473977736883114],[78.22347032449596,10.465683444335525],[78.22168869018094,10.44976238372709],[78.25137314085782,10.433184934936833],[78.2328528569738,10.41753755331547],[78.21112073613313,10.422487162852349],[78.18662760488013,10.405325364274177],[78.17648980196287,10.373976912404657],[78.16956349425993,10.382271324562055],[78.17625747020617,10.395013860901031],[78.17027928266282,10.40869168227539],[78.14987772587642,10.420907715918418],[78.13892402742198,10.40389198162967],[78.122583569776,10.40106563367209],[78.11967073941315,10.381937435064629],[78.10233598411844,10.378141151193233],[78.07526794006344,10.384735213359477],[78.05409076477702,10.400027280934296],[78.05204972731315,10.422164318828322],[78.03976904050887,10.421316338178485],[78.03121932701038,10.40726356516143],[78.01276681603576,10.40954509932692],[78.00911251263238,10.416843806396571],[77.98634623529057,10.41488821621823],[77.9884651990098,10.459112084655033],[77.97854313086088,10.463805562776543],[77.97541539760255,10.492973883537957],[77.94092847456949,10.50864753975219],[77.91138416075046,10.502188409167786],[77.91307938910256,10.509045690306436],[77.89191348412004,10.523425535959746],[77.89859747669226,10.533118796795065],[77.92504629435103,10.529257265310605],[77.91452363735601,10.544596591359664],[77.91478215557208,10.566741790601213],[77.86511423303546,10.579790353641954],[77.8840864118585,10.628402914562912],[77.87220767344542,10.632053872488257],[77.88089995376993,10.649447898501762],[77.8960123925579,10.645518604000415],[77.9089113236987,10.65713166109731],[77.91364056785795,10.648294848928174],[77.9785440373775,10.639297839623623],[77.97019790880648,10.672894993209411],[78.00529510098818,10.675713768875369],[78.01146994598128,10.730460043396363],[77.99876497882076,10.729282397364784],[77.99649430936495,10.743230130466202],[77.93124091453666,10.736541326521035]]]}},{"id":"596","type":"Feature","properties":{"ST_NAME":"TAMIL NADU","AC_NO":125,"AC_NAME":"Udumalaipettai","DIST_NAME":"COIMBATORE","PC_NAME":"POLLACHI"},"geometry":{"type":"Polygon","coordinates":[[[77.1573526094354,10.794505817789286],[77.21387455666553,10.80414553748659],[77.20776850890962,10.790253335722923],[77.23290105723805,10.775946535704122],[77.2798412541706,10.78901377766374],[77.29817519852662,10.777026768970245],[77.30059845055808,10.75146138233697],[77.31390411897996,10.750331328428103],[77.31976947398209,10.689821879875922],[77.30363361659818,10.658272275744991],[77.30866999362536,10.614063318967055],[77.28722787626555,10.610989223074228],[77.28660725232288,10.59020915872577],[77.27693652130347,10.58794528095001],[77.27395598008445,10.573189652680355],[77.25699021662524,10.57177067177912],[77.25889592500698,10.543045449687781],[77.25204142277352,10.530995229446319],[77.23752564459289,10.548706226910895],[77.2354154105928,10.580693312546373],[77.22168829288046,10.580227984433975],[77.22639337045774,10.635770575351842],[77.17969265489216,10.64185497372813],[77.1665923664446,10.592847739931301],[77.15616355190645,10.582525718087481],[77.08935719068188,10.584157926447176],[77.0761669610365,10.599035618798837],[77.06774395302108,10.57557166090345],[77.06452811318195,10.587154128460327],[77.03673675789514,10.5955573756724],[77.03086405003592,10.581541739259933],[77.00180129619292,10.579284126161554],[76.99329244339162,10.587079510810838],[76.99039616954764,10.625112688200034],[76.97030527996475,10.621034567591266],[76.97178007369149,10.6343420094762],[76.95523329987697,10.643772973144223],[76.96689930186136,10.656830309071552],[76.96295985401412,10.675703804387126],[76.98192401358244,10.667826949254334],[76.98235477085603,10.674817736549358],[76.99240014954734,10.671706975296729],[76.98674485459145,10.646788087000687],[77.02139591738774,10.640375277796863],[77.02555384383487,10.657458965758735],[77.0472613313454,10.660269922718783],[77.0558974777864,10.646651619376769],[77.0749005932878,10.665505430331393],[77.06683236152435,10.686264526087086],[77.07663808797741,10.687134260437801],[77.07112003046507,10.712880952194212],[77.07844642226462,10.726805317311573],[77.13883668636402,10.731413246524141],[77.1321320291699,10.753517069757038],[77.14252300653158,10.767854909876235],[77.1520377123706,10.765113616200495],[77.1573526094354,10.794505817789286]]]}},{"id":"597","type":"Feature","properties":{"ST_NAME":"TAMIL NADU","AC_NO":140,"AC_NAME":"Tiruchirappalli","DIST_NAME":"TIRUCHIRAPPALLI","PC_NAME":"TIRUCHIRAPPALLI"},"geometry":{"type":"Polygon","coordinates":[[[78.68165639172918,10.837701007495525],[78.6954714514464,10.791881428784961],[78.68919829886244,10.789325856802918],[78.71889205302591,10.773514178036919],[78.71723072641697,10.742046518332188],[78.70889267645589,10.732784333130496],[78.69108454591515,10.733850357108338],[78.69371064453065,10.762901600528494],[78.67893297837429,10.767639334287878],[78.6728600409582,10.785346048281554],[78.6583007014163,10.789615355764113],[78.66451026293834,10.825458785594549],[78.6464815439881,10.83380505805701],[78.66507820909214,10.844412277404729],[78.67492206590066,10.834198198488139],[78.68165639172918,10.837701007495525]]]}},{"id":"598","type":"Feature","properties":{"ST_NAME":"TAMIL NADU","AC_NO":142,"AC_NAME":"Thiruverumbur","DIST_NAME":"TIRUCHIRAPPALLI","PC_NAME":"TIRUCHIRAPPALLI"},"geometry":{"type":"Polygon","coordinates":[[[78.70655868753346,10.838927895006407],[78.7533800633393,10.839494311413375],[78.77550527514836,10.827548477280459],[78.81484553439395,10.823365017281787],[78.86819127940407,10.826488989575239],[78.86175221629179,10.802799190330404],[78.86744330156716,10.785719663531722],[78.88025946270409,10.789301653348673],[78.86486599207194,10.73566147209931],[78.87342213572305,10.687947636973888],[78.81979876100405,10.695130438518959],[78.81142979594836,10.673159748223839],[78.7998863247941,10.680051277344603],[78.79097612075145,10.64863286631379],[78.76456414471954,10.655353900162424],[78.75680680409079,10.64362084112895],[78.74388468842767,10.642601608877214],[78.73576153596616,10.677459509448852],[78.74689358976741,10.686668636448474],[78.74615817635879,10.698565193129184],[78.73541497502111,10.714738100782768],[78.71050570137709,10.722533543888005],[78.70889267645589,10.732784333130496],[78.71723072641697,10.742046518332188],[78.71889205302591,10.773514178036919],[78.74271720113796,10.774502614803907],[78.7456310558286,10.78901327494276],[78.73816616483668,10.800633576978043],[78.72270763095247,10.801220210144606],[78.72307085183837,10.812782032864561],[78.70687297091092,10.813958415348623],[78.70655868753346,10.838927895006407]]]}},{"id":"599","type":"Feature","properties":{"ST_NAME":"TAMIL NADU","AC_NO":168,"AC_NAME":"Thiruvarur","DIST_NAME":"THIRUVARUR","PC_NAME":"NAGAPATTINAM (SC)"},"geometry":{"type":"Polygon","coordinates":[[[79.50565504444478,10.825165430340405],[79.52488580893299,10.832867234235493],[79.52050509613332,10.83960084780091],[79.55452260543393,10.833728011338678],[79.566412206758,10.841836915841043],[79.56961206474506,10.829246722858045],[79.59932679019926,10.821328428764048],[79.61253534353136,10.798725348695939],[79.6361404347333,10.816143775115165],[79.6580268081907,10.806015978954292],[79.6586786601921,10.817395720436195],[79.68370483850754,10.8163893898585],[79.69043559942344,10.831532966773068],[79.70276736232398,10.825281331368387],[79.72640673838032,10.82909063202709],[79.72116667570157,10.808727606693765],[79.73216739341052,10.803063272651968],[79.70291166484151,10.780565353008683],[79.69537129464959,10.76354989661047],[79.6998359447731,10.74632522013286],[79.68197807992453,10.729038064155361],[79.68822889424814,10.715408355611146],[79.65178573352483,10.70665007763904],[79.67577388555645,10.687587291220552],[79.66572919304787,10.650886215726302],[79.65429527280867,10.657746287461237],[79.6400817522711,10.640454935247135],[79.64336379840063,10.644762646479023],[79.62814714437525,10.651099153603127],[79.63050752300381,10.6591386340408],[79.61474145785206,10.65341086092252],[79.61398996906189,10.644267128125534],[79.61021417624329,10.652657350456423],[79.58663162564903,10.648247944786874],[79.58579527593128,10.657346546905671],[79.56748865477766,10.671193957934861],[79.54210148319697,10.65970834196645],[79.53044684774386,10.666202444487283],[79.52459299417143,10.652643633996547],[79.50781559911064,10.6568385882303],[79.49714316722344,10.672086054827616],[79.49901246025689,10.716199862433768],[79.5240471362664,10.720814563541296],[79.52391534331849,10.74152269561597],[79.4992726566079,10.74713236256855],[79.49698803776778,10.754934288886375],[79.46394166767391,10.748742049206271],[79.46510062399466,10.788425680400906],[79.45853756056005,10.788952951117835],[79.4530155433327,10.775790603153837],[79.43864389679845,10.785015322599122],[79.4475535612479,10.782411332017432],[79.45614030343233,10.790441845314945],[79.45101480898632,10.804420083420155],[79.46426987165734,10.807099581980196],[79.44731887596544,10.831057232605247],[79.45369261502225,10.822098947208701],[79.47381651332148,10.824434085464702],[79.47414154719468,10.832079206889944],[79.50565504444478,10.825165430340405]]]}},{"id":"600","type":"Feature","properties":{"ST_NAME":"TAMIL NADU","AC_NO":164,"AC_NAME":"Kilvelur (SC)","DIST_NAME":"NAGAPATTINAM  *","PC_NAME":"NAGAPATTINAM (SC)"},"geometry":{"type":"Polygon","coordinates":[[[79.75706839239245,10.833337111118851],[79.77902840323827,10.83258582287749],[79.77536391681139,10.81838308700992],[79.81264903002875,10.810085626150794],[79.79899538422967,10.807773969193363],[79.80250994557758,10.797040022778901],[79.78280896246372,10.778437760294423],[79.76329017749975,10.789001450656485],[79.75882489515283,10.770516897736684],[79.77431904668668,10.767146499511398],[79.77225036136514,10.755716567765433],[79.80049932678259,10.739955125128972],[79.80337154825838,10.748674397705315],[79.85100804888242,10.755157416081943],[79.8586716118055,10.554150404217808],[79.8129477749199,10.545709643585212],[79.80623698974534,10.55991098640294],[79.79716776847778,10.561898243509177],[79.79569040538797,10.582448985232531],[79.75278273343645,10.578394960159358],[79.7546624451158,10.590158500814198],[79.74772987993009,10.59623824519889],[79.73720940109303,10.588457679578312],[79.69019298841573,10.59551698891795],[79.66967637956134,10.586840903584857],[79.66759936741693,10.600860908004563],[79.65890558792262,10.604124454180237],[79.65698983501295,10.61448044521643],[79.67134489265271,10.617423128574558],[79.67269228122387,10.626571368773682],[79.64868570298285,10.64388793797798],[79.65429527280867,10.657746287461237],[79.66572919304787,10.650886215726302],[79.67636356382746,10.679118141688946],[79.67577388555645,10.687587291220552],[79.65178573352483,10.70665007763904],[79.68822889424814,10.715408355611146],[79.68197807992453,10.729038064155361],[79.6998359447731,10.74632522013286],[79.69537129464959,10.76354989661047],[79.70291166484151,10.780565353008683],[79.72538163805223,10.794228822102525],[79.73340169763031,10.808768944930932],[79.74905131856355,10.813519764725413],[79.7518869601152,10.822009416101707],[79.74632772174704,10.827905139410689],[79.73648580567544,10.82372198787948],[79.7371022693543,10.83166410951111],[79.74792794841613,10.835209010387587],[79.75264533951088,10.823463902237336],[79.75706839239245,10.833337111118851]]]}},{"id":"601","type":"Feature","properties":{"ST_NAME":"TAMIL NADU","AC_NO":174,"AC_NAME":"Thanjavur","DIST_NAME":"THANJAVUR","PC_NAME":"THANJAVUR"},"geometry":{"type":"Polygon","coordinates":[[[79.16280935706624,10.799460709943844],[79.19668834019478,10.810017475526138],[79.19271675237627,10.791464242280995],[79.19882686596713,10.793639823718934],[79.19532646354554,10.78148779932252],[79.2045090038875,10.777745043099287],[79.19651130235479,10.778617371094867],[79.19391806766475,10.76573124540073],[79.18269480012498,10.762045436947403],[79.16914959907479,10.763139917273406],[79.16450952629367,10.774833938535494],[79.14921910987408,10.773645169688905],[79.1475872459547,10.763124700744413],[79.13669790388519,10.761939577749388],[79.14647708145219,10.752379766413128],[79.14702739459864,10.728061368937063],[79.13343618693057,10.71370686078302],[79.12581996791727,10.715011079198007],[79.12860257824644,10.733510053646114],[79.11441260825535,10.735408322835895],[79.10977346986982,10.717533291728103],[79.08286388725867,10.719989382504025],[79.07903094522203,10.706503972880114],[79.06198089550196,10.6994272526656],[79.0356725726312,10.704054093721481],[79.0342046713086,10.719667561009203],[79.05850074221553,10.724429904716374],[79.04919738874855,10.754171298666563],[79.05878201957461,10.758018540823059],[79.07042460141429,10.750301338735824],[79.07434955848538,10.762130324854638],[79.10887523870139,10.766897882831074],[79.12201186155824,10.779577407271574],[79.13007439251925,10.822959990511208],[79.1480681934924,10.820152474357258],[79.16280935706624,10.799460709943844]]]}},{"id":"602","type":"Feature","properties":{"ST_NAME":"TAMIL NADU","AC_NO":167,"AC_NAME":"Mannargudi","DIST_NAME":"THIRUVARUR","PC_NAME":"THANJAVUR"},"geometry":{"type":"Polygon","coordinates":[[[79.41719867048232,10.774681587984958],[79.4530155433327,10.775790603153837],[79.45853756056005,10.788952951117835],[79.46510062399466,10.788425680400906],[79.46394166767391,10.748742049206271],[79.49698803776778,10.754934288886375],[79.4992726566079,10.74713236256855],[79.52391534331849,10.74152269561597],[79.5240471362664,10.720814563541296],[79.49901246025689,10.716199862433768],[79.49714316722344,10.672086054827616],[79.50781559911064,10.6568385882303],[79.51120004294768,10.623812822503794],[79.50054363608001,10.587388893782474],[79.50126785742572,10.543258394759164],[79.49101706008929,10.532176377437906],[79.48216591632405,10.491217020149406],[79.46197278281772,10.487723767338025],[79.45356870463206,10.49224360166096],[79.46867020946263,10.511614189143586],[79.42331192360643,10.535501472315161],[79.4284491605004,10.545848149072867],[79.45200653907057,10.551306059926787],[79.4520029291919,10.559446917341404],[79.42584125337123,10.557785259781951],[79.42248939377055,10.54938110965054],[79.40015489533221,10.554020827199452],[79.39628895537106,10.580336163882919],[79.35152325979067,10.583373670858293],[79.34752622025894,10.627323871999124],[79.35728012687639,10.645118366119732],[79.34266590890462,10.658495348081885],[79.31755318433204,10.661158128245063],[79.31971891459631,10.68459735298552],[79.30102373325872,10.738263008431147],[79.31115110763756,10.74675992453092],[79.3206495798143,10.737286995798286],[79.34191744183653,10.739762313180279],[79.36105073780135,10.75230809853997],[79.36133747584387,10.765116059658453],[79.34532258357041,10.766286522804819],[79.3479838088058,10.79578936708566],[79.36963803846476,10.79623083078826],[79.3765342908249,10.803994423503866],[79.40437958385075,10.790579000920218],[79.41719867048232,10.774681587984958]]]}},{"id":"603","type":"Feature","properties":{"ST_NAME":"TAMIL NADU","AC_NO":175,"AC_NAME":"Orathanadu","DIST_NAME":"THANJAVUR","PC_NAME":"THANJAVUR"},"geometry":{"type":"Polygon","coordinates":[[[79.19483031476727,10.770751286242898],[79.20515386635788,10.752401166680556],[79.21704109437104,10.752806396697906],[79.21712787625057,10.739364461200978],[79.25707886060098,10.717322271205887],[79.26358307869617,10.756212632007419],[79.27616680825167,10.751691397440084],[79.27510656151867,10.73946144409041],[79.2820201779889,10.735793935042125],[79.29385557627387,10.732250661039245],[79.30102373325872,10.738263008431147],[79.31971891459631,10.68459735298552],[79.31755318433204,10.661158128245063],[79.34266590890462,10.658495348081885],[79.35728012687639,10.645118366119732],[79.34752622025894,10.627323871999124],[79.35152325979067,10.583373670858293],[79.39628895537106,10.580336163882919],[79.40144793517413,10.572582332408786],[79.39878957158152,10.558136243592799],[79.38266406179707,10.556093054051246],[79.38824234780617,10.537333903936542],[79.37971607423748,10.531410968041769],[79.35698927353621,10.534260346737653],[79.35255476149308,10.510737080352044],[79.34604356735679,10.513486852836024],[79.31534013533906,10.4953184871585],[79.28478706906805,10.512684572135356],[79.27454019727236,10.508241794423327],[79.2668582099385,10.485494459501751],[79.24443781815086,10.513586541785514],[79.21397150228307,10.513527982430503],[79.18766561027974,10.50436406704813],[79.19462400129669,10.490857443316429],[79.17908979216026,10.486829427536122],[79.18294223599543,10.471850613614947],[79.17004507112318,10.481222891123593],[79.16006387254976,10.472871776711202],[79.14727312355586,10.485383759253125],[79.12968923716863,10.487224906204517],[79.1293820791197,10.497738574475704],[79.13900158115808,10.497523873028342],[79.14040558475,10.512381037454986],[79.15494804131913,10.521808580101947],[79.14910107475487,10.523851317284539],[79.15170254903347,10.53268070375151],[79.16790560016335,10.530185500560435],[79.18475329612778,10.537969602315343],[79.17900452294043,10.550562848496725],[79.19110022099846,10.559975358975692],[79.19104790024045,10.578390820579955],[79.17892098401626,10.571450364742589],[79.17741843721114,10.586827857119943],[79.14285459606282,10.58644574057854],[79.13848170916361,10.59806273670597],[79.14440471430618,10.604929036246062],[79.12632749851531,10.634918363391819],[79.10403521605241,10.614995045385058],[79.10041957180584,10.62972858001001],[79.06521346812713,10.648337709717566],[79.06827663635772,10.6772799139369],[79.01565272229533,10.68205614227719],[79.01688146151031,10.691695745062646],[79.0325271479096,10.695041358871663],[79.02436290722244,10.698663406291189],[79.0356725726312,10.704054093721481],[79.06198089550196,10.6994272526656],[79.07903094522203,10.706503972880114],[79.08286388725867,10.719989382504025],[79.10977346986982,10.717533291728103],[79.11441260825535,10.735408322835895],[79.12860257824644,10.733510053646114],[79.12581996791727,10.715011079198007],[79.13343618693057,10.71370686078302],[79.14702739459864,10.728061368937063],[79.14647708145219,10.752379766413128],[79.13669790388519,10.761939577749388],[79.1475872459547,10.763124700744413],[79.14921910987408,10.773645169688905],[79.16450952629367,10.774833938535494],[79.16914959907479,10.763139917273406],[79.18269480012498,10.762045436947403],[79.19483031476727,10.770751286242898]]]}},{"id":"604","type":"Feature","properties":{"ST_NAME":"TAMIL NADU","AC_NO":128,"AC_NAME":"Oddanchatram","DIST_NAME":"DINDIGUL","PC_NAME":"DINDIGUL"},"geometry":{"type":"Polygon","coordinates":[[[77.76675533858804,10.679624566120879],[77.81772065098733,10.680180194260629],[77.81264072339076,10.648760131175152],[77.82784459085525,10.634415734098923],[77.8473422660328,10.638944496891042],[77.8840864118585,10.628402914562912],[77.86511423303546,10.579790353641954],[77.91478215557208,10.566741790601213],[77.91452363735601,10.544596591359664],[77.92504629435103,10.529257265310605],[77.89859747669226,10.533118796795065],[77.8845374515422,10.519377953629714],[77.86077979485168,10.52705817559439],[77.85245624286136,10.516145315354095],[77.84717694366105,10.518825031550023],[77.83964556489099,10.479903924726386],[77.81040243042787,10.50058851704648],[77.79708113808414,10.497340195493678],[77.78464410414216,10.485871866293621],[77.78054965724095,10.462888474623469],[77.72176622533107,10.40776613419979],[77.7309624731397,10.39526228782438],[77.71131397985636,10.366715835667321],[77.69529887534287,10.367526583485073],[77.68277480321467,10.378543060014238],[77.68801072001878,10.392156233623325],[77.66862761757056,10.407600181403325],[77.67467432625921,10.424009459668866],[77.6663012683889,10.43110399455378],[77.6103451799861,10.417508719252055],[77.6037846049756,10.441444784349358],[77.60534634425846,10.50958986557987],[77.59914452949647,10.516798965100236],[77.57279765988415,10.523896752832911],[77.50460029656648,10.515962530846195],[77.4875344943215,10.523060317679551],[77.48030966385994,10.521968842887816],[77.4802694326882,10.50529928913096],[77.47093113516382,10.50672651681532],[77.47017587731494,10.520472898005892],[77.37304652427775,10.529917387477497],[77.36806502927772,10.54715424797024],[77.38772392591852,10.596245967677305],[77.41764906215457,10.625821626466916],[77.44617173893465,10.63018601207483],[77.45361763444635,10.640290416869277],[77.48272679240762,10.649972586365834],[77.50445280685159,10.642568284498793],[77.5160937357374,10.613856433527644],[77.50773357324584,10.613816273402335],[77.50817609904777,10.607131719653182],[77.54277805526311,10.610146034012303],[77.54850000796904,10.638539338819498],[77.57082053633872,10.657256096691583],[77.58005790834585,10.679224421769675],[77.5857415607245,10.683534931691781],[77.6373021002118,10.668870191606118],[77.65554099881808,10.673180041425837],[77.66490060487905,10.71605964643561],[77.68986104185365,10.73461699407909],[77.70170062018752,10.733459922737268],[77.70710146815827,10.709097346965052],[77.70922217026703,10.686050551291942],[77.69922103732108,10.661967298651973],[77.71357886577209,10.641534866341033],[77.72265581671263,10.640976863991114],[77.72010121869636,10.631298736047881],[77.7442217914026,10.637345085907043],[77.75483285265409,10.652074729165463],[77.7532302086073,10.667851184184826],[77.76675533858804,10.679624566120879]]]}},{"id":"605","type":"Feature","properties":{"ST_NAME":"TAMIL NADU","AC_NO":138,"AC_NAME":"Manapparai","DIST_NAME":"TIRUCHIRAPPALLI","PC_NAME":"KARUR"},"geometry":{"type":"Polygon","coordinates":[[[78.2827416593002,10.745913363011368],[78.29279830200011,10.701892502137298],[78.3415968202371,10.707260037420838],[78.34488531900234,10.72104504809056],[78.37835670239997,10.726288944579153],[78.37400877528484,10.718778277195781],[78.39737059447742,10.689630797323503],[78.38510743186254,10.65800220933454],[78.38718578489613,10.640941393830303],[78.39347115836733,10.630240315837966],[78.41003834589299,10.635714812888352],[78.42343089601911,10.662894485292327],[78.43318509491627,10.646773309340801],[78.42431733707548,10.607256177730449],[78.43276766199807,10.607387944598031],[78.44149567958198,10.591311973968459],[78.4650206609748,10.577418403436639],[78.46398858820282,10.54100031850993],[78.4840028519501,10.539959061861282],[78.48638118554334,10.518103047717545],[78.49698902362462,10.50708134163068],[78.49665607391876,10.485358179836169],[78.51890445058001,10.483512331229178],[78.53645151332671,10.495486478718078],[78.53722092110866,10.53130261322508],[78.55036841676906,10.51523833827872],[78.58135502281613,10.522701133850319],[78.57002618026405,10.489826874210905],[78.58870420613425,10.473909097027274],[78.58359325822232,10.441151263619986],[78.56433780554534,10.442975824374855],[78.56363500065481,10.427155367326407],[78.52245004033716,10.437194556883355],[78.5162921844368,10.407286059004491],[78.52818341533242,10.402087633137796],[78.52443386473112,10.37807471287772],[78.5125546550733,10.371404742534878],[78.50533245333014,10.376275713553412],[78.5065424425797,10.38885163429552],[78.4454366931489,10.408296140654443],[78.43836887532342,10.38436980082571],[78.4492104139295,10.375408893905387],[78.43624166751897,10.3626173607027],[78.39242132038765,10.354433142475614],[78.40416896012948,10.343308083601244],[78.39214761082366,10.317983140609499],[78.37107586396002,10.308616491957594],[78.37441084688311,10.30021178604511],[78.36317636929408,10.293653458440417],[78.33318454652965,10.300739706072648],[78.33848014953935,10.325874443350926],[78.27906762477113,10.372586991296657],[78.27745513764455,10.382867915022302],[78.28805585849113,10.402380572905145],[78.30701083867933,10.411606840982984],[78.3145099767541,10.438879106685476],[78.24534929113696,10.468099568340449],[78.21784134100511,10.46672172602689],[78.19117995509089,10.500400808750385],[78.17343398029402,10.50330063311776],[78.18619357857085,10.528338275091357],[78.21475473644199,10.531265026959488],[78.21701620133666,10.540179849920207],[78.22723559434723,10.542198342279733],[78.24235668371404,10.540778875744593],[78.23984310737359,10.528955718131954],[78.26767424776835,10.552574391794792],[78.27166578524788,10.570666142428593],[78.25595096436558,10.601684959493355],[78.2827416593002,10.745913363011368]]]}},{"id":"606","type":"Feature","properties":{"ST_NAME":"TAMIL NADU","AC_NO":179,"AC_NAME":"Viralimalai","DIST_NAME":"PUDUKKOTTAI","PC_NAME":"KARUR"},"geometry":{"type":"Polygon","coordinates":[[[78.70889267645589,10.732784333130496],[78.71050570137709,10.722533543888005],[78.73541497502111,10.714738100782768],[78.74615817635879,10.698565193129184],[78.74689358976741,10.686668636448474],[78.73576153596616,10.677459509448852],[78.74388468842767,10.642601608877214],[78.75680680409079,10.64362084112895],[78.76456414471954,10.655353900162424],[78.79438640301015,10.652665556770103],[78.80865262202093,10.645903682908681],[78.80763391677192,10.636263880473734],[78.81527573408789,10.640502993218604],[78.82730496415286,10.632388246720268],[78.83208419892668,10.619169329600936],[78.83022428132557,10.60913252414673],[78.8152877508291,10.60049533269347],[78.80376489753206,10.602056282371564],[78.79473293068025,10.592748048283852],[78.7853217332115,10.605444490770708],[78.77014949400399,10.591442374765847],[78.77453532214747,10.583879564690221],[78.76941560314765,10.585263772405199],[78.7675983475857,10.573797645644902],[78.80065958617104,10.573858298621644],[78.80960234477243,10.569380958164743],[78.8078162534174,10.555676961122913],[78.78735735855531,10.55371921347097],[78.7879976992345,10.544735744359173],[78.76649675272301,10.534870695925918],[78.75117125464976,10.508051369275336],[78.75763335119825,10.48901347159449],[78.74878219843976,10.478475956000636],[78.71978675615395,10.48461448457084],[78.73866079825729,10.448825568944926],[78.74729399312332,10.45046668059291],[78.75508196915763,10.465932251672143],[78.75427346514834,10.44763037084499],[78.77592710305345,10.443064914814045],[78.78455031994139,10.416042169610478],[78.77742088596517,10.411879802311091],[78.78620683967398,10.403958383072961],[78.76798250558824,10.379454434774402],[78.76644599318809,10.356595367182479],[78.74010234674597,10.362016372557605],[78.71327113825248,10.346116142945675],[78.69658583916521,10.363839832542283],[78.69783898687979,10.374835898957599],[78.67603948163685,10.376433479821287],[78.66451265063836,10.408561750924093],[78.64179836310404,10.40649542272564],[78.6228066995696,10.41918944963345],[78.59088511785399,10.423206139351919],[78.58359325822232,10.441151263619986],[78.58870420613425,10.473909097027274],[78.57002618026405,10.489826874210905],[78.58135502281613,10.522701133850319],[78.55036841676906,10.51523833827872],[78.53722092110866,10.53130261322508],[78.53645151332671,10.495486478718078],[78.51890445058001,10.483512331229178],[78.49665607391876,10.485358179836169],[78.49698902362462,10.50708134163068],[78.48638118554334,10.518103047717545],[78.49013185669986,10.527019096454183],[78.4840028519501,10.539959061861282],[78.46398858820282,10.54100031850993],[78.4650206609748,10.577418403436639],[78.45716489044742,10.578965354267723],[78.45918661676899,10.589647640925932],[78.45239424959499,10.590579265720578],[78.44747638162977,10.606557866752212],[78.45910442682788,10.609765642370576],[78.45843321332217,10.617242855873144],[78.48233360681058,10.638980631650895],[78.52742182715565,10.629228121680512],[78.52937887333638,10.64407563278428],[78.51965396535826,10.650348212500035],[78.51791077706076,10.669681087812023],[78.52621099793924,10.675254663172211],[78.54408207652665,10.675677263594878],[78.55084417431925,10.687389520410079],[78.56823771200084,10.681677414381227],[78.56566056618226,10.661304173648716],[78.59140205356198,10.65968033887657],[78.60918405430073,10.681596160634342],[78.62140059696003,10.676199636603997],[78.62739072839946,10.70440150452589],[78.63747496589701,10.708030204230568],[78.65816047102896,10.705207919409986],[78.65245018432859,10.659239673771992],[78.663084596477,10.654526621906143],[78.66738055177109,10.672693748317897],[78.68093531621196,10.670037898330406],[78.6826487855131,10.687910637066295],[78.69338090810248,10.690513656380176],[78.69108454591515,10.733850357108338],[78.70889267645589,10.732784333130496]]]}},{"id":"607","type":"Feature","properties":{"ST_NAME":"TAMIL NADU","AC_NO":126,"AC_NAME":"Madathukulam","DIST_NAME":"COIMBATORE","PC_NAME":"POLLACHI"},"geometry":{"type":"Polygon","coordinates":[[[77.31976947398209,10.689821879875922],[77.35266465814749,10.692853661767117],[77.36519086256828,10.652839732068003],[77.39796682271077,10.654354159816648],[77.41764906215457,10.625821626466916],[77.38772392591852,10.596245967677305],[77.36806502927772,10.54715424797024],[77.37817283171086,10.5258948512664],[77.40525285203756,10.523504541401508],[77.40284413934563,10.49827063588117],[77.37763998519722,10.490859850801542],[77.38510816860713,10.449149600973328],[77.35583046330527,10.445261347932899],[77.33288414798511,10.455664440061923],[77.32292097272477,10.448993798824802],[77.32714774587186,10.435808396740185],[77.32051070960165,10.43449431635969],[77.31564468395504,10.354946086992356],[77.33646995632347,10.355072447135797],[77.3299399870408,10.341201089858487],[77.33484501538521,10.33234998746201],[77.32631748366498,10.321470863489594],[77.34790535414885,10.28968891860876],[77.34839436590732,10.263582989963083],[77.32485256989025,10.270251918891006],[77.31066447318693,10.246076119717202],[77.29615541833795,10.252484047400912],[77.28811038998259,10.231711546350823],[77.26940966342528,10.237075194764486],[77.2593176485907,10.230214798374277],[77.2568843358435,10.259197672634514],[77.2629250982148,10.263904735015558],[77.22774997438188,10.316414767027936],[77.23577479047424,10.352161837199048],[77.17650207161336,10.358073772586579],[77.12047211469638,10.318078941789793],[77.09593912459098,10.309126099090236],[77.0804127341604,10.335410723026484],[77.09015159422074,10.350738327312001],[77.08826161678024,10.372226524134817],[77.04173600281433,10.423648665153848],[77.0746336286391,10.462110664475631],[77.06060227927185,10.474561139684909],[77.07905504745253,10.50391010636639],[77.0737886337385,10.541225577098771],[77.08935719068188,10.584157926447176],[77.15616355190645,10.582525718087481],[77.1665923664446,10.592847739931301],[77.17969265489216,10.64185497372813],[77.22639337045774,10.635770575351842],[77.22168829288046,10.580227984433975],[77.2354154105928,10.580693312546373],[77.23752564459289,10.548706226910895],[77.25204142277352,10.530995229446319],[77.25889592500698,10.543045449687781],[77.25699021662524,10.57177067177912],[77.27395598008445,10.573189652680355],[77.27693652130347,10.58794528095001],[77.28660725232288,10.59020915872577],[77.28722787626555,10.610989223074228],[77.30866999362536,10.614063318967055],[77.30363361659818,10.658272275744991],[77.31976947398209,10.689821879875922]]]}},{"id":"608","type":"Feature","properties":{"ST_NAME":"TAMIL NADU","AC_NO":124,"AC_NAME":"Valparai (SC)","DIST_NAME":"COIMBATORE","PC_NAME":"POLLACHI"},"geometry":{"type":"Polygon","coordinates":[[[76.89678793391607,10.655302665785428],[76.9247027292476,10.656469290625296],[76.94566073435544,10.638201234199641],[76.95900870958434,10.6423364230875],[76.97178007369149,10.6343420094762],[76.97030527996475,10.621034567591266],[76.99039616954764,10.625112688200034],[76.99329244339162,10.587079510810838],[77.00180129619292,10.579284126161554],[77.03086405003592,10.581541739259933],[77.03673675789514,10.5955573756724],[77.06452811318195,10.587154128460327],[77.06774395302108,10.57557166090345],[77.0761669610365,10.599035618798837],[77.08935719068188,10.584157926447176],[77.0737886337385,10.541225577098771],[77.07905504745253,10.50391010636639],[77.06060227927185,10.474561139684909],[77.0746336286391,10.462110664475631],[77.04173600281433,10.423648665153848],[77.08826161678024,10.372226524134817],[77.09015159422074,10.350738327312001],[77.0804127341604,10.335410723026484],[77.09310933582725,10.311544019041321],[77.0435168664103,10.283705130087753],[77.0528467345892,10.272539535171461],[77.04044308528023,10.252714893477616],[77.01511683557356,10.244868340101846],[76.98257550585498,10.220398419451556],[76.93948701261559,10.239182443015409],[76.91276720224465,10.235013894675546],[76.90313569335763,10.240581929312611],[76.89751644952457,10.262615220516068],[76.87333495494426,10.276668079868045],[76.87319706009629,10.298506478091554],[76.84856534691329,10.285440584215621],[76.83003521725152,10.303923217982174],[76.83606152302093,10.346151352303139],[76.84874026954787,10.368637526800455],[76.82366448282966,10.39543239728738],[76.83354303368412,10.408106566265076],[76.81623445765416,10.423744581447352],[76.8282648055764,10.450830052564925],[76.83044520108524,10.498543078300486],[76.8430708327528,10.537362345895588],[76.8353355524938,10.545751319068188],[76.8387671531816,10.597073814305134],[76.81740814936666,10.603826895494876],[76.8104500839043,10.624280773938608],[76.81449679569062,10.635809569955711],[76.85951685012259,10.632347118025109],[76.8826229956548,10.639505413044446],[76.8785023452071,10.67165594506588],[76.89678793391607,10.655302665785428]]]}},{"id":"609","type":"Feature","properties":{"ST_NAME":"TAMIL NADU","AC_NO":178,"AC_NAME":"Gandharvakottai(SC)","DIST_NAME":"PUDUKKOTTAI","PC_NAME":"TIRUCHIRAPPALLI"},"geometry":{"type":"Polygon","coordinates":[[[78.87342308091053,10.705717113753849],[78.89351817932055,10.69437494684638],[78.90805857374426,10.67194820584507],[78.93691123516544,10.687498400430911],[78.94554036149856,10.675904378384416],[78.93601013695832,10.672660343899793],[78.9649688635223,10.65419320275413],[78.96939860646057,10.680118890174697],[78.98247271474406,10.68419167600507],[78.98895976208343,10.719844993651577],[78.9986655360857,10.723895533851874],[79.01071976820282,10.71427574403043],[79.00374459313849,10.707889812864607],[79.00830835844403,10.699700430730331],[79.0325271479096,10.695041358871663],[79.01688146151031,10.691695745062646],[79.01565272229533,10.68205614227719],[79.06827663635772,10.6772799139369],[79.06521346812713,10.648337709717566],[79.10041957180584,10.62972858001001],[79.10403521605241,10.614995045385058],[79.12632749851531,10.634918363391819],[79.14440471430618,10.604929036246062],[79.13848170916361,10.59806273670597],[79.14285459606282,10.58644574057854],[79.17741843721114,10.586827857119943],[79.17892098401626,10.571450364742589],[79.19104790024045,10.578390820579955],[79.19110022099846,10.559975358975692],[79.17900452294043,10.550562848496725],[79.18475329612778,10.537969602315343],[79.16790560016335,10.530185500560435],[79.15170254903347,10.53268070375151],[79.14910107475487,10.523851317284539],[79.15494804131913,10.521808580101947],[79.14040558475,10.512381037454986],[79.13900158115808,10.497523873028342],[79.1293820791197,10.497738574475704],[79.12968923716863,10.487224906204517],[79.14727312355586,10.485383759253125],[79.16006387254976,10.472871776711202],[79.17004507112318,10.481222891123593],[79.19484607538612,10.46263298982069],[79.16698864960654,10.45505129578072],[79.17636529602163,10.447702824725638],[79.14031878218611,10.448952862584576],[79.13733245023246,10.43927470316504],[79.12609921280847,10.436869509520307],[79.11010254709493,10.446458524541299],[79.10963704091677,10.461918012606247],[79.09564647940158,10.472206361134681],[79.0943138235242,10.462008657973229],[79.07611973273953,10.465155597153114],[79.07141028805438,10.453196008788836],[79.06384035804615,10.453106725894713],[79.0647874718644,10.42922240868728],[79.04285238842704,10.428519605595397],[79.03809780407045,10.454309877598803],[79.05719210723004,10.47164894784072],[79.06331265565461,10.490222407737974],[79.04750644476667,10.502045890905208],[79.02529359672218,10.540825899495701],[78.99774395581898,10.55590737372637],[78.99723151672117,10.568795709054768],[78.98022410296005,10.537465803004466],[78.97400346358904,10.55766566074169],[78.94060798656938,10.56017695370349],[78.9200703596594,10.51527987526606],[78.90528112822153,10.518612508260674],[78.89628327355427,10.51077621255223],[78.88885643197881,10.45982482615483],[78.8831799031301,10.465888570701054],[78.87641486995034,10.448862395283356],[78.86233148311152,10.44123843310723],[78.85323763570835,10.440394688264291],[78.84913971832339,10.454413860811087],[78.86409541067474,10.492639269186952],[78.85170134903808,10.505234872491428],[78.82412743183556,10.497087004861442],[78.82765132454904,10.490122845592907],[78.81593063119374,10.475084831999425],[78.8341808486673,10.451839444434881],[78.83233578516842,10.44044855855418],[78.80649271756494,10.444035428991924],[78.80117833311363,10.420348048024039],[78.78913376601054,10.413851549709307],[78.77635313079242,10.426598509813402],[78.77592710305345,10.443064914814045],[78.75427346514834,10.44763037084499],[78.75508196915763,10.465932251672143],[78.74729399312332,10.45046668059291],[78.73866079825729,10.448825568944926],[78.71978675615395,10.48461448457084],[78.74878219843976,10.478475956000636],[78.75763335119825,10.48901347159449],[78.75117125464976,10.508051369275336],[78.76649675272301,10.534870695925918],[78.7879976992345,10.544735744359173],[78.78735735855531,10.55371921347097],[78.8078162534174,10.555676961122913],[78.80960234477243,10.569380958164743],[78.80065958617104,10.573858298621644],[78.7675983475857,10.573797645644902],[78.76941560314765,10.585263772405199],[78.77453532214747,10.583879564690221],[78.77014949400399,10.591442374765847],[78.7853217332115,10.605444490770708],[78.79473293068025,10.592748048283852],[78.83022428132557,10.60913252414673],[78.82730496415286,10.632388246720268],[78.81527573408789,10.640502993218604],[78.80763391677192,10.636263880473734],[78.80865262202093,10.645903682908681],[78.79438640301015,10.652665556770103],[78.7998863247941,10.680051277344603],[78.81142979594836,10.673159748223839],[78.81979876100405,10.695130438518959],[78.87342213572305,10.687947636973888],[78.87342308091053,10.705717113753849]]]}},{"id":"610","type":"Feature","properties":{"ST_NAME":"TAMIL NADU","AC_NO":166,"AC_NAME":"Thiruthuraipoondi(SC)","DIST_NAME":"THIRUVARUR","PC_NAME":"NAGAPATTINAM (SC)"},"geometry":{"type":"Polygon","coordinates":[[[79.50781559911064,10.6568385882303],[79.52459299417143,10.652643633996547],[79.53044684774386,10.666202444487283],[79.54210148319697,10.65970834196645],[79.56748865477766,10.671193957934861],[79.58579527593128,10.657346546905671],[79.58663162564903,10.648247944786874],[79.61021417624329,10.652657350456423],[79.61398996906189,10.644267128125534],[79.61474145785206,10.65341086092252],[79.63050752300381,10.6591386340408],[79.63432549852297,10.644456664743359],[79.64868570298285,10.64388793797798],[79.67269228122387,10.626571368773682],[79.67134489265271,10.617423128574558],[79.65698983501295,10.61448044521643],[79.66967637956134,10.586840903584857],[79.68836844205003,10.584170149133115],[79.66856641650696,10.575199444998418],[79.67863398147313,10.555938821219684],[79.69793605050836,10.549652704908453],[79.71089133946379,10.555077572871767],[79.72509742440667,10.538618356152256],[79.70118719413375,10.510691416375835],[79.68920821368818,10.511143707016515],[79.6988324317714,10.487521429770197],[79.67604541876113,10.48445035380081],[79.68927754152537,10.4556525393333],[79.66386672047281,10.44559459351575],[79.65849177477565,10.451637123054809],[79.62985756587403,10.449295580726528],[79.6330117050262,10.361772032153624],[79.70051501565553,10.315014294174375],[79.7102793732945,10.277790354641184],[79.62532985438935,10.296642907444266],[79.47232148754665,10.315667453790013],[79.47610496687076,10.35063715178319],[79.50116518452569,10.348666940426995],[79.50414921061764,10.367551093608142],[79.48551147257643,10.380662245866006],[79.46737149220064,10.373155106522972],[79.46983449966251,10.383317147068738],[79.46022815110837,10.392564075271878],[79.47643567096952,10.39334047888002],[79.47557748481313,10.401132480279784],[79.46134535010788,10.406626087923655],[79.46482075137664,10.41620972949545],[79.45118687267609,10.42984566584488],[79.47421765142354,10.435995637388828],[79.469695209966,10.461762720373315],[79.47947092874045,10.46437871780364],[79.49101706008929,10.532176377437906],[79.50126785742572,10.543258394759164],[79.50054363608001,10.587388893782474],[79.51120004294768,10.623812822503794],[79.50781559911064,10.6568385882303]]]}},{"id":"611","type":"Feature","properties":{"ST_NAME":"TAMIL NADU","AC_NO":165,"AC_NAME":"Vedaranyam","DIST_NAME":"NAGAPATTINAM  *","PC_NAME":"NAGAPATTINAM (SC)"},"geometry":{"type":"Polygon","coordinates":[[[79.67431603325838,10.593124025153713],[79.73720940109303,10.588457679578312],[79.74772987993009,10.59623824519889],[79.7546624451158,10.590158500814198],[79.75278273343645,10.578394960159358],[79.79569040538797,10.582448985232531],[79.79716776847778,10.561898243509177],[79.80623698974534,10.55991098640294],[79.8129477749199,10.545709643585212],[79.8586716118055,10.554150404217808],[79.86865492648371,10.375563617766772],[79.88217250125996,10.323166490241363],[79.87876209309616,10.299249472784993],[79.86185805640423,10.283075695487014],[79.7684583186965,10.271864587680625],[79.7102793732945,10.277790354641184],[79.70051501565553,10.315014294174375],[79.6330117050262,10.361772032153624],[79.62985756587403,10.449295580726528],[79.65849177477565,10.451637123054809],[79.66386672047281,10.44559459351575],[79.68927754152537,10.4556525393333],[79.67604541876113,10.48445035380081],[79.6988324317714,10.487521429770197],[79.68920821368818,10.511143707016515],[79.70118719413375,10.510691416375835],[79.72509742440667,10.538618356152256],[79.71089133946379,10.555077572871767],[79.69793605050836,10.549652704908453],[79.67863398147313,10.555938821219684],[79.66856641650696,10.575199444998418],[79.68836844205003,10.584170149133115],[79.67261742885131,10.587698880199184],[79.67431603325838,10.593124025153713]]]}},{"id":"612","type":"Feature","properties":{"ST_NAME":"TAMIL NADU","AC_NO":180,"AC_NAME":"Pudukkottai","DIST_NAME":"PUDUKKOTTAI","PC_NAME":"TIRUCHIRAPPALLI"},"geometry":{"type":"Polygon","coordinates":[[[78.99774395581898,10.55590737372637],[79.02529359672218,10.540825899495701],[79.04750644476667,10.502045890905208],[79.06331265565461,10.490222407737974],[79.05719210723004,10.47164894784072],[79.03809780407045,10.454309877598803],[79.04285238842704,10.428519605595397],[79.0647874718644,10.42922240868728],[79.06384035804615,10.453106725894713],[79.07141028805438,10.453196008788836],[79.07611973273953,10.465155597153114],[79.0943138235242,10.462008657973229],[79.09564647940158,10.472206361134681],[79.10963704091677,10.461918012606247],[79.11010254709493,10.446458524541299],[79.14772740709424,10.410370606818105],[79.15315484352129,10.400172298412883],[79.14469574481285,10.382169845062322],[79.09443943093504,10.367271037528383],[79.07474265395035,10.376920146147881],[79.07196905572738,10.369055591042752],[79.0608592448583,10.372399827989739],[79.05652234612944,10.365974840166814],[79.0553415506721,10.379892517026065],[79.04248552798481,10.370370176842243],[79.04357843359787,10.382034778582238],[79.02110156078845,10.385618330521595],[79.02616037230342,10.404103936547472],[79.00863557766985,10.414302428414373],[79.00604065854964,10.39972939849298],[78.9871383111842,10.391402526205695],[78.98219706354371,10.379838188081976],[78.96708295381535,10.395666149972897],[78.9169640581448,10.407623371321563],[78.90648911827822,10.396742586301343],[78.88326744763464,10.395443119004767],[78.88690176990082,10.376382717588399],[78.86644851198929,10.386351100822708],[78.85451527915689,10.378938642104686],[78.85684708272674,10.368774258825056],[78.8375664463345,10.373744704754358],[78.83430779966528,10.366376557432204],[78.84478793221734,10.354197412180895],[78.83286711992173,10.330047121377618],[78.80528425266618,10.332159197189242],[78.76644599318809,10.356595367182479],[78.76798250558824,10.379454434774402],[78.78620683967398,10.403958383072961],[78.77742088596517,10.411879802311091],[78.80117833311363,10.420348048024039],[78.80649271756494,10.444035428991924],[78.83233578516842,10.44044855855418],[78.8341808486673,10.451839444434881],[78.81593063119374,10.475084831999425],[78.82765132454904,10.490122845592907],[78.82412743183556,10.497087004861442],[78.85170134903808,10.505234872491428],[78.86409541067474,10.492639269186952],[78.84913971832339,10.454413860811087],[78.85323763570835,10.440394688264291],[78.86233148311152,10.44123843310723],[78.87641486995034,10.448862395283356],[78.8831799031301,10.465888570701054],[78.88885643197881,10.45982482615483],[78.89628327355427,10.51077621255223],[78.90528112822153,10.518612508260674],[78.9200703596594,10.51527987526606],[78.94060798656938,10.56017695370349],[78.97400346358904,10.55766566074169],[78.98022410296005,10.537465803004466],[78.99723151672117,10.568795709054768],[78.99774395581898,10.55590737372637]]]}},{"id":"613","type":"Feature","properties":{"ST_NAME":"TAMIL NADU","AC_NO":127,"AC_NAME":"Palani","DIST_NAME":"DINDIGUL","PC_NAME":"DINDIGUL"},"geometry":{"type":"Polygon","coordinates":[[[77.40525285203756,10.523504541401508],[77.47017587731494,10.520472898005892],[77.47093113516382,10.50672651681532],[77.4802694326882,10.50529928913096],[77.48030966385994,10.521968842887816],[77.4875344943215,10.523060317679551],[77.50460029656648,10.515962530846195],[77.57279765988415,10.523896752832911],[77.59914452949647,10.516798965100236],[77.60534634425846,10.50958986557987],[77.6037846049756,10.441444784349358],[77.6103451799861,10.417508719252055],[77.6663012683889,10.43110399455378],[77.67467432625921,10.424009459668866],[77.66862761757056,10.407600181403325],[77.68801072001878,10.392156233623325],[77.68277480321467,10.378543060014238],[77.72000897793203,10.361334372583258],[77.7191782345879,10.345286249460912],[77.73467962746287,10.332437177633665],[77.73222759892462,10.310396133374923],[77.71710977499617,10.303448693402515],[77.70131666633114,10.279361258015683],[77.6770752616141,10.279636107920112],[77.67270761596376,10.265949434518859],[77.6581055226518,10.267995456025517],[77.7060084411367,10.243192511924917],[77.6954502006663,10.198596076847537],[77.68142316894415,10.201572607989533],[77.66344206819696,10.189114544300821],[77.62213998737059,10.218835803329682],[77.59571811879619,10.2058848805828],[77.60294061731571,10.20005258825637],[77.59825457119155,10.194402804345998],[77.58898084858737,10.196851956852356],[77.5696821241308,10.181359611157177],[77.56675465370438,10.195463648228838],[77.54812173243204,10.204086446932024],[77.54616316909505,10.1829378574962],[77.5379922275593,10.187803262610544],[77.51173534950681,10.160988420878994],[77.49994903891707,10.161054002140531],[77.48768484388052,10.147835134483898],[77.48256975099326,10.154027287829138],[77.46797946038384,10.142343805722078],[77.4656756257296,10.129441202649446],[77.42751711522277,10.136176140916234],[77.41136489557351,10.145113254473188],[77.40868408220467,10.158542796412974],[77.39537377957635,10.16288767032978],[77.37201649926209,10.139402238422633],[77.36063261460356,10.151191157945618],[77.34141171477887,10.136118316307318],[77.32923098672075,10.142775325620846],[77.32366320479315,10.127661547742264],[77.30242080707467,10.136093491421548],[77.28297522062996,10.11786866900394],[77.26652110306651,10.121838574190917],[77.27501779613442,10.132090068501896],[77.27521593296899,10.185016397588754],[77.28311830186817,10.20779327344087],[77.29501806912862,10.217725267407218],[77.28811038998259,10.231711546350823],[77.29615541833795,10.252484047400912],[77.31066447318693,10.246076119717202],[77.32485256989025,10.270251918891006],[77.34254301065147,10.262548607732128],[77.35103387881054,10.274182378913679],[77.32631748366498,10.321470863489594],[77.33484501538521,10.33234998746201],[77.3299399870408,10.341201089858487],[77.33646995632347,10.355072447135797],[77.31564468395504,10.354946086992356],[77.32051070960165,10.43449431635969],[77.32714774587186,10.435808396740185],[77.32292097272477,10.448993798824802],[77.33288414798511,10.455664440061923],[77.35583046330527,10.445261347932899],[77.38510816860713,10.449149600973328],[77.37763998519722,10.490859850801542],[77.40284413934563,10.49827063588117],[77.40525285203756,10.523504541401508]]]}},{"id":"614","type":"Feature","properties":{"ST_NAME":"TAMIL NADU","AC_NO":129,"AC_NAME":"Athoor","DIST_NAME":"DINDIGUL","PC_NAME":"DINDIGUL"},"geometry":{"type":"Polygon","coordinates":[[[77.89191348412004,10.523425535959746],[77.91307938910256,10.509045690306436],[77.91138416075046,10.502188409167786],[77.94092847456949,10.50864753975219],[77.97541539760255,10.492973883537957],[77.97854313086088,10.463805562776543],[77.9884651990098,10.459112084655033],[77.98678149816766,10.422763041581163],[77.96337406536088,10.432866304236597],[77.95455258843128,10.422204627341728],[77.95765498508956,10.40183324820589],[77.93504292259286,10.392861228363074],[77.9326284848168,10.363473735624439],[77.94127074394976,10.355385917526121],[77.94052004566362,10.330384368044179],[77.9482917502641,10.326132974157474],[77.94801411605869,10.310658983625217],[77.93780034291154,10.30522304860483],[77.93499752391665,10.291732068580131],[77.95299569739359,10.281990468285528],[77.93782431254203,10.253306261574778],[77.91792407383701,10.242009549101454],[77.89433006408126,10.254832575662874],[77.89761170911316,10.274135024212057],[77.87518451125624,10.284205248473484],[77.86781744401986,10.28060680825763],[77.86800982968992,10.263714627328227],[77.8525320044485,10.235628933828309],[77.80709802265568,10.249807264793503],[77.80727562167266,10.2291324346142],[77.81518252225567,10.228179184721625],[77.80655256404964,10.203479083492937],[77.78885629478225,10.200944070912215],[77.76073934804253,10.215710540509065],[77.74547570803753,10.201072621804087],[77.70794608264566,10.229961653607461],[77.7060084411367,10.243192511924917],[77.6581055226518,10.267995456025517],[77.67270761596376,10.265949434518859],[77.6770752616141,10.279636107920112],[77.70131666633114,10.279361258015683],[77.71710977499617,10.303448693402515],[77.73222759892462,10.310396133374923],[77.73467962746287,10.332437177633665],[77.7191782345879,10.345286249460912],[77.72000897793203,10.361334372583258],[77.71131397985636,10.366715835667321],[77.7309624731397,10.39526228782438],[77.72176622533107,10.40776613419979],[77.78054965724095,10.462888474623469],[77.78464410414216,10.485871866293621],[77.81040243042787,10.50058851704648],[77.83964556489099,10.479903924726386],[77.84717694366105,10.518825031550023],[77.85245624286136,10.516145315354095],[77.86077979485168,10.52705817559439],[77.89191348412004,10.523425535959746]]]}},{"id":"615","type":"Feature","properties":{"ST_NAME":"TAMIL NADU","AC_NO":176,"AC_NAME":"Pattukkottai","DIST_NAME":"THANJAVUR","PC_NAME":"THANJAVUR"},"geometry":{"type":"Polygon","coordinates":[[[79.38266406179707,10.556093054051246],[79.42248939377055,10.54938110965054],[79.42584125337123,10.557785259781951],[79.4520029291919,10.559446917341404],[79.45200653907057,10.551306059926787],[79.4284491605004,10.545848149072867],[79.42331192360643,10.535501472315161],[79.46867020946263,10.511614189143586],[79.45590153522772,10.48835363990861],[79.48216591632405,10.491217020149406],[79.47947092874045,10.46437871780364],[79.469695209966,10.461762720373315],[79.47421765142354,10.435995637388828],[79.45118687267609,10.42984566584488],[79.46482075137664,10.41620972949545],[79.46134535010788,10.406626087923655],[79.47557748481313,10.401132480279784],[79.47643567096952,10.39334047888002],[79.45967660948799,10.388260662799382],[79.46983449966251,10.383317147068738],[79.46737149220064,10.373155106522972],[79.48551147257643,10.380662245866006],[79.50414921061764,10.367551093608142],[79.50521742714261,10.358745364706863],[79.50116518452569,10.348666940426995],[79.47610496687076,10.35063715178319],[79.47232148754665,10.315667453790013],[79.38111709927477,10.316373321771437],[79.36319169623982,10.29267006866877],[79.33908162761509,10.323998930606194],[79.32943278159763,10.327052026429897],[79.32165955894158,10.315323004453148],[79.30684472740228,10.328481315360477],[79.29052391904366,10.319087776080039],[79.30703863562456,10.345363840269044],[79.3274297683692,10.344949495622757],[79.29405712513625,10.376940412370175],[79.2895500279115,10.420116142545965],[79.27362611285486,10.444588034510218],[79.2668582099385,10.485494459501751],[79.27454019727236,10.508241794423327],[79.28478706906805,10.512684572135356],[79.31534013533906,10.4953184871585],[79.34604356735679,10.513486852836024],[79.35255476149308,10.510737080352044],[79.35698927353621,10.534260346737653],[79.37971607423748,10.531410968041769],[79.38824234780617,10.537333903936542],[79.38266406179707,10.556093054051246]]]}},{"id":"616","type":"Feature","properties":{"ST_NAME":"TAMIL NADU","AC_NO":177,"AC_NAME":"Peravurani","DIST_NAME":"THANJAVUR","PC_NAME":"THANJAVUR"},"geometry":{"type":"Polygon","coordinates":[[[79.2668582099385,10.485494459501751],[79.27362611285486,10.444588034510218],[79.2895500279115,10.420116142545965],[79.29405712513625,10.376940412370175],[79.3274297683692,10.344949495622757],[79.30703863562456,10.345363840269044],[79.29052391904366,10.319087776080039],[79.30684472740228,10.328481315360477],[79.32165955894158,10.315323004453148],[79.32943278159763,10.327052026429897],[79.33908162761509,10.323998930606194],[79.36319169623982,10.29267006866877],[79.3295923743886,10.284701453009689],[79.27259157144391,10.239109328133054],[79.26689931165396,10.228979219815187],[79.2786015383304,10.21552591958556],[79.24407661264564,10.186039131800555],[79.22718431570365,10.13671130947938],[79.20673841964242,10.13688798489261],[79.20476754278792,10.158277509899222],[79.19661214513445,10.161893982421418],[79.15186431008988,10.159818089932969],[79.15846788168744,10.174534172314225],[79.15160528735419,10.198619276658349],[79.16262408503354,10.206472526386051],[79.18362586284337,10.201019261429792],[79.1794047041638,10.223792966272413],[79.15465483175512,10.228736833638038],[79.15048035598369,10.236317272224369],[79.13552134873129,10.236196554427465],[79.13423728052612,10.230058009669449],[79.11682632117783,10.234495299718333],[79.11749275748485,10.251322421892326],[79.13022778988068,10.252782959565991],[79.1335914836601,10.264419312701193],[79.11851253382645,10.302685427990184],[79.13392076593067,10.32560124999776],[79.13021081337837,10.33066690265548],[79.11852564953915,10.325679242802835],[79.11794996381985,10.331234761575047],[79.14840565239899,10.344233899674805],[79.14469574481285,10.382169845062322],[79.15315484352129,10.400172298412883],[79.12609921280847,10.436869509520307],[79.13733245023246,10.43927470316504],[79.14031878218611,10.448952862584576],[79.17636529602163,10.447702824725638],[79.16698864960654,10.45505129578072],[79.19484607538612,10.46263298982069],[79.17908979216026,10.486829427536122],[79.19462400129669,10.490857443316429],[79.18766561027974,10.50436406704813],[79.21397150228307,10.513527982430503],[79.24443781815086,10.513586541785514],[79.2668582099385,10.485494459501751]]]}},{"id":"617","type":"Feature","properties":{"ST_NAME":"TAMIL NADU","AC_NO":131,"AC_NAME":"Natham","DIST_NAME":"DINDIGUL","PC_NAME":"DINDIGUL"},"geometry":{"type":"Polygon","coordinates":[[[78.07526794006344,10.384735213359477],[78.11967073941315,10.381937435064629],[78.122583569776,10.40106563367209],[78.13892402742198,10.40389198162967],[78.14987772587642,10.420907715918418],[78.17027928266282,10.40869168227539],[78.17625747020617,10.395013860901031],[78.16956349425993,10.382271324562055],[78.17648980196287,10.373976912404657],[78.18662760488013,10.405325364274177],[78.21112073613313,10.422487162852349],[78.2328528569738,10.41753755331547],[78.25137314085782,10.433184934936833],[78.22168869018094,10.44976238372709],[78.22347032449596,10.465683444335525],[78.23353273364881,10.470123596926499],[78.3145099767541,10.438879106685476],[78.30701083867933,10.411606840982984],[78.28805585849113,10.402380572905145],[78.27745513764455,10.382867915022302],[78.29121988029328,10.3607112925921],[78.3168862455039,10.348678274582767],[78.33848014953935,10.325874443350926],[78.32922399339265,10.297919761288028],[78.33830385993525,10.298075947447046],[78.33704053279439,10.289306102394733],[78.32512899340838,10.283574716699889],[78.33197111467524,10.255075158791612],[78.32768440710976,10.227325151634489],[78.29378031041307,10.191644246384897],[78.25493968931528,10.165281700690002],[78.25660106988352,10.158384800817942],[78.2805679205731,10.16696289871885],[78.28215134430917,10.157424725970372],[78.28454873093926,10.164086176136152],[78.28753358890407,10.159305459279551],[78.25773161841948,10.087673359338112],[78.2029786358554,10.067389945589582],[78.20430038745297,10.079442459102268],[78.15644039900525,10.107936761372514],[78.16437710222152,10.14138866275664],[78.15104204665317,10.147169336695583],[78.1569769902959,10.156921724358142],[78.14167277827613,10.182875721537357],[78.12036834892024,10.19043001683184],[78.07084463447234,10.180055405332723],[78.02932031228266,10.180806448958492],[78.01795976413189,10.161150663072704],[77.99897049369338,10.160547281831668],[77.97771452250726,10.134967115739869],[77.96570555866464,10.132255183130269],[77.9486812106694,10.14538163015817],[77.94630336181075,10.159324373820823],[77.94060718367467,10.146680020966244],[77.93662531390714,10.149784682117456],[77.93827315158472,10.191741626774729],[77.93048828180883,10.192962827872236],[77.93341934502683,10.203906925164517],[77.91543176016768,10.224558598700412],[77.91792407383701,10.242009549101454],[77.93782431254203,10.253306261574778],[77.95299569739359,10.281990468285528],[77.93499752391665,10.291732068580131],[77.95686357449443,10.342285356584],[77.9805193056215,10.336934842768812],[78.01215856316719,10.350174814815887],[78.0281677627321,10.345063729307697],[78.05841458646404,10.354832933393197],[78.06256504224297,10.373510805479327],[78.07526794006344,10.384735213359477]]]}},{"id":"618","type":"Feature","properties":{"ST_NAME":"TAMIL NADU","AC_NO":132,"AC_NAME":"Dindigul","DIST_NAME":"DINDIGUL","PC_NAME":"DINDIGUL"},"geometry":{"type":"Polygon","coordinates":[[[77.98678149816766,10.422763041581163],[77.99007540185835,10.412908730153845],[78.00911251263238,10.416843806396571],[78.02514441108576,10.406953679468756],[78.03976904050887,10.421316338178485],[78.05204972731315,10.422164318828322],[78.05409076477702,10.400027280934296],[78.07526794006344,10.384735213359477],[78.06256504224297,10.373510805479327],[78.05841458646404,10.354832933393197],[78.0281677627321,10.345063729307697],[78.01215856316719,10.350174814815887],[77.9805193056215,10.336934842768812],[77.95686357449443,10.342285356584],[77.9482917502641,10.326132974157474],[77.94052004566362,10.330384368044179],[77.94127074394976,10.355385917526121],[77.9326284848168,10.363473735624439],[77.93504292259286,10.392861228363074],[77.95765498508956,10.40183324820589],[77.95455258843128,10.422204627341728],[77.96337406536088,10.432866304236597],[77.98678149816766,10.422763041581163]]]}},{"id":"619","type":"Feature","properties":{"ST_NAME":"TAMIL NADU","AC_NO":181,"AC_NAME":"Thirumayam","DIST_NAME":"PUDUKKOTTAI","PC_NAME":"SIVAGANGA"},"geometry":{"type":"Polygon","coordinates":[[[78.50652632133273,10.37497580918631],[78.52443386473112,10.37807471287772],[78.52965268722181,10.39040400264264],[78.52818341533242,10.402087633137796],[78.5162921844368,10.407286059004491],[78.52245004033716,10.437194556883355],[78.56363500065481,10.427155367326407],[78.56433780554534,10.442975824374855],[78.57674020569601,10.44493483107766],[78.59088511785399,10.423206139351919],[78.6228066995696,10.41918944963345],[78.64179836310404,10.40649542272564],[78.66451265063836,10.408561750924093],[78.67603948163685,10.376433479821287],[78.69783898687979,10.374835898957599],[78.69658583916521,10.363839832542283],[78.71327113825248,10.346116142945675],[78.74010234674597,10.362016372557605],[78.78086887140137,10.351668571647338],[78.80528425266618,10.332159197189242],[78.83286711992173,10.330047121377618],[78.86010034875216,10.302773278264226],[78.88052198739985,10.30306354524646],[78.89033876112501,10.293887644599181],[78.90824962392105,10.248269462765563],[78.91444977943382,10.248790939150581],[78.91067803266515,10.24205886792248],[78.92793236878384,10.224949502517575],[78.93282255831446,10.193637935442439],[78.91836401298889,10.174070616765619],[78.92835775710489,10.172726874945397],[78.9348922706618,10.16693931579681],[78.9301318515038,10.15872499726089],[78.94523254784389,10.153039148737776],[78.94186210015584,10.139195412338438],[78.95893433794942,10.140486243445423],[78.95515104478494,10.132664332393063],[78.96139613402443,10.125904452328655],[78.9239922806193,10.123148365704537],[78.91180633289599,10.129992733477934],[78.9133293212912,10.145248943284173],[78.90026028428474,10.156655058284343],[78.89674094393945,10.147567103239282],[78.88201104707224,10.154713824883174],[78.86223349118274,10.12653966687219],[78.84777699001614,10.126303773800146],[78.8482770895161,10.137512151264843],[78.83316986679597,10.139287519103789],[78.82969619852082,10.15484019851641],[78.81375369717546,10.167146517797619],[78.82330266268781,10.19804891852283],[78.80962224047408,10.21303390179321],[78.76880736646683,10.199212519841979],[78.76717686052376,10.163609493183628],[78.73722332549613,10.15873239778199],[78.70847037280953,10.175647256915397],[78.69098933828741,10.147446694809162],[78.67665633022551,10.147676506665505],[78.66807714324563,10.154255225498332],[78.67038823632811,10.176202697996189],[78.66439081678283,10.17971591036104],[78.67331848296169,10.204770947021643],[78.65263612545687,10.219146555069528],[78.65052657044492,10.23673690488431],[78.64128972364188,10.24111149599878],[78.65187055148482,10.253743877977627],[78.6365218086346,10.269494707714614],[78.61122392264599,10.270805664749673],[78.57804991896865,10.28723048509886],[78.56952680921495,10.281272828178544],[78.57686719896213,10.26649334269365],[78.57164209740495,10.257855273502116],[78.55308321821599,10.249315618021399],[78.53886887929542,10.258006335324183],[78.52750242979334,10.238489693444649],[78.51885173412029,10.236579650330668],[78.51606165761945,10.19039632193278],[78.48517591143923,10.192053144736917],[78.46950924115862,10.204442427376193],[78.47278909024436,10.220092295622976],[78.48700436086261,10.232015320250866],[78.47905671289703,10.24291600187206],[78.48559440106084,10.252450629493012],[78.46481597977373,10.240646008706392],[78.44803403953932,10.245823867077831],[78.45291630154611,10.267410045936913],[78.51378569025746,10.268378023127298],[78.52080383582842,10.327164550503653],[78.50991493442672,10.346368291263673],[78.49720300111767,10.352019302748658],[78.50652632133273,10.37497580918631]]]}},{"id":"620","type":"Feature","properties":{"ST_NAME":"TAMIL NADU","AC_NO":185,"AC_NAME":"Tiruppattur","DIST_NAME":"SIVAGANGA","PC_NAME":"SIVAGANGA"},"geometry":{"type":"Polygon","coordinates":[[[78.49578870748292,10.387754171817619],[78.5065424425797,10.38885163429552],[78.49720300111767,10.352019302748658],[78.50991493442672,10.346368291263673],[78.52080383582842,10.327164550503653],[78.51663143119566,10.280046158303605],[78.51378569025746,10.268378023127298],[78.49242166282954,10.263110856680726],[78.45291630154611,10.267410045936913],[78.44803403953932,10.245823867077831],[78.46481597977373,10.240646008706392],[78.48559440106084,10.252450629493012],[78.47905671289703,10.24291600187206],[78.48700436086261,10.232015320250866],[78.47278909024436,10.220092295622976],[78.46950924115862,10.204442427376193],[78.48517591143923,10.192053144736917],[78.51606165761945,10.19039632193278],[78.51885173412029,10.236579650330668],[78.52750242979334,10.238489693444649],[78.53886887929542,10.258006335324183],[78.55308321821599,10.249315618021399],[78.57164209740495,10.257855273502116],[78.57686719896213,10.26649334269365],[78.56952680921495,10.281272828178544],[78.57804991896865,10.28723048509886],[78.61122392264599,10.270805664749673],[78.6365218086346,10.269494707714614],[78.65187055148482,10.253743877977627],[78.64128972364188,10.24111149599878],[78.65052657044492,10.23673690488431],[78.65263612545687,10.219146555069528],[78.67331848296169,10.204770947021643],[78.66439081678283,10.17971591036104],[78.67038823632811,10.176202697996189],[78.66807714324563,10.154255225498332],[78.67665633022551,10.147676506665505],[78.69098933828741,10.147446694809162],[78.70847037280953,10.175647256915397],[78.73722332549613,10.15873239778199],[78.76717686052376,10.163609493183628],[78.76880736646683,10.199212519841979],[78.80962224047408,10.21303390179321],[78.82330266268781,10.19804891852283],[78.81375369717546,10.167146517797619],[78.83165533832329,10.148510689916463],[78.83161962534547,10.084670353054378],[78.80063210109063,10.087681628604344],[78.79500220388866,10.082689554879096],[78.80086083286119,10.078095402380939],[78.76525271783873,10.042400966831224],[78.74846043719947,10.063340105961174],[78.71019619699695,10.05672629468279],[78.70871771604982,10.04464287416937],[78.68781003790298,10.03178800801021],[78.68190684662375,10.006268449029733],[78.62016657512737,10.01521324549492],[78.61905654372458,10.02932159031917],[78.60270236512213,10.02703727634929],[78.58966529451777,10.038136072321947],[78.56402540085162,10.035454884835133],[78.54225976317758,10.022770808925713],[78.52998422858934,10.001956507386979],[78.52098409504003,10.032666058391953],[78.5156024466956,10.024048360643405],[78.49710888256891,10.024235406139155],[78.48023092981362,10.037079502916754],[78.45854055460296,10.037745815117319],[78.44474757863787,10.024807565616698],[78.4399143989304,10.036136541268434],[78.43094785595883,10.036636906068395],[78.42767133436462,10.05355334620998],[78.46085470358179,10.070409020959573],[78.45666764089896,10.100327799888078],[78.47102086751909,10.109518604999664],[78.47360079314217,10.121270711674072],[78.4590923840064,10.125320073762452],[78.45164328331094,10.119071822506669],[78.43240856720166,10.135451726216218],[78.42684317387341,10.122665527791924],[78.4249234522556,10.1336801283353],[78.40175763400765,10.13885683467521],[78.41291246763632,10.160988086331145],[78.39456365119162,10.174425259018562],[78.4124286521606,10.212863377742735],[78.39232651655556,10.241715732495095],[78.41051313577265,10.257063669552736],[78.42493851320188,10.258570231830788],[78.42417369196238,10.270920548644426],[78.3865508401492,10.270631982280179],[78.38111747269329,10.29285528674211],[78.3860773857628,10.289740124207412],[78.3904480855108,10.30229968897953],[78.37838082761317,10.31042548005189],[78.39214761082366,10.317983140609499],[78.40416896012948,10.343308083601244],[78.39242132038765,10.354433142475614],[78.43624166751897,10.3626173607027],[78.4492104139295,10.375408893905387],[78.43836887532342,10.38436980082571],[78.4454366931489,10.408296140654443],[78.46443508541091,10.40729158983504],[78.49578870748292,10.387754171817619]]]}},{"id":"621","type":"Feature","properties":{"ST_NAME":"TAMIL NADU","AC_NO":182,"AC_NAME":"Alangudi","DIST_NAME":"PUDUKKOTTAI","PC_NAME":"SIVAGANGA"},"geometry":{"type":"Polygon","coordinates":[[[79.0049981104745,10.412820277333992],[79.02616037230342,10.404103936547472],[79.02110156078845,10.385618330521595],[79.04357843359787,10.382034778582238],[79.04248552798481,10.370370176842243],[79.0553415506721,10.379892517026065],[79.05652234612944,10.365974840166814],[79.0608592448583,10.372399827989739],[79.07196905572738,10.369055591042752],[79.07474265395035,10.376920146147881],[79.09443943093504,10.367271037528383],[79.14469574481285,10.382169845062322],[79.14840565239899,10.344233899674805],[79.11794996381985,10.331234761575047],[79.11852564953915,10.325679242802835],[79.13021081337837,10.33066690265548],[79.13392076593067,10.32560124999776],[79.11851253382645,10.302685427990184],[79.1335914836601,10.264419312701193],[79.13022778988068,10.252782959565991],[79.11749275748485,10.251322421892326],[79.11682632117783,10.234495299718333],[79.13423728052612,10.230058009669449],[79.13552134873129,10.236196554427465],[79.15048035598369,10.236317272224369],[79.15465483175512,10.228736833638038],[79.1794047041638,10.223792966272413],[79.18362586284337,10.201019261429792],[79.16262408503354,10.206472526386051],[79.1519808667237,10.191525411768396],[79.13198147776302,10.19869205879155],[79.12386212044055,10.187064512717143],[79.08123888786446,10.191881938101005],[79.07223236463199,10.185930267068215],[79.07377505897188,10.175915633499756],[79.0567444570911,10.181259591257174],[79.05326476605615,10.193521137790299],[78.9892448759503,10.210956645932526],[78.9793903405918,10.183401377971279],[78.95527092171574,10.192191068363172],[78.93885943201724,10.187311056460146],[78.92793236878384,10.224949502517575],[78.91067803266515,10.24205886792248],[78.91444977943382,10.248790939150581],[78.90824962392105,10.248269462765563],[78.89033876112501,10.293887644599181],[78.88052198739985,10.30306354524646],[78.86010034875216,10.302773278264226],[78.83286711992173,10.330047121377618],[78.84478793221734,10.354197412180895],[78.83430779966528,10.366376557432204],[78.8375664463345,10.373744704754358],[78.85684708272674,10.368774258825056],[78.85451527915689,10.378938642104686],[78.86644851198929,10.386351100822708],[78.88690176990082,10.376382717588399],[78.88326744763464,10.395443119004767],[78.92800579752958,10.407766924703878],[78.96708295381535,10.395666149972897],[78.98219706354371,10.379838188081976],[78.9871383111842,10.391402526205695],[79.00604065854964,10.39972939849298],[79.0049981104745,10.412820277333992]]]}},{"id":"622","type":"Feature","properties":{"ST_NAME":"TAMIL NADU","AC_NO":188,"AC_NAME":"Melur","DIST_NAME":"MADURAI","PC_NAME":"MADURAI"},"geometry":{"type":"Polygon","coordinates":[[[78.37838082761317,10.31042548005189],[78.3904480855108,10.30229968897953],[78.3860773857628,10.289740124207412],[78.38111747269329,10.29285528674211],[78.3865508401492,10.270631982280179],[78.42417369196238,10.270920548644426],[78.42493851320188,10.258570231830788],[78.41051313577265,10.257063669552736],[78.39232651655556,10.241715732495095],[78.4124286521606,10.212863377742735],[78.39456365119162,10.174425259018562],[78.41291246763632,10.160988086331145],[78.40175763400765,10.13885683467521],[78.4249234522556,10.1336801283353],[78.42684317387341,10.122665527791924],[78.43240856720166,10.135451726216218],[78.45164328331094,10.119071822506669],[78.4590923840064,10.125320073762452],[78.47360079314217,10.121270711674072],[78.47102086751909,10.109518604999664],[78.45666764089896,10.100327799888078],[78.46085470358179,10.070409020959573],[78.42767133436462,10.05355334620998],[78.43094785595883,10.036636906068395],[78.4399143989304,10.036136541268434],[78.45782636789261,10.011235696070571],[78.45663222829478,9.992344168448653],[78.44769801864868,9.986402298227517],[78.45642299652411,9.968800745557985],[78.38994100547308,9.952564226158188],[78.37230649714718,9.962289494764434],[78.3707204365989,9.934560583903874],[78.3456909766573,9.940046228051017],[78.31531772623214,9.922892759892989],[78.30939076497191,9.865038809693374],[78.29372903017065,9.861620644876893],[78.27730320977537,9.869788492744817],[78.2738657248234,9.907622401952324],[78.28985235050561,9.910466733652868],[78.29226509126102,9.925075320069993],[78.28466449796827,9.918704741230897],[78.28509234863304,9.925376643317463],[78.29336619509388,9.944864374691178],[78.2843524754864,9.954546279787053],[78.28083300024281,9.936718180699529],[78.26964474151168,9.93374900781049],[78.26409826002674,9.938764923462486],[78.26799615559815,9.96602651960825],[78.25748329311955,9.978243641430936],[78.24212510019328,9.977639911252936],[78.22787774626102,10.001832757076102],[78.24656887255549,10.015756011530755],[78.24537085508098,10.005505877893995],[78.25855344318688,10.012181310718972],[78.27043581576032,10.038470688471534],[78.2093633502385,10.056794695318956],[78.20798112642791,10.066354967108111],[78.21073050500888,10.075395598028479],[78.23687152699944,10.077351970616974],[78.26204075507684,10.095017938127398],[78.26972796927043,10.128856207148317],[78.28019025027987,10.130329568255036],[78.28753358890407,10.159305459279551],[78.28454873093926,10.164086176136152],[78.28215134430917,10.157424725970372],[78.2805679205731,10.16696289871885],[78.25660106988352,10.158384800817942],[78.25493968931528,10.165281700690002],[78.29378031041307,10.191644246384897],[78.32768440710976,10.227325151634489],[78.33197111467524,10.255075158791612],[78.32512899340838,10.283574716699889],[78.33830385993525,10.298075947447046],[78.32922399339265,10.297919761288028],[78.33318454652965,10.300739706072648],[78.36317636929408,10.293653458440417],[78.37838082761317,10.31042548005189]]]}},{"id":"623","type":"Feature","properties":{"ST_NAME":"TAMIL NADU","AC_NO":130,"AC_NAME":"Nilakkottai (SC)","DIST_NAME":"DINDIGUL","PC_NAME":"DINDIGUL"},"geometry":{"type":"Polygon","coordinates":[[[77.91792407383701,10.242009549101454],[77.91543176016768,10.224558598700412],[77.93341934502683,10.203906925164517],[77.93048828180883,10.192962827872236],[77.93827315158472,10.191741626774729],[77.93662531390714,10.149784682117456],[77.94060718367467,10.146680020966244],[77.94630336181075,10.159324373820823],[77.9540949315359,10.138760084710214],[77.93598278337879,10.108260194452441],[77.93697376522715,10.09686770597989],[77.94670501342569,10.091947803748212],[77.8749551355711,10.061731596535992],[77.86070625099273,10.07539160234063],[77.80551107987247,10.067847582699812],[77.78121374272013,10.05108650134099],[77.7633447847341,10.05604603309797],[77.75994762358403,10.046289919544222],[77.71716346002574,10.018145490422114],[77.71031566583537,10.020412489744672],[77.70883232045526,10.080334265514011],[77.69687714326562,10.086924849102559],[77.7024701754583,10.102827410656516],[77.66856696549314,10.122459726035572],[77.67541447459837,10.126701427928595],[77.6763153821492,10.144721582634986],[77.69204372703643,10.145452566882511],[77.70779869725214,10.128991256541326],[77.72938433382001,10.13147187362813],[77.72385791980719,10.146260431473763],[77.7292125228397,10.159154845319904],[77.71217551418869,10.170105825123755],[77.70120834209138,10.19525513231855],[77.70996358844889,10.206392261893427],[77.70001831958984,10.223625905511199],[77.71758188579543,10.227881408400322],[77.74547570803753,10.201072621804087],[77.76073934804253,10.215710540509065],[77.78885629478225,10.200944070912215],[77.80655256404964,10.203479083492937],[77.81518252225567,10.228179184721625],[77.80727562167266,10.2291324346142],[77.80709802265568,10.249807264793503],[77.8525320044485,10.235628933828309],[77.86800982968992,10.263714627328227],[77.86781744401986,10.28060680825763],[77.87518451125624,10.284205248473484],[77.89761170911316,10.274135024212057],[77.89433006408126,10.254832575662874],[77.91792407383701,10.242009549101454]]]}},{"id":"624","type":"Feature","properties":{"ST_NAME":"TAMIL NADU","AC_NO":199,"AC_NAME":"Periyakulam","DIST_NAME":"THENI  *","PC_NAME":"THENI"},"geometry":{"type":"Polygon","coordinates":[[[77.6954502006663,10.198596076847537],[77.70647568480507,10.215946892235365],[77.70996358844889,10.206392261893427],[77.70120834209138,10.19525513231855],[77.71217551418869,10.170105825123755],[77.7292125228397,10.159154845319904],[77.72385791980719,10.146260431473763],[77.72938433382001,10.13147187362813],[77.70779869725214,10.128991256541326],[77.69204372703643,10.145452566882511],[77.6763153821492,10.144721582634986],[77.67541447459837,10.126701427928595],[77.66856696549314,10.122459726035572],[77.69718338670401,10.108941617961364],[77.7010316828659,10.085678991292468],[77.68131059810565,10.076243993265734],[77.65976860203943,10.051856197805307],[77.63928085512742,10.041615987288026],[77.62766782501018,10.04745560099525],[77.60384120021126,10.043718058141906],[77.58982995428903,10.052733745466014],[77.55877409055188,10.046381289764781],[77.5126340258397,9.99324350038728],[77.48603961873346,9.99613235392502],[77.42094250089576,10.058638890972077],[77.42064127837233,10.093463387125666],[77.45899236070892,10.077926873026797],[77.45471913577956,10.059417082432446],[77.47963249594301,10.068266561552605],[77.48038934199457,10.08735634471958],[77.5005192423692,10.100534106164105],[77.49083873212186,10.120958047076272],[77.4656756257296,10.129441202649446],[77.46797946038384,10.142343805722078],[77.48256975099326,10.154027287829138],[77.48768484388052,10.147835134483898],[77.49994903891707,10.161054002140531],[77.51173534950681,10.160988420878994],[77.5379922275593,10.187803262610544],[77.54616316909505,10.1829378574962],[77.54812173243204,10.204086446932024],[77.56675465370438,10.195463648228838],[77.5696821241308,10.181359611157177],[77.58898084858737,10.196851956852356],[77.59825457119155,10.194402804345998],[77.60294061731571,10.20005258825637],[77.59571811879619,10.2058848805828],[77.62213998737059,10.218835803329682],[77.66344206819696,10.189114544300821],[77.68142316894415,10.201572607989533],[77.6954502006663,10.198596076847537]]]}},{"id":"625","type":"Feature","properties":{"ST_NAME":"TAMIL NADU","AC_NO":183,"AC_NAME":"Aranthangi","DIST_NAME":"PUDUKKOTTAI","PC_NAME":"RAMANATHAPURAM"},"geometry":{"type":"Polygon","coordinates":[[[78.9892448759503,10.210956645932526],[79.05326476605615,10.193521137790299],[79.0567444570911,10.181259591257174],[79.07377505897188,10.175915633499756],[79.07223236463199,10.185930267068215],[79.08123888786446,10.191881938101005],[79.12386212044055,10.187064512717143],[79.13198147776302,10.19869205879155],[79.1519808667237,10.191525411768396],[79.15846788168744,10.174534172314225],[79.15186431008988,10.159818089932969],[79.19661214513445,10.161893982421418],[79.20476754278792,10.158277509899222],[79.20673841964242,10.13688798489261],[79.22718431570365,10.13671130947938],[79.23555716493127,10.127994974088836],[79.22708002941988,10.119189889102131],[79.2285271438127,10.09027189733024],[79.25195749314383,10.065687472299032],[79.25545256528369,10.045098214411098],[79.26601433829114,10.039305979687242],[79.21478325824086,10.000128940198465],[79.1983685723518,9.973366383252028],[79.15353686473458,9.929657133869682],[79.15145728052914,9.916122909944363],[79.11918689316065,9.877179266110318],[79.12385863376898,9.865195154133119],[79.11346067856749,9.846899500211805],[79.09923659998918,9.857306916281232],[79.06925917177341,9.851598083784609],[79.04544872218082,9.86087093764371],[79.03104704188752,9.893771464681379],[79.01547081822372,9.903586919101087],[78.98968661394616,9.947172656492967],[79.00181974988163,9.955124620305014],[79.0028299421482,9.97873671272913],[79.01553651459852,9.980847538483147],[79.01011190294201,9.989600660641997],[78.9937289784097,9.995808624068786],[78.97258297992062,9.992182865147186],[78.9745678592194,9.999699031884859],[78.9650535949475,10.007386263165586],[78.93049850510198,10.021839739012819],[78.93175647408208,10.038953995830298],[78.92403915778095,10.043133284773319],[78.94395146898518,10.05566152705785],[78.93438489384783,10.071966751064735],[78.96301393254703,10.095001659499019],[78.97063380730441,10.082571534149054],[78.98701443227031,10.089457005436486],[78.96621908304428,10.127994749258335],[78.94807586870644,10.105774774985946],[78.92872889921938,10.114537273476458],[78.9239922806193,10.123148365704537],[78.93012900245157,10.128000163177035],[78.96139613402443,10.125904452328655],[78.96271508603246,10.131396934021325],[78.95515104478494,10.132664332393063],[78.95893433794942,10.140486243445423],[78.94186210015584,10.139195412338438],[78.94523254784389,10.153039148737776],[78.9301318515038,10.15872499726089],[78.9348922706618,10.16693931579681],[78.91836401298889,10.174070616765619],[78.9191169532848,10.180139598963365],[78.93282255831446,10.193637935442439],[78.9793903405918,10.183401377971279],[78.9892448759503,10.210956645932526]]]}},{"id":"626","type":"Feature","properties":{"ST_NAME":"TAMIL NADU","AC_NO":200,"AC_NAME":"Bodinayakanur","DIST_NAME":"THENI  *","PC_NAME":"THENI"},"geometry":{"type":"Polygon","coordinates":[[[77.42751711522277,10.136176140916234],[77.49083873212186,10.120958047076272],[77.5005192423692,10.100534106164105],[77.48038934199457,10.08735634471958],[77.47963249594301,10.068266561552605],[77.46710651725203,10.060114848421563],[77.45471913577956,10.059417082432446],[77.45575080115862,10.08079571395109],[77.42064127837233,10.093463387125666],[77.42094250089576,10.058638890972077],[77.48603961873346,9.99613235392502],[77.5126340258397,9.99324350038728],[77.51198875507703,9.902418727642214],[77.48476717246712,9.85457868795612],[77.46973916922735,9.880685961088261],[77.45282987599802,9.876194505771878],[77.41696141353844,9.887107651996587],[77.41161984617901,9.861333967988287],[77.39531795146235,9.870388987162073],[77.38085883596659,9.853025810592726],[77.36773247977015,9.853927142623604],[77.3688745288365,9.84607726265557],[77.3528776158094,9.83123919623199],[77.3298570938299,9.847314350277088],[77.32984271816696,9.875162504046386],[77.34405879187977,9.883611023130243],[77.33885029990148,9.891132564216491],[77.29984163148617,9.923162345166133],[77.26760263495368,9.935370924328765],[77.2609843675346,9.952561193644215],[77.27278362116726,9.964998725810574],[77.27241778685146,9.976437150753952],[77.26086214966853,9.991882361182093],[77.26519377567229,10.00282050046576],[77.25344532474202,10.012879145955878],[77.26195891786983,10.03073167602605],[77.20487494832025,10.086990149775659],[77.20128915616965,10.106483300463992],[77.20719365866046,10.118138238089273],[77.21653028704316,10.115472475774197],[77.23917173578701,10.130162196328342],[77.28297522062996,10.11786866900394],[77.30242080707467,10.136093491421548],[77.32366320479315,10.127661547742264],[77.32923098672075,10.142775325620846],[77.34141171477887,10.136118316307318],[77.36063261460356,10.151191157945618],[77.37201649926209,10.139402238422633],[77.39537377957635,10.16288767032978],[77.40868408220467,10.158542796412974],[77.41136489557351,10.145113254473188],[77.42751711522277,10.136176140916234]]]}},{"id":"627","type":"Feature","properties":{"ST_NAME":"TAMIL NADU","AC_NO":190,"AC_NAME":"Sholavandan(SC)","DIST_NAME":"MADURAI","PC_NAME":"THENI"},"geometry":{"type":"Polygon","coordinates":[[[78.14167277827613,10.182875721537357],[78.1569769902959,10.156921724358142],[78.15104204665317,10.147169336695583],[78.16437710222152,10.14138866275664],[78.15644039900525,10.107936761372514],[78.17492786303052,10.09840872848008],[78.14632298821539,10.060612115956417],[78.12403022641388,10.048534858496964],[78.13296984368338,10.03285115415747],[78.12518702885836,10.018262582152488],[78.10552339009246,10.025027012786438],[78.09915117088985,9.972488377836441],[78.06935535086882,9.978215123928862],[78.07456381406882,9.950651159523431],[78.00649027750438,9.983861735930418],[77.99038450604019,9.984413832432494],[77.9817750316924,9.966257782970331],[77.95082161782346,9.977434121187798],[77.95205098566453,9.983940360958968],[77.92279091876594,10.011863928277705],[77.89641887263292,10.028431024971894],[77.8749551355711,10.061731596535992],[77.94670501342569,10.091947803748212],[77.93697376522715,10.09686770597989],[77.93598278337879,10.108260194452441],[77.9535268459872,10.130029424918064],[77.94662416077648,10.134960154987198],[77.97771452250726,10.134967115739869],[77.99897049369338,10.160547281831668],[78.01795976413189,10.161150663072704],[78.02932031228266,10.180806448958492],[78.07084463447234,10.180055405332723],[78.12036834892024,10.19043001683184],[78.14167277827613,10.182875721537357]]]}},{"id":"628","type":"Feature","properties":{"ST_NAME":"TAMIL NADU","AC_NO":184,"AC_NAME":"Karaikudi","DIST_NAME":"SIVAGANGA","PC_NAME":"SIVAGANGA"},"geometry":{"type":"Polygon","coordinates":[[[78.90026028428474,10.156655058284343],[78.91180633289599,10.129992733477934],[78.94807586870644,10.105774774985946],[78.96621908304428,10.127994749258335],[78.98701443227031,10.089457005436486],[78.97063380730441,10.082571534149054],[78.96301393254703,10.095001659499019],[78.93438489384783,10.071966751064735],[78.94395146898518,10.05566152705785],[78.92403915778095,10.043133284773319],[78.93175647408208,10.038953995830298],[78.93049850510198,10.021839739012819],[78.9650535949475,10.007386263165586],[78.9745678592194,9.999699031884859],[78.97258297992062,9.992182865147186],[78.9937289784097,9.995808624068786],[79.01553651459852,9.980847538483147],[79.0028299421482,9.97873671272913],[79.00181974988163,9.955124620305014],[78.96694609138905,9.938058264976974],[78.95580812094806,9.922634311824083],[78.92262418695674,9.922811459381421],[78.90196258490545,9.90158480159738],[78.90303145973411,9.881588044053046],[78.8816063071854,9.882941030903908],[78.87629813615013,9.874359331218216],[78.87196075898191,9.862780215434668],[78.88268396749118,9.800567379880704],[78.89935652588304,9.785142554385402],[78.88753604825007,9.7577953059087],[78.85672870766376,9.755927662231898],[78.82851142536202,9.723061081903438],[78.81527276992244,9.741529533361302],[78.83806914307655,9.777398549803252],[78.79626275212439,9.78369539682518],[78.78128867313382,9.801148821261165],[78.77594962927202,9.774161726982186],[78.76924783282129,9.778748746057829],[78.73841395144274,9.75345752584417],[78.72795796478829,9.75395589864587],[78.73481528459774,9.770189163399209],[78.72591571054164,9.795392296817113],[78.70725200457639,9.800101106580826],[78.70773946140707,9.811591728175756],[78.72763881517926,9.832187620362447],[78.72061517564987,9.84303849662939],[78.717371374989,9.830412222845837],[78.70944120714603,9.835828762187646],[78.7177991770904,9.85015205307485],[78.71123851124833,9.860445364961663],[78.7201531030833,9.859740402597538],[78.72360562649851,9.868562458690576],[78.70527412470113,9.869730085375181],[78.712877977137,9.903313371414981],[78.69278391114864,9.9195439696785],[78.72262507768522,9.922150901043324],[78.73219583826739,9.940528798865046],[78.74796716355382,9.945366374458672],[78.73850552311148,9.953165241282932],[78.75115334465119,9.959106148330136],[78.74702314520204,9.968440567078574],[78.75912831312121,9.967075031987179],[78.77181050225295,9.998645745005149],[78.72831800926878,10.032029359067735],[78.73183879122729,10.064557949889547],[78.74846043719947,10.063340105961174],[78.76525271783873,10.042400966831224],[78.80086083286119,10.078095402380939],[78.79500220388866,10.082689554879096],[78.80063210109063,10.087681628604344],[78.83161962534547,10.084670353054378],[78.83165533832329,10.148510689916463],[78.83316986679597,10.139287519103789],[78.8482770895161,10.137512151264843],[78.84777699001614,10.126303773800146],[78.85746202385337,10.125897494274],[78.88201104707224,10.154713824883174],[78.89674094393945,10.147567103239282],[78.90026028428474,10.156655058284343]]]}},{"id":"629","type":"Feature","properties":{"ST_NAME":"TAMIL NADU","AC_NO":198,"AC_NAME":"Andipatti","DIST_NAME":"THENI  *","PC_NAME":"THENI"},"geometry":{"type":"Polygon","coordinates":[[[77.7010316828659,10.085678991292468],[77.70883232045526,10.080334265514011],[77.71252881914972,10.04797704680334],[77.70623989335644,10.038310131607318],[77.71248632258579,10.025952454742026],[77.69785098493509,10.017405071386975],[77.69221676828926,9.968506822831671],[77.67263940598383,9.962427296082922],[77.67952380707811,9.933568789967751],[77.66729814259526,9.913407568904233],[77.65416079488483,9.918813086155069],[77.64314414568582,9.885974313763597],[77.61861364490386,9.858392082328805],[77.61788443322007,9.838129887184607],[77.62565359903442,9.83493824090715],[77.61241780433824,9.798989360170879],[77.59756175327237,9.774543523364969],[77.56623960567333,9.747881178773412],[77.53527602856593,9.675142662703763],[77.50355871076596,9.650293494349341],[77.50619922191663,9.638574445854033],[77.46425266712697,9.579933960284109],[77.47350979454143,9.571736536412061],[77.47294964461048,9.54864134642105],[77.45476362074459,9.541450194670801],[77.42833836532338,9.546871733343892],[77.38510891954104,9.519405157422113],[77.36548838438148,9.535141967627737],[77.36552661186369,9.551998958085505],[77.35038357724034,9.567126278854744],[77.35997214260038,9.577775355348422],[77.357820924696,9.595221384659226],[77.36627324881147,9.595890288705903],[77.36128440365235,9.60237369558962],[77.3546778526009,9.604141707873566],[77.33952067613836,9.573354527389597],[77.3252401399206,9.580564448890243],[77.33000784448649,9.599111749307838],[77.3178182500123,9.602686713620983],[77.26875233725065,9.57303942562902],[77.25311347310833,9.58313662415594],[77.23463053986757,9.581455002546363],[77.20899827604967,9.61370063787416],[77.18844762156056,9.606100865662484],[77.16832384377045,9.610666284821264],[77.18064604867624,9.658243088447819],[77.20680842866608,9.694692336682067],[77.2037260644064,9.722330659732222],[77.21857102323418,9.726071883510656],[77.22262599709217,9.735580969486193],[77.24660643294061,9.733144642211528],[77.24990140772383,9.72223196903019],[77.2906770398136,9.713519056459347],[77.32442688749092,9.731862147819925],[77.32860527891057,9.723490933559788],[77.34217630309399,9.725677666591082],[77.3432749769587,9.710244446823822],[77.35795293438048,9.706985171528515],[77.36784221504627,9.727282573332161],[77.35600715490631,9.74177910512168],[77.36946452007157,9.787935273993753],[77.36847929748166,9.79402986798408],[77.35477087487601,9.793660843772955],[77.35662217877058,9.82121559642269],[77.34320083055394,9.80965017821319],[77.3528776158094,9.83123919623199],[77.3688745288365,9.84607726265557],[77.36773247977015,9.853927142623604],[77.38085883596659,9.853025810592726],[77.39531795146235,9.870388987162073],[77.41161984617901,9.861333967988287],[77.41696141353844,9.887107651996587],[77.45282987599802,9.876194505771878],[77.46973916922735,9.880685961088261],[77.48476717246712,9.85457868795612],[77.51198875507703,9.902418727642214],[77.5126340258397,9.99324350038728],[77.51879857719263,10.007613928340163],[77.53384773698355,10.01134853220907],[77.54627962410541,10.035536445250784],[77.55877409055188,10.046381289764781],[77.58982995428903,10.052733745466014],[77.60384120021126,10.043718058141906],[77.62766782501018,10.04745560099525],[77.63928085512742,10.041615987288026],[77.7010316828659,10.085678991292468]]]}},{"id":"630","type":"Feature","properties":{"ST_NAME":"TAMIL NADU","AC_NO":189,"AC_NAME":"Madurai East","DIST_NAME":"MADURAI","PC_NAME":"MADURAI"},"geometry":{"type":"Polygon","coordinates":[[[78.16961044876325,10.094385046532693],[78.20430038745297,10.079442459102268],[78.2029786358554,10.067389945589582],[78.21334116046626,10.062847129091779],[78.2093633502385,10.056794695318956],[78.27043581576032,10.038470688471534],[78.25855344318688,10.012181310718972],[78.24537085508098,10.005505877893995],[78.24656887255549,10.015756011530755],[78.22787774626102,10.001832757076102],[78.24212510019328,9.977639911252936],[78.25748329311955,9.978243641430936],[78.26799615559815,9.96602651960825],[78.26409826002674,9.938764923462486],[78.26964474151168,9.93374900781049],[78.28083300024281,9.936718180699529],[78.2843524754864,9.954546279787053],[78.29336619509388,9.944864374691178],[78.28509234863304,9.925376643317463],[78.28466449796827,9.918704741230897],[78.29226509126102,9.925075320069993],[78.28985235050561,9.910466733652868],[78.2738657248234,9.907622401952324],[78.27730320977537,9.869788492744817],[78.24972552531278,9.874000939691655],[78.26719106721401,9.856536679324336],[78.25834315021626,9.834673351893741],[78.24267597991258,9.850928775942293],[78.24876690916557,9.860007235045884],[78.2250439806952,9.861344842590483],[78.18902051018847,9.879758505550626],[78.17418955830152,9.900206190363463],[78.14912372527976,9.91646292832155],[78.16578549090775,9.918203692046802],[78.16448837443897,9.929329900254743],[78.14980620459272,9.931853046281105],[78.15834493467105,9.945647132908903],[78.14329655279374,9.956987516460742],[78.11695596494587,9.944524366206565],[78.11684887097869,9.958572257703565],[78.10245340140341,9.955656437094945],[78.09980909421438,10.009083825258358],[78.10575836315797,10.009147908249417],[78.10552339009246,10.025027012786438],[78.12518702885836,10.018262582152488],[78.13296984368338,10.03285115415747],[78.12403022641388,10.048534858496964],[78.14632298821539,10.060612115956417],[78.16961044876325,10.094385046532693]]]}},{"id":"631","type":"Feature","properties":{"ST_NAME":"TAMIL NADU","AC_NO":197,"AC_NAME":"Usilampatti","DIST_NAME":"MADURAI","PC_NAME":"THENI"},"geometry":{"type":"Polygon","coordinates":[[[77.86070625099273,10.07539160234063],[77.89641887263292,10.028431024971894],[77.92279091876594,10.011863928277705],[77.95205098566453,9.983940360958968],[77.95082161782346,9.977434121187798],[77.9817750316924,9.966257782970331],[77.98070923704171,9.95218214918691],[77.96108771172857,9.958173858037185],[77.95262847812182,9.936034779581462],[77.96448085470774,9.929266063677971],[77.96589171832818,9.917023016199266],[77.94928359096502,9.904311949836654],[77.88811937391006,9.912363067501587],[77.88949750580531,9.8870291061084],[77.87672283399166,9.876377125703812],[77.87609951837811,9.862613381302538],[77.86950751835735,9.854634867705045],[77.85964337644072,9.85653398315685],[77.84231300354236,9.837092062348859],[77.85964019284069,9.81459897746089],[77.82004945082156,9.81581292912341],[77.80942502834245,9.778413483295651],[77.77643353308116,9.768562973302608],[77.74635417390607,9.731981259427641],[77.7401091350286,9.742070882964924],[77.7273867336109,9.74378777508582],[77.70342357553761,9.716028753124533],[77.70772084384191,9.690980023409395],[77.69359312582213,9.697451746301113],[77.68115808387853,9.67651615949319],[77.67762694622667,9.68256122781844],[77.66830133723698,9.67741978479529],[77.6508959788664,9.682887884967954],[77.64242866395176,9.706408326583073],[77.62923887227618,9.70473613886179],[77.60575164891952,9.695616539371827],[77.5856583464556,9.666963507659773],[77.57606197677887,9.669120806779858],[77.55124643677368,9.64446735878164],[77.54332128624844,9.645222059050809],[77.54741749941815,9.65892670180591],[77.53716245818094,9.660029188796102],[77.50025131724453,9.597036280400062],[77.49842886270193,9.575734559802129],[77.47543996897946,9.563030218569793],[77.46425266712697,9.579933960284109],[77.50619922191663,9.638574445854033],[77.50355871076596,9.650293494349341],[77.53527602856593,9.675142662703763],[77.56623960567333,9.747881178773412],[77.59756175327237,9.774543523364969],[77.61241780433824,9.798989360170879],[77.62565359903442,9.83493824090715],[77.61788443322007,9.838129887184607],[77.61861364490386,9.858392082328805],[77.64314414568582,9.885974313763597],[77.65416079488483,9.918813086155069],[77.66729814259526,9.913407568904233],[77.67952380707811,9.933568789967751],[77.67263940598383,9.962427296082922],[77.69221676828926,9.968506822831671],[77.69785098493509,10.017405071386975],[77.71248632258579,10.025952454742026],[77.71716346002574,10.018145490422114],[77.75994762358403,10.046289919544222],[77.7633447847341,10.05604603309797],[77.78121374272013,10.05108650134099],[77.80551107987247,10.067847582699812],[77.86070625099273,10.07539160234063]]]}},{"id":"632","type":"Feature","properties":{"ST_NAME":"TAMIL NADU","AC_NO":186,"AC_NAME":"Sivaganga","DIST_NAME":"SIVAGANGA","PC_NAME":"SIVAGANGA"},"geometry":{"type":"Polygon","coordinates":[[[78.72598199687172,10.057526156207189],[78.733252051541,10.04971684645534],[78.72831800926878,10.032029359067735],[78.77181050225295,9.998645745005149],[78.75912831312121,9.967075031987179],[78.74702314520204,9.968440567078574],[78.75115334465119,9.959106148330136],[78.73850552311148,9.953165241282932],[78.74796716355382,9.945366374458672],[78.73219583826739,9.940528798865046],[78.72262507768522,9.922150901043324],[78.69278391114864,9.9195439696785],[78.712877977137,9.903313371414981],[78.70527412470113,9.869730085375181],[78.72360562649851,9.868562458690576],[78.7201531030833,9.859740402597538],[78.71123851124833,9.860445364961663],[78.7177991770904,9.85015205307485],[78.70944120714603,9.835828762187646],[78.717371374989,9.830412222845837],[78.72061517564987,9.84303849662939],[78.72763881517926,9.832187620362447],[78.70773946140707,9.811591728175756],[78.70725200457639,9.800101106580826],[78.72591571054164,9.795392296817113],[78.73481528459774,9.770189163399209],[78.72795796478829,9.75395589864587],[78.73841395144274,9.75345752584417],[78.75113234728008,9.714880637231659],[78.74728648288493,9.705904178335231],[78.72333857821286,9.710838660375941],[78.713618272965,9.697637635268677],[78.70226771178551,9.695891622200634],[78.69566288563374,9.679976743531938],[78.66894500790585,9.68397396922336],[78.66321249985702,9.699697089948813],[78.66891067358875,9.706985832530222],[78.6507483360669,9.709056383045663],[78.64256238574558,9.71937879069867],[78.62179075254124,9.705405021324736],[78.60151832131356,9.718179305530555],[78.58249747927533,9.70839700461812],[78.59274731433715,9.705932879298985],[78.59071695812116,9.689741602992626],[78.57252474152364,9.688926994385326],[78.56915807278688,9.67667388978822],[78.54798856781821,9.67063887408483],[78.53549012097238,9.654967960802821],[78.52139526507949,9.680376316813636],[78.50371456937194,9.688823454538863],[78.5248686617594,9.697741163423984],[78.52566407703557,9.709648277246231],[78.54080846244062,9.722091567771656],[78.53360748829499,9.732350790856344],[78.51649853567892,9.723422952007695],[78.49627461118439,9.732681042596084],[78.48361421352519,9.774366466639151],[78.46190381221123,9.774938751122534],[78.43963995641889,9.746573756074042],[78.4277524082471,9.756613883623857],[78.42418871333848,9.747417250905471],[78.4146656806767,9.757048733712168],[78.39745061795173,9.750299276790258],[78.37026092710016,9.776078358529446],[78.3702882026385,9.786146179802415],[78.35178445638763,9.794470306459516],[78.36676848817524,9.810777535954571],[78.3452034946456,9.839359788323634],[78.32133397758105,9.840190654874846],[78.32379319889708,9.826772740269803],[78.29445379920355,9.824939973201253],[78.29731314238768,9.844033057779427],[78.2863598333397,9.840221553781703],[78.2666419483673,9.84967140141407],[78.24972552531278,9.874000939691655],[78.28652054218935,9.870353382102962],[78.29372903017065,9.861620644876893],[78.30939076497191,9.865038809693374],[78.31531772623214,9.922892759892989],[78.3456909766573,9.940046228051017],[78.3707204365989,9.934560583903874],[78.37230649714718,9.962289494764434],[78.38994100547308,9.952564226158188],[78.45642299652411,9.968800745557985],[78.44769801864868,9.986402298227517],[78.45663222829478,9.992344168448653],[78.45782636789261,10.011235696070571],[78.44855284313928,10.025027082933605],[78.45854055460296,10.037745815117319],[78.48023092981362,10.037079502916754],[78.49710888256891,10.024235406139155],[78.5156024466956,10.024048360643405],[78.52098409504003,10.032666058391953],[78.52998422858934,10.001956507386979],[78.54225976317758,10.022770808925713],[78.56402540085162,10.035454884835133],[78.58966529451777,10.038136072321947],[78.60270236512213,10.02703727634929],[78.61905654372458,10.02932159031917],[78.62016657512737,10.01521324549492],[78.68190684662375,10.006268449029733],[78.68781003790298,10.03178800801021],[78.70871771604982,10.04464287416937],[78.71019619699695,10.05672629468279],[78.72598199687172,10.057526156207189]]]}},{"id":"633","type":"Feature","properties":{"ST_NAME":"TAMIL NADU","AC_NO":194,"AC_NAME":"Madurai West","DIST_NAME":"MADURAI","PC_NAME":"MADURAI"},"geometry":{"type":"Polygon","coordinates":[[[78.04082755514759,9.936544397505997],[77.98193385916034,9.96835499928386],[77.99038450604019,9.984413832432494],[78.00649027750438,9.983861735930418],[78.07456381406882,9.950651159523431],[78.06935535086882,9.978215123928862],[78.09915117088985,9.972488377836441],[78.0949925240858,9.90946899250008],[78.11500006450143,9.9029731956565],[78.08927128184422,9.887419332736044],[78.08930798947222,9.897924222724725],[78.06790500161458,9.898813384230323],[78.06358946628092,9.919277031110141],[78.05249929930329,9.924780845159944],[78.05475667048404,9.934228167495974],[78.04249802516381,9.927818783809869],[78.04082755514759,9.936544397505997]]]}},{"id":"634","type":"Feature","properties":{"ST_NAME":"TAMIL NADU","AC_NO":201,"AC_NAME":"Cumbum","DIST_NAME":"THENI  *","PC_NAME":"THENI"},"geometry":{"type":"Polygon","coordinates":[[[77.2609843675346,9.952561193644215],[77.26760263495368,9.935370924328765],[77.29984163148617,9.923162345166133],[77.34405879187977,9.883611023130243],[77.32984271816696,9.875162504046386],[77.3298570938299,9.847314350277088],[77.34798000777118,9.840073302341068],[77.3528776158094,9.83123919623199],[77.34320083055394,9.80965017821319],[77.35662217877058,9.82121559642269],[77.35477087487601,9.793660843772955],[77.36847929748166,9.79402986798408],[77.36946452007157,9.787935273993753],[77.35600715490631,9.74177910512168],[77.36784221504627,9.727282573332161],[77.35795293438048,9.706985171528515],[77.3432749769587,9.710244446823822],[77.34217630309399,9.725677666591082],[77.32860527891057,9.723490933559788],[77.32442688749092,9.731862147819925],[77.2906770398136,9.713519056459347],[77.24990140772383,9.72223196903019],[77.24660643294061,9.733144642211528],[77.22262599709217,9.735580969486193],[77.23253100420254,9.769493565675589],[77.22296485444451,9.788430529745199],[77.2467883091332,9.798634852816235],[77.2468943293099,9.808653996484793],[77.22200285234982,9.823289812574842],[77.22321585252962,9.845584597850973],[77.23748879037544,9.851932181025404],[77.236534281432,9.860718758863698],[77.22078950143441,9.864495483379926],[77.2124898390349,9.878344369297281],[77.221102581519,9.885111448434657],[77.21882840290851,9.904731565409463],[77.23056075147758,9.913675624430596],[77.24683990054103,9.952626712852577],[77.2609843675346,9.952561193644215]]]}},{"id":"635","type":"Feature","properties":{"ST_NAME":"TAMIL NADU","AC_NO":196,"AC_NAME":"Thirumangalam","DIST_NAME":"MADURAI","PC_NAME":"VIRUDHUNAGAR"},"geometry":{"type":"Polygon","coordinates":[[[77.98193385916034,9.96835499928386],[78.00752556265468,9.955559716807556],[77.99658498081226,9.93462438091052],[78.0047698978126,9.926158841257575],[77.99106087805711,9.903885113607146],[77.9964744901057,9.885846025473768],[78.02006284492444,9.871779221234135],[78.0223449357702,9.849050042725366],[78.0334040113861,9.852028222324634],[78.03965227793032,9.845691929239194],[78.0349272695779,9.826999418888136],[78.04874636994907,9.817258721512815],[78.04691100563844,9.795974280488679],[78.0628237879875,9.791235772413017],[78.06285167236683,9.772309169432674],[78.08414555897042,9.768022360243776],[78.07886999465461,9.748257461412777],[78.06771081640113,9.753347316625423],[78.06172788313535,9.741295671857813],[78.07163344692611,9.735235890623926],[78.06829874009486,9.723675461853134],[78.08777442415044,9.682674320263743],[78.07947557473807,9.67406042215083],[78.08190049860917,9.663165587022263],[78.05898759310298,9.661183189852352],[78.06113088798014,9.670812334421726],[78.03884030073937,9.678100116527219],[78.01434373137818,9.63859799640045],[78.00074433538282,9.64988926437809],[77.97275477851025,9.6298488384532],[77.96388328758371,9.63403985815296],[77.96205235603145,9.646192313324661],[77.93288927022371,9.649767031223575],[77.90042226317695,9.625535957918146],[77.88936079896177,9.641924478931628],[77.86146444512809,9.648924397942665],[77.84541399096298,9.650696978782605],[77.84232639264894,9.635654948816864],[77.79454744031216,9.648862937374702],[77.78958285976125,9.639326502116432],[77.77416473961108,9.641321678652616],[77.76060028317659,9.683051072349144],[77.7260898473686,9.692705254943633],[77.70342357553761,9.716028753124533],[77.7273867336109,9.74378777508582],[77.7401091350286,9.742070882964924],[77.74635417390607,9.731981259427641],[77.77643353308116,9.768562973302608],[77.80942502834245,9.778413483295651],[77.82004945082156,9.81581292912341],[77.85964019284069,9.81459897746089],[77.84231300354236,9.837092062348859],[77.85964337644072,9.85653398315685],[77.86950751835735,9.854634867705045],[77.87609951837811,9.862613381302538],[77.87672283399166,9.876377125703812],[77.88949750580531,9.8870291061084],[77.88811937391006,9.912363067501587],[77.94928359096502,9.904311949836654],[77.96589171832818,9.917023016199266],[77.96448085470774,9.929266063677971],[77.95262847812182,9.936034779581462],[77.96108771172857,9.958173858037185],[77.98070923704171,9.95218214918691],[77.98193385916034,9.96835499928386]]]}},{"id":"636","type":"Feature","properties":{"ST_NAME":"TAMIL NADU","AC_NO":191,"AC_NAME":"Madurai North","DIST_NAME":"MADURAI","PC_NAME":"MADURAI"},"geometry":{"type":"Polygon","coordinates":[[[78.11347101107833,9.958941838595024],[78.11695596494587,9.944524366206565],[78.14329655279374,9.956987516460742],[78.15834493467105,9.945647132908903],[78.14980620459272,9.931853046281105],[78.16448837443897,9.929329900254743],[78.16578549090775,9.918203692046802],[78.14912372527976,9.91646292832155],[78.10155301006341,9.942952860286312],[78.10245340140341,9.955656437094945],[78.11347101107833,9.958941838595024]]]}},{"id":"637","type":"Feature","properties":{"ST_NAME":"TAMIL NADU","AC_NO":195,"AC_NAME":"Thiruparankundram","DIST_NAME":"MADURAI","PC_NAME":"VIRUDHUNAGAR"},"geometry":{"type":"Polygon","coordinates":[[[78.04082755514759,9.936544397505997],[78.04249802516381,9.927818783809869],[78.05475667048404,9.934228167495974],[78.05249929930329,9.924780845159944],[78.06358946628092,9.919277031110141],[78.06790500161458,9.898813384230323],[78.08930798947222,9.897924222724725],[78.08927128184422,9.887419332736044],[78.11519716441768,9.903032332376313],[78.15267834512957,9.900698773329793],[78.15881988912662,9.910682963048373],[78.20072384033301,9.873205423691388],[78.18138749183936,9.867605255378294],[78.15162741537296,9.874213029507757],[78.15064569654174,9.851623137098159],[78.12434116970928,9.854954918434771],[78.13228043599338,9.83260923872541],[78.12806571556035,9.81401172825872],[78.14293554693802,9.812190285453369],[78.15149347754203,9.827817837023588],[78.16871864055287,9.830893997759858],[78.19357111661378,9.806457078631297],[78.17565611064106,9.772490785721232],[78.15970805598204,9.774801401263687],[78.17208864397577,9.796919126216778],[78.14077055141985,9.809105554178018],[78.14578235806943,9.7942471073182],[78.13696375447375,9.761950182754788],[78.10711835932489,9.785986383764623],[78.08810572899625,9.78009747102152],[78.10412727805152,9.768506717111336],[78.10097494473797,9.754974404245388],[78.06285167236683,9.772309169432674],[78.0628237879875,9.791235772413017],[78.04691100563844,9.795974280488679],[78.04874636994907,9.817258721512815],[78.0349272695779,9.826999418888136],[78.03965227793032,9.845691929239194],[78.0334040113861,9.852028222324634],[78.0223449357702,9.849050042725366],[78.02006284492444,9.871779221234135],[77.9964744901057,9.885846025473768],[77.99106087805711,9.903885113607146],[78.0047698978126,9.926158841257575],[77.99658498081226,9.93462438091052],[78.00600931647682,9.951222704764064],[78.04082755514759,9.936544397505997]]]}},{"id":"638","type":"Feature","properties":{"ST_NAME":"TAMIL NADU","AC_NO":193,"AC_NAME":"Madurai Central","DIST_NAME":"MADURAI","PC_NAME":"MADURAI"},"geometry":{"type":"Polygon","coordinates":[[[78.12184555372937,9.930299447661412],[78.11519716441768,9.903032332376313],[78.0949925240858,9.90946899250008],[78.09452355371911,9.939527825548737],[78.10155301006341,9.942952860286312],[78.12184555372937,9.930299447661412]]]}},{"id":"639","type":"Feature","properties":{"ST_NAME":"TAMIL NADU","AC_NO":192,"AC_NAME":"Madurai South","DIST_NAME":"MADURAI","PC_NAME":"MADURAI"},"geometry":{"type":"Polygon","coordinates":[[[78.12184555372937,9.930299447661412],[78.15881988912662,9.910682963048373],[78.15267834512957,9.900698773329793],[78.11519716441768,9.903032332376313],[78.12184555372937,9.930299447661412]]]}},{"id":"640","type":"Feature","properties":{"ST_NAME":"TAMIL NADU","AC_NO":210,"AC_NAME":"Tiruvadanai","DIST_NAME":"RAMANATHAPURAM","PC_NAME":"RAMANATHAPURAM"},"geometry":{"type":"Polygon","coordinates":[[[78.98924555313982,9.946885619875502],[79.01547081822372,9.903586919101087],[79.03104704188752,9.893771464681379],[79.04544872218082,9.86087093764371],[79.06925917177341,9.851598083784609],[79.09923659998918,9.857306916281232],[79.11346067856749,9.846899500211805],[79.08405978682976,9.81803020493004],[79.05896894276253,9.773037836127287],[79.03727832203697,9.762892240584506],[78.98026361917073,9.68963944810207],[78.95999803987769,9.631203337963711],[78.92680635373029,9.585108933630409],[78.91440868131565,9.493012007797972],[78.89839640966665,9.48958315633763],[78.90043690034275,9.468728764820696],[78.92362712798962,9.426355232607932],[78.98204286488635,9.360446370503666],[78.96591475965846,9.338565297650405],[78.90577462759705,9.368050170778815],[78.88414364631228,9.363232319116264],[78.88178199874028,9.320026577664464],[78.86537706779751,9.319584932298824],[78.82959754648965,9.336880763136776],[78.83183217021855,9.358079149832975],[78.84236306140622,9.358510115749311],[78.84685511567113,9.380517809549303],[78.8371565236547,9.390267738465411],[78.8159616856833,9.37952468191861],[78.806002280381,9.384147869928313],[78.81109526523437,9.363447886610743],[78.77338913799838,9.331808461791127],[78.73386809073986,9.327933094236982],[78.70784549417425,9.344950647854148],[78.711614769606,9.367075765234404],[78.72302605031206,9.358178508731214],[78.757512107298,9.37768060227802],[78.76677135081724,9.392894203105016],[78.76231514802572,9.399267794673051],[78.77685467100633,9.416328750471507],[78.77519718450253,9.429511772050716],[78.78796756655004,9.428891522226024],[78.7950715946784,9.439049367434393],[78.81972676038174,9.42969951272238],[78.81872836901908,9.453808537234238],[78.8396528653875,9.45062622591962],[78.84681088161693,9.47338126533316],[78.82736300459902,9.483577898301405],[78.82872791466161,9.492489574534261],[78.84504073254385,9.519123773943079],[78.85343175077475,9.518115277797904],[78.8533883458955,9.53485718561069],[78.84428557272105,9.530633600560293],[78.84539566797577,9.547715631071583],[78.82886514670923,9.56509263471736],[78.83019058013122,9.575788004712706],[78.80503829438186,9.57898487425257],[78.82001137332628,9.591071116838634],[78.82162470581557,9.61678862109801],[78.7980289154022,9.621064259807781],[78.78707513960609,9.634007826999664],[78.79447070545876,9.636237817421375],[78.78444835570713,9.652720392232368],[78.79495765147448,9.665481120057677],[78.78966403416791,9.672124274415808],[78.79505176013066,9.679517418394198],[78.78889203184184,9.68109734017014],[78.79718609686091,9.6856504071406],[78.79784211002544,9.70282875864035],[78.78018630755213,9.718958663411627],[78.75113234728008,9.714880637231659],[78.73841395144274,9.75345752584417],[78.76924783282129,9.778748746057829],[78.77594962927202,9.774161726982186],[78.78128867313382,9.801148821261165],[78.79626275212439,9.78369539682518],[78.83806914307655,9.777398549803252],[78.81527276992244,9.741529533361302],[78.82851142536202,9.723061081903438],[78.85672870766376,9.755927662231898],[78.88753604825007,9.7577953059087],[78.89935652588304,9.785142554385402],[78.88268396749118,9.800567379880704],[78.87196075898191,9.862780215434668],[78.87629813615013,9.874359331218216],[78.8816063071854,9.882941030903908],[78.90303145973411,9.881588044053046],[78.90196258490545,9.90158480159738],[78.92262418695674,9.922811459381421],[78.95580812094806,9.922634311824083],[78.96694609138905,9.938058264976974],[78.98924555313982,9.946885619875502]]]}},{"id":"641","type":"Feature","properties":{"ST_NAME":"TAMIL NADU","AC_NO":187,"AC_NAME":"Manamadurai(SC)","DIST_NAME":"SIVAGANGA","PC_NAME":"SIVAGANGA"},"geometry":{"type":"Polygon","coordinates":[[[78.20072384033301,9.873205423691388],[78.24876690916557,9.860007235045884],[78.24267597991258,9.850928775942293],[78.25349397426754,9.834397722277117],[78.2666419483673,9.84967140141407],[78.2863598333397,9.840221553781703],[78.29731314238768,9.844033057779427],[78.29445379920355,9.824939973201253],[78.32379319889708,9.826772740269803],[78.32133397758105,9.840190654874846],[78.3452034946456,9.839359788323634],[78.36676848817524,9.810777535954571],[78.35178445638763,9.794470306459516],[78.3702882026385,9.786146179802415],[78.37026092710016,9.776078358529446],[78.39745061795173,9.750299276790258],[78.4146656806767,9.757048733712168],[78.42418871333848,9.747417250905471],[78.4277524082471,9.756613883623857],[78.43963995641889,9.746573756074042],[78.46190381221123,9.774938751122534],[78.48361421352519,9.774366466639151],[78.49627461118439,9.732681042596084],[78.51649853567892,9.723422952007695],[78.53360748829499,9.732350790856344],[78.54080846244062,9.722091567771656],[78.52566407703557,9.709648277246231],[78.5248686617594,9.697741163423984],[78.50371456937194,9.688823454538863],[78.52139526507949,9.680376316813636],[78.53549012097238,9.654967960802821],[78.54798856781821,9.67063887408483],[78.56915807278688,9.67667388978822],[78.57252474152364,9.688926994385326],[78.59071695812116,9.689741602992626],[78.59274731433715,9.705932879298985],[78.58249747927533,9.70839700461812],[78.60151832131356,9.718179305530555],[78.62179075254124,9.705405021324736],[78.64256238574558,9.71937879069867],[78.6507483360669,9.709056383045663],[78.66891067358875,9.706985832530222],[78.66321249985702,9.699697089948813],[78.66894500790585,9.68397396922336],[78.68142679750878,9.679043899256612],[78.69566288563374,9.679976743531938],[78.70226771178551,9.695891622200634],[78.713618272965,9.697637635268677],[78.72333857821286,9.710838660375941],[78.74728648288493,9.705904178335231],[78.75113234728008,9.714880637231659],[78.78018630755213,9.718958663411627],[78.79863787693654,9.696685971780198],[78.78889203184184,9.68109734017014],[78.79505176013066,9.679517418394198],[78.78966403416791,9.672124274415808],[78.79495765147448,9.665481120057677],[78.78444835570713,9.652720392232368],[78.79447070545876,9.636237817421375],[78.78707513960609,9.634007826999664],[78.7980289154022,9.621064259807781],[78.82162470581557,9.61678862109801],[78.81892731434414,9.595094932784946],[78.74404402491189,9.578395883962912],[78.74447577503702,9.585010796910808],[78.71571244417402,9.597072040142564],[78.67736018822217,9.599784556412203],[78.68027971673558,9.56186225374006],[78.6525546495775,9.544862906897663],[78.66038975278491,9.520157925048238],[78.6160845010989,9.537436634593064],[78.60729309569984,9.553283980471349],[78.56258307175142,9.575963960668275],[78.51533201066383,9.583012489834573],[78.49888390596755,9.5982287661447],[78.50176903541274,9.610219063658917],[78.47538828384228,9.612558632874652],[78.46304430634973,9.62306030508904],[78.45676862667085,9.616346560245631],[78.4406907063111,9.618341765560103],[78.42372082215826,9.596291429505925],[78.41736084452742,9.597515307885203],[78.41442011899335,9.61943885302071],[78.38830484729095,9.632561209032644],[78.39188657000926,9.65067563876977],[78.33769858741994,9.664256310880091],[78.34145835342031,9.683579415058034],[78.32667853338768,9.696900032010944],[78.33781557303035,9.703893357192726],[78.29436230217857,9.711752277145933],[78.2876729478483,9.719993504296838],[78.29998180411701,9.754714344591378],[78.29594887444108,9.762089524611895],[78.27363176169649,9.753617732872101],[78.26016354980806,9.761583698229117],[78.23901970879257,9.757374892637245],[78.21050324003255,9.78257778233882],[78.20435212634959,9.763888445695272],[78.1966422699249,9.76792712473707],[78.17057402826885,9.748565783184404],[78.16369552312995,9.753870836270153],[78.16487976928596,9.764686174027759],[78.15590617922686,9.765735370790765],[78.14430478004164,9.783556031585647],[78.14077055141985,9.809105554178018],[78.17208864397577,9.796919126216778],[78.15970805598204,9.774801401263687],[78.17565611064106,9.772490785721232],[78.19357111661378,9.806457078631297],[78.16871864055287,9.830893997759858],[78.15149347754203,9.827817837023588],[78.14293554693802,9.812190285453369],[78.12806571556035,9.81401172825872],[78.13228043599338,9.83260923872541],[78.12434116970928,9.854954918434771],[78.15064569654174,9.851623137098159],[78.15162741537296,9.874213029507757],[78.18138749183936,9.867605255378294],[78.20072384033301,9.873205423691388]]]}},{"id":"642","type":"Feature","properties":{"ST_NAME":"TAMIL NADU","AC_NO":208,"AC_NAME":"Tiruchuli","DIST_NAME":"VIRUDHUNAGAR","PC_NAME":"RAMANATHAPURAM"},"geometry":{"type":"Polygon","coordinates":[[[78.08371117473098,9.75804248817036],[78.10097494473797,9.754974404245388],[78.10412727805152,9.768506717111336],[78.08810572899625,9.78009747102152],[78.10711835932489,9.785986383764623],[78.13696375447375,9.761950182754788],[78.13923126281259,9.78015758440506],[78.14951980829255,9.781623853458143],[78.17057402826885,9.748565783184404],[78.1966422699249,9.76792712473707],[78.20435212634959,9.763888445695272],[78.21050324003255,9.78257778233882],[78.23901970879257,9.757374892637245],[78.26016354980806,9.761583698229117],[78.27363176169649,9.753617732872101],[78.29594887444108,9.762089524611895],[78.29998180411701,9.754714344591378],[78.2876729478483,9.719993504296838],[78.29436230217857,9.711752277145933],[78.33781557303035,9.703893357192726],[78.32667853338768,9.696900032010944],[78.34145835342031,9.683579415058034],[78.33769858741994,9.664256310880091],[78.39188657000926,9.65067563876977],[78.38830484729095,9.632561209032644],[78.41442011899335,9.61943885302071],[78.41736084452742,9.597515307885203],[78.4114373555496,9.588841097638579],[78.39935911962772,9.595081487021048],[78.39915107766018,9.582599656049354],[78.36735609171035,9.573121954614578],[78.37561108928043,9.567867305831555],[78.37721074667866,9.538869530704346],[78.38657208483392,9.537123406120372],[78.38304796639062,9.51762595397463],[78.3476329349121,9.516384223153409],[78.33158223613134,9.52521924117508],[78.32583395307455,9.519709130971648],[78.3423121302007,9.499774021953613],[78.32824677117162,9.495409586883],[78.32978468921209,9.473062494338706],[78.34676240016472,9.471393533384912],[78.35181470778258,9.461073397419398],[78.33927895436034,9.468633380026517],[78.33021886480884,9.463037500580242],[78.31074617189836,9.468169512413112],[78.30845398975987,9.460632514678878],[78.29910447589089,9.46161483785454],[78.301101514923,9.442074049178075],[78.21783981485561,9.447558072746915],[78.21416218663569,9.433689358577112],[78.22057480967976,9.430900220069134],[78.22236089653819,9.410856023286897],[78.24264663323561,9.407254062225263],[78.24324021726227,9.381300034469064],[78.2552909618085,9.373784941521876],[78.26272684067123,9.385993485610925],[78.28009276107213,9.389758905649046],[78.30410023863516,9.384352477384994],[78.30806408329084,9.374915343468388],[78.30097341728941,9.367266164302066],[78.30808027378566,9.364881970726401],[78.31021138554706,9.3452403266798],[78.29509765803056,9.342610964424523],[78.30108908179574,9.324053902765456],[78.3113159760515,9.33512540161604],[78.32431153754749,9.332016476779017],[78.33301233894832,9.3541607425243],[78.3552756857244,9.358006227405497],[78.36270283306936,9.348870518359774],[78.35329760709897,9.308415657356761],[78.34600049632593,9.309141344597435],[78.34667036804314,9.297697044383142],[78.32861252544774,9.275217447527211],[78.21618943749263,9.30059261855456],[78.208895212644,9.327919174530336],[78.17088663710865,9.342591830448669],[78.15862414538805,9.38687032100853],[78.17097605040448,9.410261599293449],[78.16851407986093,9.424472875123115],[78.13518054364721,9.426764222690792],[78.12304933945552,9.460813358449798],[78.1464772048592,9.492901781492094],[78.14229166742655,9.510266745014292],[78.16021437968993,9.508610152436631],[78.16133482344338,9.520381508200103],[78.18288077742602,9.52670400658468],[78.18077441680595,9.533150933368916],[78.14102778180677,9.529706246646015],[78.13853317936281,9.575467493530027],[78.1198595062113,9.584214889705436],[78.08274906921423,9.57981025404007],[78.06655816073061,9.55222626712856],[78.05040783955019,9.551741742987076],[78.00320835548126,9.561568892190678],[78.010640620868,9.591547864542349],[77.98191478364043,9.595138185678763],[77.99466847966664,9.618547295721157],[78.00700043592144,9.619861743924389],[78.01041049334964,9.639531567327992],[78.03884030073937,9.678100116527219],[78.06113088798014,9.670812334421726],[78.05898759310298,9.661183189852352],[78.08190049860917,9.663165587022263],[78.07947557473807,9.67406042215083],[78.08777442415044,9.682674320263743],[78.06829874009486,9.723675461853134],[78.07163344692611,9.735235890623926],[78.06172788313535,9.741295671857813],[78.06771081640113,9.753347316625423],[78.07886999465461,9.748257461412777],[78.08371117473098,9.75804248817036]]]}},{"id":"643","type":"Feature","properties":{"ST_NAME":"TAMIL NADU","AC_NO":203,"AC_NAME":"Srivilliputhur(SC)","DIST_NAME":"VIRUDHUNAGAR","PC_NAME":"TENKASI (SC)"},"geometry":{"type":"Polygon","coordinates":[[[77.71005090272706,9.705292648337092],[77.7260898473686,9.692705254943633],[77.76060028317659,9.683051072349144],[77.77416473961108,9.641321678652616],[77.78958285976125,9.639326502116432],[77.772447944617,9.636628587239557],[77.77030182137202,9.604151760495427],[77.77957239005383,9.583152721121223],[77.74502392461449,9.598500779587368],[77.73143594461322,9.583233940693844],[77.74474298090388,9.55531688536604],[77.73866838873522,9.557992566303938],[77.73150396393686,9.545289719744801],[77.72593968306995,9.555449875311524],[77.72414138431748,9.490498374800211],[77.71809876574548,9.481617585782999],[77.69858642802131,9.477593194270526],[77.7013798616913,9.457996368837428],[77.6863181896328,9.45045559844715],[77.66652191705288,9.41623893517874],[77.64804851752513,9.417352799492164],[77.63543984976928,9.428874584394578],[77.59669533921857,9.427571675392528],[77.59689678645759,9.450631715381405],[77.6153463152803,9.450726112719963],[77.6079418803136,9.475445386595368],[77.57542820025128,9.488178735460338],[77.55405704929342,9.484618984078907],[77.546910532695,9.498015359021679],[77.53595453647273,9.49890291074081],[77.53046667549671,9.513604267622895],[77.52772121076532,9.507328459340954],[77.50511761358706,9.511498455589276],[77.49285865979937,9.504129192208495],[77.46260592122633,9.51605081119601],[77.45671619819404,9.509341911000433],[77.41138934094539,9.50748858542994],[77.40029741759179,9.517892154199615],[77.42833836532338,9.546871733343892],[77.45476362074459,9.541450194670801],[77.47756482865395,9.552825843338042],[77.47543996897946,9.563030218569793],[77.49842886270193,9.575734559802129],[77.50025131724453,9.597036280400062],[77.53716245818094,9.660029188796102],[77.54741749941815,9.65892670180591],[77.54332128624844,9.645222059050809],[77.55124643677368,9.64446735878164],[77.57606197677887,9.669120806779858],[77.5856583464556,9.666963507659773],[77.60575164891952,9.695616539371827],[77.64242866395176,9.706408326583073],[77.6508959788664,9.682887884967954],[77.66830133723698,9.67741978479529],[77.67762694622667,9.68256122781844],[77.68115808387853,9.67651615949319],[77.69359312582213,9.697451746301113],[77.70772084384191,9.690980023409395],[77.71005090272706,9.705292648337092]]]}},{"id":"644","type":"Feature","properties":{"ST_NAME":"TAMIL NADU","AC_NO":206,"AC_NAME":"Virudhunagar","DIST_NAME":"VIRUDHUNAGAR","PC_NAME":"VIRUDHUNAGAR"},"geometry":{"type":"Polygon","coordinates":[[[77.78958285976125,9.639326502116432],[77.79454744031216,9.648862937374702],[77.84232639264894,9.635654948816864],[77.84541399096298,9.650696978782605],[77.86146444512809,9.648924397942665],[77.88936079896177,9.641924478931628],[77.90042226317695,9.625535957918146],[77.93288927022371,9.649767031223575],[77.96205235603145,9.646192313324661],[77.96388328758371,9.63403985815296],[77.97275477851025,9.6298488384532],[78.00577347376685,9.647618240589395],[78.00700043592144,9.619861743924389],[77.99466847966664,9.618547295721157],[77.98285404277993,9.603310544546048],[77.98180784615522,9.574163105143214],[77.96943003346934,9.574272666850163],[77.9636991918643,9.548317130031592],[77.94517037970934,9.541540960546968],[77.94352030991445,9.524808052249853],[77.96560417988906,9.519775455972592],[77.9511782664639,9.470258773323792],[77.92850575873382,9.463507592401527],[77.92402582733013,9.454376665950406],[77.91545344911742,9.456436850880038],[77.88422899667091,9.427498690012555],[77.8621338024331,9.430173621815243],[77.85189290843101,9.436631195673215],[77.8541620823143,9.472928270523312],[77.83970384006022,9.480549449297712],[77.83722350625987,9.472002315054851],[77.82987488142072,9.473375306425282],[77.81443416310623,9.483266065576515],[77.8227699971377,9.510682746211842],[77.80885572691034,9.511989980053613],[77.78470013910021,9.532638446607052],[77.72307866354953,9.530216316929511],[77.72593968306995,9.555449875311524],[77.73150396393686,9.545289719744801],[77.73866838873522,9.557992566303938],[77.74474298090388,9.55531688536604],[77.73143594461322,9.583233940693844],[77.74502392461449,9.598500779587368],[77.77957239005383,9.583152721121223],[77.77030182137202,9.604151760495427],[77.772447944617,9.636628587239557],[77.78958285976125,9.639326502116432]]]}},{"id":"645","type":"Feature","properties":{"ST_NAME":"TAMIL NADU","AC_NO":209,"AC_NAME":"Paramakudi (SC)","DIST_NAME":"RAMANATHAPURAM","PC_NAME":"RAMANATHAPURAM"},"geometry":{"type":"Polygon","coordinates":[[[78.4114373555496,9.588841097638579],[78.42372082215826,9.596291429505925],[78.4406907063111,9.618341765560103],[78.45676862667085,9.616346560245631],[78.46304430634973,9.62306030508904],[78.47538828384228,9.612558632874652],[78.50176903541274,9.610219063658917],[78.49888390596755,9.5982287661447],[78.51533201066383,9.583012489834573],[78.56258307175142,9.575963960668275],[78.60729309569984,9.553283980471349],[78.6160845010989,9.537436634593064],[78.66038975278491,9.520157925048238],[78.6525546495775,9.544862906897663],[78.68027971673558,9.56186225374006],[78.67736018822217,9.599784556412203],[78.71571244417402,9.597072040142564],[78.74447577503702,9.585010796910808],[78.74404402491189,9.578395883962912],[78.81892731434414,9.595094932784946],[78.80503829438186,9.57898487425257],[78.83019058013122,9.575788004712706],[78.82886514670923,9.56509263471736],[78.84539566797577,9.547715631071583],[78.84428557272105,9.530633600560293],[78.8533883458955,9.53485718561069],[78.85343175077475,9.518115277797904],[78.84504073254385,9.519123773943079],[78.82872791466161,9.492489574534261],[78.82736300459902,9.483577898301405],[78.84681088161693,9.47338126533316],[78.8396528653875,9.45062622591962],[78.81872836901908,9.453808537234238],[78.81972676038174,9.42969951272238],[78.7950715946784,9.439049367434393],[78.78796756655004,9.428891522226024],[78.77519718450253,9.429511772050716],[78.77685467100633,9.416328750471507],[78.76231514802572,9.399267794673051],[78.76677135081724,9.392894203105016],[78.757512107298,9.37768060227802],[78.72302605031206,9.358178508731214],[78.711614769606,9.367075765234404],[78.71205282218006,9.351835064236866],[78.68380466345451,9.340394988138257],[78.65210955980842,9.393269233888077],[78.66507517927619,9.440327649401524],[78.65644352764673,9.428649845613961],[78.63534468151192,9.43452605453382],[78.62939117316415,9.45509272145199],[78.61446472676579,9.45169424099646],[78.59615715592804,9.469145433315134],[78.58840161304408,9.465543805901973],[78.58730612637669,9.451393624616117],[78.57468521614987,9.447978834056016],[78.56108359523176,9.460673660461111],[78.55215393435662,9.455809044951536],[78.53575744265191,9.464886223420535],[78.53888984429096,9.482768952725053],[78.51846501754659,9.480926195987195],[78.51465147748377,9.499518578519655],[78.4627136238347,9.494276602982893],[78.4487470832114,9.428678604134348],[78.39950462993477,9.435405850499649],[78.36281602084273,9.454727683935516],[78.36658222688834,9.445626404535005],[78.358345014311,9.441078667846284],[78.36400098825504,9.442008833940577],[78.36370761231649,9.432341358466942],[78.35344846747284,9.432736094295365],[78.34599074587629,9.417780275139648],[78.34593790890744,9.426091811288131],[78.31131775401121,9.4328438016002],[78.301101514923,9.442074049178075],[78.29910447589089,9.46161483785454],[78.30845398975987,9.460632514678878],[78.31074617189836,9.468169512413112],[78.33021886480884,9.463037500580242],[78.33113097971102,9.469245959533453],[78.35181470778258,9.461073397419398],[78.34676240016472,9.471393533384912],[78.32978468921209,9.473062494338706],[78.32824677117162,9.495409586883],[78.3423121302007,9.499774021953613],[78.32583395307455,9.519709130971648],[78.33158223613134,9.52521924117508],[78.3476329349121,9.516384223153409],[78.38304796639062,9.51762595397463],[78.38657208483392,9.537123406120372],[78.37721074667866,9.538869530704346],[78.37561108928043,9.567867305831555],[78.36735609171035,9.573121954614578],[78.39915107766018,9.582599656049354],[78.39935911962772,9.595081487021048],[78.4114373555496,9.588841097638579]]]}},{"id":"646","type":"Feature","properties":{"ST_NAME":"TAMIL NADU","AC_NO":207,"AC_NAME":"Aruppukkottai","DIST_NAME":"VIRUDHUNAGAR","PC_NAME":"VIRUDHUNAGAR"},"geometry":{"type":"Polygon","coordinates":[[[77.98191478364043,9.595138185678763],[78.010640620868,9.591547864542349],[78.00320835548126,9.561568892190678],[78.05040783955019,9.551741742987076],[78.06655816073061,9.55222626712856],[78.08274906921423,9.57981025404007],[78.1198595062113,9.584214889705436],[78.13853317936281,9.575467493530027],[78.14102778180677,9.529706246646015],[78.18077441680595,9.533150933368916],[78.18288077742602,9.52670400658468],[78.16133482344338,9.520381508200103],[78.16021437968993,9.508610152436631],[78.14229166742655,9.510266745014292],[78.1464772048592,9.492901781492094],[78.12304933945552,9.460813358449798],[78.13518054364721,9.426764222690792],[78.16851407986093,9.424472875123115],[78.17097605040448,9.410261599293449],[78.15862414538805,9.38687032100853],[78.16044093959772,9.370850882662182],[78.16859015261349,9.368953141374448],[78.14846231438435,9.372825189530943],[78.07996130666902,9.358180570876698],[78.05342701384569,9.360860710653299],[78.04997752384372,9.345147618268015],[78.03297190692803,9.333465715370494],[78.04895806046619,9.306058544166547],[78.00937717141937,9.30781693280528],[78.00844553133624,9.2741801209159],[77.98766858403798,9.26871993477721],[77.98391420767462,9.25296563365714],[77.95675027790304,9.248673557139],[77.9560435393779,9.230696453878295],[77.94777081167365,9.230815225542301],[77.94498970321229,9.220328817520965],[77.93205720757413,9.223078911062942],[77.9197941393881,9.20285154036634],[77.90917867415652,9.200331015863753],[77.87811008051585,9.208169310765129],[77.87480659904537,9.22646303653994],[77.88637789612307,9.23279882420644],[77.880158245107,9.245285259707032],[77.85540812268675,9.245890238144],[77.85158279520988,9.263988631170434],[77.83488290642106,9.270320695643647],[77.83243062517329,9.280336836475897],[77.8570020136321,9.270451898636281],[77.85915150843545,9.276756535585719],[77.8804495220279,9.276398260971007],[77.87969248352135,9.290004564659],[77.90880340775112,9.295212018819655],[77.91921978016876,9.310280889951173],[77.9366401895931,9.305063091788327],[77.94450185607587,9.314390316859658],[77.96381496698717,9.314838214312203],[77.96605224281683,9.339896686383042],[77.9756778341648,9.339420129335565],[77.95616322205512,9.362831015538973],[77.95646209465002,9.37957810704404],[77.95002142354991,9.380503183874907],[77.95469526587385,9.38846559601052],[77.92468230454477,9.393730275831615],[77.92404527427004,9.377713044421512],[77.91207557842529,9.374955107891992],[77.90757795465896,9.402982881454875],[77.88422899667091,9.427498690012555],[77.91545344911742,9.456436850880038],[77.92402582733013,9.454376665950406],[77.92850575873382,9.463507592401527],[77.9511782664639,9.470258773323792],[77.96560417988906,9.519775455972592],[77.94352030991445,9.524808052249853],[77.94517037970934,9.541540960546968],[77.9636991918643,9.548317130031592],[77.96943003346934,9.574272666850163],[77.98180784615522,9.574163105143214],[77.98191478364043,9.595138185678763]]]}},{"id":"647","type":"Feature","properties":{"ST_NAME":"TAMIL NADU","AC_NO":205,"AC_NAME":"Sivakasi","DIST_NAME":"VIRUDHUNAGAR","PC_NAME":"VIRUDHUNAGAR"},"geometry":{"type":"Polygon","coordinates":[[[77.72307866354953,9.530216316929511],[77.78470013910021,9.532638446607052],[77.80885572691034,9.511989980053613],[77.8227699971377,9.510682746211842],[77.81443416310623,9.483266065576515],[77.82987488142072,9.473375306425282],[77.83722350625987,9.472002315054851],[77.83970384006022,9.480549449297712],[77.8541620823143,9.472928270523312],[77.85189290843101,9.436631195673215],[77.82739445319152,9.43984244357398],[77.81874236266998,9.416649412740242],[77.78516441320716,9.423894163185139],[77.77210016868787,9.397130646662049],[77.732517137456,9.404897137892647],[77.71403300362027,9.38238368695761],[77.70323619459475,9.383009439733883],[77.70788372005768,9.395049275503709],[77.69889915647093,9.430972351093203],[77.70826368542077,9.434266326729642],[77.70204975409291,9.46542946789566],[77.69562581038292,9.465507364473353],[77.69858642802131,9.477593194270526],[77.71809876574548,9.481617585782999],[77.72414138431748,9.490498374800211],[77.72307866354953,9.530216316929511]]]}},{"id":"648","type":"Feature","properties":{"ST_NAME":"TAMIL NADU","AC_NO":202,"AC_NAME":"Rajapalayam","DIST_NAME":"VIRUDHUNAGAR","PC_NAME":"TENKASI (SC)"},"geometry":{"type":"Polygon","coordinates":[[[77.41138934094539,9.50748858542994],[77.45671619819404,9.509341911000433],[77.46260592122633,9.51605081119601],[77.49285865979937,9.504129192208495],[77.50511761358706,9.511498455589276],[77.5307004785443,9.50826310136108],[77.52772024579275,9.51440036998116],[77.55405704929342,9.484618984078907],[77.57542820025128,9.488178735460338],[77.6079418803136,9.475445386595368],[77.6153463152803,9.450726112719963],[77.59689678645759,9.450631715381405],[77.59539789359798,9.432494678486648],[77.55416440316475,9.416975354928752],[77.56911017779254,9.397689533045536],[77.56426087773735,9.39209759892509],[77.54919605175644,9.399243190121183],[77.55043447307253,9.371282590519172],[77.52983673098043,9.375395126384035],[77.52869188502251,9.360843192759205],[77.51922517959844,9.358730930787885],[77.52739559503073,9.349312280637264],[77.52218544829987,9.33531336711826],[77.47443097820712,9.34111788478259],[77.47142585222139,9.328664118054633],[77.46465944847483,9.329111387780358],[77.45928895981768,9.336519548638307],[77.46799298348947,9.346687190161731],[77.44131599973366,9.354243762539681],[77.4384779713813,9.367965932182074],[77.4503632811406,9.370179758189352],[77.4340235807237,9.390961876589358],[77.41891148997337,9.399165646977053],[77.38887011276557,9.392353443456727],[77.33915979169109,9.42019352041467],[77.36425341466344,9.459172704556693],[77.37716092173918,9.452808542380353],[77.39234905646384,9.459222643909925],[77.39120469344192,9.468495773860923],[77.4019444719599,9.478464730862697],[77.39856568665715,9.49539400432991],[77.41138934094539,9.50748858542994]]]}},{"id":"649","type":"Feature","properties":{"ST_NAME":"TAMIL NADU","AC_NO":212,"AC_NAME":"Mudhukulathur","DIST_NAME":"RAMANATHAPURAM","PC_NAME":"RAMANATHAPURAM"},"geometry":{"type":"MultiPolygon","coordinates":[[[[78.49637111473521,9.09094180971681],[78.48655776113185,9.088594394815516],[78.49020962197653,9.094324158133418],[78.49637111473521,9.09094180971681]]],[[[78.53686340282383,9.102023851319757],[78.5349439348148,9.102645307135276],[78.53887801640741,9.106181639271256],[78.53686340282383,9.102023851319757]]],[[[78.5792881478298,9.11289085333027],[78.58837485911249,9.10708036146957],[78.5706275865939,9.101457080579848],[78.5792881478298,9.11289085333027]]],[[[78.75493171942338,9.154176371342487],[78.7541793178213,9.153350562578453],[78.75275599769122,9.153416162725762],[78.75493171942338,9.154176371342487]]],[[[78.73191570754392,9.154503405307935],[78.7309064541696,9.152226263431373],[78.7278822616571,9.152986238224344],[78.73191570754392,9.154503405307935]]],[[[78.69568198633465,9.150783101558943],[78.69368316214826,9.152676165472712],[78.69619526449992,9.155873121347497],[78.69568198633465,9.150783101558943]]],[[[78.75244120529743,9.155754328999137],[78.7509280995522,9.156832352631],[78.75209298330458,9.157160953215453],[78.75244120529743,9.155754328999137]]],[[[78.6983323153841,9.158071930475273],[78.69787351185317,9.158429544987541],[78.69874285230082,9.158713196556846],[78.6983323153841,9.158071930475273]]],[[[78.70409960021641,9.184114016248884],[78.70184136568656,9.186084040546064],[78.70350502333821,9.185082444898967],[78.70409960021641,9.184114016248884]]],[[[78.51465147748377,9.499518578519655],[78.51846501754659,9.480926195987195],[78.53888984429096,9.482768952725053],[78.53575744265191,9.464886223420535],[78.55215393435662,9.455809044951536],[78.56108359523176,9.460673660461111],[78.57468521614987,9.447978834056016],[78.58730612637669,9.451393624616117],[78.58840161304408,9.465543805901973],[78.59615715592804,9.469145433315134],[78.61446472676579,9.45169424099646],[78.62939117316415,9.45509272145199],[78.63534468151192,9.43452605453382],[78.65644352764673,9.428649845613961],[78.66507517927619,9.440327649401524],[78.65210955980842,9.393269233888077],[78.68829172828072,9.332460776943378],[78.68265410590232,9.310330765452534],[78.67240872158527,9.306566021704612],[78.67711270918426,9.295966033805485],[78.66913265594735,9.296451581375436],[78.67052636499983,9.267740002898847],[78.69548620392521,9.249540224801592],[78.71132992013975,9.252133399237039],[78.71401923839721,9.230263799035129],[78.73369238299716,9.233938338083874],[78.71944500838049,9.191985034781567],[78.65798560595101,9.19067171882483],[78.64247290589992,9.172919083648821],[78.6574119760819,9.157726937048551],[78.6061401288639,9.14777661759689],[78.57846525107055,9.130437322524472],[78.53599671087954,9.13764585996853],[78.45542945070866,9.125037911670347],[78.41513645508337,9.114121240103202],[78.38527794512112,9.094269911027595],[78.3652902428505,9.103084276118523],[78.35701778854019,9.09873136585992],[78.35623709696449,9.118030407777155],[78.27372918165645,9.141686235131715],[78.29594054761822,9.204956176086682],[78.26929277743977,9.202302379251478],[78.28081681154669,9.284309028638802],[78.32861252544774,9.275217447527211],[78.36486528170747,9.337457492968952],[78.3552756857244,9.358006227405497],[78.33301233894832,9.3541607425243],[78.32431153754749,9.332016476779017],[78.3113159760515,9.33512540161604],[78.30108908179574,9.324053902765456],[78.29509765803056,9.342610964424523],[78.31021138554706,9.3452403266798],[78.30808027378566,9.364881970726401],[78.30097341728941,9.367266164302066],[78.30806408329084,9.374915343468388],[78.30410023863516,9.384352477384994],[78.28009276107213,9.389758905649046],[78.26272684067123,9.385993485610925],[78.2552909618085,9.373784941521876],[78.24324021726227,9.381300034469064],[78.24264663323561,9.407254062225263],[78.22236089653819,9.410856023286897],[78.22057480967976,9.430900220069134],[78.21416218663569,9.433689358577112],[78.21783981485561,9.447558072746915],[78.301101514923,9.442074049178075],[78.31131775401121,9.4328438016002],[78.34593790890744,9.426091811288131],[78.34599074587629,9.417780275139648],[78.35344846747284,9.432736094295365],[78.36370761231649,9.432341358466942],[78.36400098825504,9.442008833940577],[78.358345014311,9.441078667846284],[78.36658222688834,9.445626404535005],[78.36281602084273,9.454727683935516],[78.39950462993477,9.435405850499649],[78.4487470832114,9.428678604134348],[78.4627136238347,9.494276602982893],[78.51465147748377,9.499518578519655]]]]}},{"id":"650","type":"Feature","properties":{"ST_NAME":"TAMIL NADU","AC_NO":204,"AC_NAME":"Sattur","DIST_NAME":"VIRUDHUNAGAR","PC_NAME":"VIRUDHUNAGAR"},"geometry":{"type":"Polygon","coordinates":[[[77.7013798616913,9.457996368837428],[77.70826368542077,9.434266326729642],[77.69889915647093,9.430972351093203],[77.70788372005768,9.395049275503709],[77.70323619459475,9.383009439733883],[77.71403300362027,9.38238368695761],[77.732517137456,9.404897137892647],[77.77210016868787,9.397130646662049],[77.78516441320716,9.423894163185139],[77.81874236266998,9.416649412740242],[77.82739445319152,9.43984244357398],[77.84188545235179,9.441413638328811],[77.89546830092138,9.419079983454537],[77.90757795465896,9.402982881454875],[77.91207557842529,9.374955107891992],[77.92404527427004,9.377713044421512],[77.92468230454477,9.393730275831615],[77.95469526587385,9.38846559601052],[77.95002142354991,9.380503183874907],[77.95646209465002,9.37957810704404],[77.95616322205512,9.362831015538973],[77.9756778341648,9.339420129335565],[77.96605224281683,9.339896686383042],[77.96381496698717,9.314838214312203],[77.94450185607587,9.314390316859658],[77.9366401895931,9.305063091788327],[77.91921978016876,9.310280889951173],[77.90880340775112,9.295212018819655],[77.87969248352135,9.290004564659],[77.8804495220279,9.276398260971007],[77.85915150843545,9.276756535585719],[77.8570020136321,9.270451898636281],[77.83243062517329,9.280336836475897],[77.83488290642106,9.270320695643647],[77.85158279520988,9.263988631170434],[77.85540812268675,9.245890238144],[77.8075414288939,9.245290823812525],[77.79625259178374,9.256382053788798],[77.79621415206151,9.273190091449635],[77.7734403689779,9.27643622854913],[77.79000108588144,9.257853180080247],[77.78147403170124,9.239159515898962],[77.7702510285622,9.235933431882415],[77.75885765785466,9.266864494900574],[77.7413578517835,9.26496666008336],[77.73938203765096,9.280900281522804],[77.72273715049914,9.280149901596758],[77.71172932814602,9.291661427033262],[77.65567501578943,9.283604247038397],[77.58593175114947,9.30967985144406],[77.58960567686057,9.347675578365283],[77.57263979289218,9.343211913898756],[77.57433318482867,9.353933771626316],[77.56025043291123,9.35349958074113],[77.5500365095773,9.364023126266318],[77.54919605175644,9.399243190121183],[77.56426087773735,9.39209759892509],[77.56911017779254,9.397689533045536],[77.55416440316475,9.416975354928752],[77.59539789359798,9.432494678486648],[77.63543984976928,9.428874584394578],[77.64804851752513,9.417352799492164],[77.66652191705288,9.41623893517874],[77.6863181896328,9.45045559844715],[77.7013798616913,9.457996368837428]]]}},{"id":"651","type":"Feature","properties":{"ST_NAME":"TAMIL NADU","AC_NO":220,"AC_NAME":"Vasudevanallur(SC)","DIST_NAME":"TIRUNELVELI","PC_NAME":"TENKASI (SC)"},"geometry":{"type":"Polygon","coordinates":[[[77.55043447307253,9.371282590519172],[77.56025043291123,9.35349958074113],[77.57433318482867,9.353933771626316],[77.57263979289218,9.343211913898756],[77.58960567686057,9.347675578365283],[77.59133669013619,9.3177015495869],[77.58151160397739,9.298232913518177],[77.56025025754343,9.304882162581805],[77.55201859827974,9.285005457336013],[77.57632821117807,9.283424057074626],[77.56948666727595,9.25984220345498],[77.60398932125025,9.26114384801025],[77.60754372346412,9.244751023740776],[77.57747447087019,9.221309253019683],[77.57066110362706,9.2316219956586],[77.5532519995802,9.201956260772874],[77.54560542574984,9.211372677906809],[77.53268128031687,9.211212600381259],[77.51775219710629,9.189127263612363],[77.51821365003997,9.16573704922547],[77.50406134545477,9.163231218745807],[77.47894312692381,9.142633474855018],[77.47613575466141,9.119534725347364],[77.46337027301973,9.109574032215846],[77.46727163997429,9.097572623577776],[77.45207195615592,9.094257383471529],[77.45231090962085,9.082996609705845],[77.43594704082335,9.078771385191317],[77.42854417787157,9.087623594653223],[77.38887060019812,9.09121645997169],[77.38962363941948,9.102445802431873],[77.41102542038692,9.121511314695454],[77.43845707653293,9.128373358643614],[77.43673834349983,9.135100781276094],[77.42630320582833,9.133810456487424],[77.42701997359296,9.151751657013392],[77.39668424378289,9.154645772484457],[77.39749878224308,9.164037487939765],[77.3564131331596,9.169006886158911],[77.3277718951569,9.18451318663432],[77.31143685682554,9.176519886383687],[77.2707772246892,9.202342569054395],[77.2822493292432,9.2167963785501],[77.27407981493155,9.235195215286979],[77.28185311582871,9.2731202249185],[77.28856524548974,9.274363844315985],[77.28284420919294,9.301485150719202],[77.30241034885859,9.319484397986628],[77.29967929036701,9.336463034341591],[77.3250670779833,9.337110402323276],[77.34354302888772,9.402839492648525],[77.33915979169109,9.42019352041467],[77.38887011276557,9.392353443456727],[77.41891148997337,9.399165646977053],[77.4340235807237,9.390961876589358],[77.4503632811406,9.370179758189352],[77.4384779713813,9.367965932182074],[77.44131599973366,9.354243762539681],[77.46799298348947,9.346687190161731],[77.45928895981768,9.336519548638307],[77.46465944847483,9.329111387780358],[77.47142585222139,9.328664118054633],[77.47443097820712,9.34111788478259],[77.52218544829987,9.33531336711826],[77.52739559503073,9.349312280637264],[77.51922517959844,9.358730930787885],[77.52869188502251,9.360843192759205],[77.52983673098043,9.375395126384035],[77.55043447307253,9.371282590519172]]]}},{"id":"652","type":"Feature","properties":{"ST_NAME":"TAMIL NADU","AC_NO":211,"AC_NAME":"Ramanathapuram","DIST_NAME":"RAMANATHAPURAM","PC_NAME":"RAMANATHAPURAM"},"geometry":{"type":"MultiPolygon","coordinates":[[[[78.82654578705848,9.159045512240652],[78.82447261322056,9.159636894726987],[78.825733557158,9.160046282310134],[78.82654578705848,9.159045512240652]]],[[[78.82032470342239,9.160539964248017],[78.82229866495146,9.16001616851139],[78.81890016830818,9.160262455947645],[78.82032470342239,9.160539964248017]]],[[[78.81607417378416,9.159878672962463],[78.8148115139403,9.16068120727192],[78.81624767728852,9.160348529161354],[78.81607417378416,9.159878672962463]]],[[[78.82361198360621,9.166234830273254],[78.81666174674228,9.16011731975857],[78.81944732573356,9.16569106868792],[78.82361198360621,9.166234830273254]]],[[[78.82623677460754,9.166483379504427],[78.82390365712814,9.166695618607946],[78.82849940592291,9.173744678374248],[78.82623677460754,9.166483379504427]]],[[[78.96976009615156,9.182349551790423],[78.96900965776956,9.182613654796398],[78.96922219364939,9.183951442205341],[78.96976009615156,9.182349551790423]]],[[[78.96932348968738,9.18612118794249],[78.96743090331358,9.18264014972317],[78.96648084061837,9.186725040428314],[78.96932348968738,9.18612118794249]]],[[[78.91036400649375,9.186124306791385],[78.90999068622125,9.186192624689909],[78.91000092230479,9.186644899142834],[78.91036400649375,9.186124306791385]]],[[[78.94334523689321,9.187300531894095],[78.90317667326491,9.1783770016973],[78.89718502916583,9.179555725116643],[78.94334523689321,9.187300531894095]]],[[[79.0687873775355,9.209470546128841],[79.09091501661476,9.19482012235079],[79.05665418943937,9.196907055816041],[79.0687873775355,9.209470546128841]]],[[[79.1406144451006,9.21242874189295],[79.1387863706945,9.21249286715215],[79.14144614532341,9.213402715762754],[79.1406144451006,9.21242874189295]]],[[[79.12394084529382,9.213639046804587],[79.12328054775912,9.213514577036165],[79.12259888503058,9.21382836308851],[79.12394084529382,9.213639046804587]]],[[[79.12289908772277,9.21523817270355],[79.13399780455507,9.215142686286015],[79.12939908709825,9.212909163327254],[79.12289908772277,9.21523817270355]]],[[[79.1550606382379,9.220800225050368],[79.16493733379099,9.214047622299972],[79.1645532405397,9.208993918034935],[79.1557433306902,9.208988719953538],[79.16419302878529,9.21185714089438],[79.15562463636792,9.217760164000424],[79.12371827567796,9.218292210117454],[79.1550606382379,9.220800225050368]]],[[[79.14691575995442,9.23013359518933],[79.14423498435713,9.231502388524461],[79.1460878144012,9.234589601029313],[79.14691575995442,9.23013359518933]]],[[[79.14055158338891,9.234040396746934],[79.13757608107136,9.23585806509766],[79.1393993441045,9.238298440220888],[79.14055158338891,9.234040396746934]]],[[[79.16022170446814,9.235886051100408],[79.15861942734477,9.238761539813254],[79.16095642899603,9.238275300664668],[79.16022170446814,9.235886051100408]]],[[[79.1506403867445,9.239965577349551],[79.1437728056705,9.238403391103645],[79.14600290221222,9.242831839018208],[79.1506403867445,9.239965577349551]]],[[[79.23287571843969,9.248734946660534],[79.24031884403945,9.242380926138878],[79.23782949543494,9.235566660473069],[79.22893557541653,9.241938333787118],[79.23287571843969,9.248734946660534]]],[[[79.13775530246528,9.251546133847057],[79.13522694486767,9.253624686530088],[79.13734911197201,9.255856390160318],[79.13775530246528,9.251546133847057]]],[[[79.19140631335074,9.257004866681314],[79.22556728520209,9.25007412352204],[79.20465124066226,9.226023974027214],[79.19199854299842,9.223848210026915],[79.17492798154115,9.239788644730197],[79.19140631335074,9.257004866681314]]],[[[79.32095934499785,9.285294919425041],[79.32056883598307,9.285554400814988],[79.32099260012848,9.286845924399927],[79.32095934499785,9.285294919425041]]],[[[78.84685511567113,9.380517809549303],[78.84236306140622,9.358510115749311],[78.83183217021855,9.358079149832975],[78.82959754648965,9.336880763136776],[78.86537706779751,9.319584932298824],[78.88178199874028,9.320026577664464],[78.88414364631228,9.363232319116264],[78.90577462759705,9.368050170778815],[78.96591475965846,9.338565297650405],[78.98204286488635,9.360446370503666],[79.06650321375236,9.298000072745197],[79.14119326136,9.291862439899717],[79.15994914333834,9.283989331342639],[79.20967550562017,9.282859871885648],[79.22090367806237,9.291165785472685],[79.26592380264145,9.29246559900821],[79.29101631405172,9.319499866325827],[79.32192051252167,9.32452895524716],[79.33527989205345,9.309239753811653],[79.31460004095919,9.283690096320925],[79.31617027164077,9.273316956112694],[79.42341387165288,9.177128220191264],[79.43284080096225,9.160938066238828],[79.2998701539845,9.245807072438481],[79.25649766203753,9.258898267840834],[79.21683667757065,9.255279170197582],[79.2183730793542,9.270086050830628],[79.21470501092756,9.265829884241839],[79.20575253155414,9.274534520351892],[79.2030043319844,9.267679530685825],[79.20428646934516,9.277256239383973],[79.20862433394592,9.281686861859214],[79.08967027036675,9.260155759280906],[78.95414814422156,9.272852208063],[78.91191471469239,9.263660182571414],[78.91619297312724,9.259857742840609],[78.90840679213983,9.249778616190213],[78.86097403742195,9.25553830265062],[78.8522552387883,9.246987421832102],[78.72887903693805,9.209632103938475],[78.73369238299716,9.233938338083874],[78.71401923839721,9.230263799035129],[78.71132992013975,9.252133399237039],[78.69548620392521,9.249540224801592],[78.67052636499983,9.267740002898847],[78.66913265594735,9.296451581375436],[78.67711270918426,9.295966033805485],[78.67240872158527,9.306566021704612],[78.68265410590232,9.310330765452534],[78.68380466345451,9.340394988138257],[78.71205282218006,9.351835064236866],[78.70784549417425,9.344950647854148],[78.73386809073986,9.327933094236982],[78.77338913799838,9.331808461791127],[78.81109526523437,9.363447886610743],[78.806002280381,9.384147869928313],[78.8159616856833,9.37952468191861],[78.8371565236547,9.390267738465411],[78.84685511567113,9.380517809549303]]]]}},{"id":"653","type":"Feature","properties":{"ST_NAME":"TAMIL NADU","AC_NO":213,"AC_NAME":"Vilathikulam","DIST_NAME":"THOOTHUKKUDI","PC_NAME":"THOOTHUKKUDI"},"geometry":{"type":"MultiPolygon","coordinates":[[[[78.2725377220383,8.94109293119385],[78.27222872217783,8.941115462808398],[78.27239248062853,8.941662277592059],[78.2725377220383,8.94109293119385]]],[[[78.27070551165008,8.940957154249304],[78.2691374321468,8.936757626063638],[78.26684564121342,8.937331715486323],[78.27070551165008,8.940957154249304]]],[[[78.25064746261035,8.951123937819546],[78.25030640641558,8.951002274835162],[78.25007982492406,8.951422269921864],[78.25064746261035,8.951123937819546]]],[[[78.25266653862991,8.956268735313927],[78.25481695883565,8.948538367151968],[78.25118383986239,8.949772618311727],[78.25266653862991,8.956268735313927]]],[[[78.07996130666902,9.358180570876698],[78.16859015261349,9.368953141374448],[78.17088663710865,9.342591830448669],[78.208895212644,9.327919174530336],[78.21618943749263,9.30059261855456],[78.28036731599889,9.289884461998383],[78.26929277743977,9.202302379251478],[78.29594054761822,9.204956176086682],[78.27372918165645,9.141686235131715],[78.35623709696449,9.118030407777155],[78.35701778854019,9.09873136585992],[78.3652902428505,9.103084276118523],[78.38527794512112,9.094269911027595],[78.26639471394498,8.997714200450048],[78.21824737231844,8.968394666780512],[78.18498325117616,8.91039592663077],[78.12947051505228,8.931467862352008],[78.11753275683134,8.919423890600115],[78.09514517411054,8.939832841612372],[78.08295548970415,8.92155638551884],[78.06093968222063,8.917864194576964],[78.05667787958055,8.929084771345174],[78.06849129393811,8.948962941586558],[78.04379981361058,8.955838120133194],[78.02646890381692,8.953607546051444],[78.00985586615536,8.943243518673512],[78.00915734923234,8.933751115121936],[77.99745814517729,8.93230465813349],[77.98647531048726,8.932282608555568],[77.98359275130451,8.943091535945655],[77.9622034709135,8.938281812355797],[77.94763440340506,8.950167955786583],[77.93944874086674,8.930910658600055],[77.91699462899896,8.935425348800834],[77.91608865556708,8.962997318071814],[77.85102405091925,8.95199301386657],[77.85354597746493,8.97531455062608],[77.90957017242556,8.968688562527177],[77.90891652897471,8.988914340524445],[77.93495781075444,8.993420981792951],[77.93600364495234,9.017385169589943],[77.97758092821732,9.027743218274964],[77.9694502888998,9.034766939642623],[77.97138267477067,9.055486060533326],[77.95648696180388,9.054507113412626],[77.96100404510065,9.069979487863122],[77.95262328093975,9.083367476627814],[77.9429341767709,9.090589669377778],[77.93235629690565,9.085665955819252],[77.92972564951918,9.105019389633185],[77.91624495054407,9.113287724149188],[77.92455371228402,9.12967027636222],[77.92229178783577,9.145095531733432],[77.91264121512006,9.146028515403714],[77.90939744323748,9.18062232376127],[77.92120884041572,9.180412444478804],[77.93616260731852,9.16615258097687],[77.95355253422213,9.17797902920887],[77.94655096045852,9.190172711101809],[77.92876430572818,9.187665037911245],[77.9197941393881,9.20285154036634],[77.93205720757413,9.223078911062942],[77.94498970321229,9.220328817520965],[77.94777081167365,9.230815225542301],[77.9560435393779,9.230696453878295],[77.95675027790304,9.248673557139],[77.98391420767462,9.25296563365714],[77.98766858403798,9.26871993477721],[78.00844553133624,9.2741801209159],[78.00937717141937,9.30781693280528],[78.04895806046619,9.306058544166547],[78.03297190692803,9.333465715370494],[78.04997752384372,9.345147618268015],[78.05342701384569,9.360860710653299],[78.07996130666902,9.358180570876698]]]]}},{"id":"654","type":"Feature","properties":{"ST_NAME":"TAMIL NADU","AC_NO":219,"AC_NAME":"Sankarankovil(SC)","DIST_NAME":"TIRUNELVELI","PC_NAME":"TENKASI (SC)"},"geometry":{"type":"Polygon","coordinates":[[[77.84726311580022,9.244393324692226],[77.86011386036643,9.196557675496365],[77.8537234721606,9.183186638052973],[77.84171441658714,9.185381200582015],[77.8413529925466,9.168468533096359],[77.80520379052257,9.177575002484446],[77.78595696324334,9.165513491254671],[77.74422342007483,9.162494574165294],[77.73683557670057,9.188076678296113],[77.7057539554807,9.188496294768242],[77.70454943500846,9.16572915317795],[77.69002052852466,9.158984137108291],[77.70042804801608,9.138183751678866],[77.68823208364381,9.132916411663132],[77.67401487858382,9.13816999564881],[77.67777060752758,9.106459989337111],[77.74033750796968,9.105001938288865],[77.74490681759562,9.077916513036712],[77.73599708120037,9.071730522745497],[77.70460295366343,9.073407128835981],[77.70168651611988,9.062760416659955],[77.71191238065188,9.045300299469318],[77.69259633435342,9.031045032402346],[77.6963859272688,9.018426196012172],[77.68886062881501,9.015028993493331],[77.68915086971691,9.001665459093715],[77.72322282307488,9.00154666404734],[77.72890476674166,8.984852479658286],[77.71974697034648,8.967070228008652],[77.70281068846253,8.969245920063202],[77.6951636478841,8.980985357088628],[77.68089113361896,8.971623535997423],[77.69097198876631,8.956674759432644],[77.69309916239649,8.916835622865733],[77.65660610278945,8.931822266284598],[77.65516284199163,8.953184316103375],[77.62868732256192,8.944382304999408],[77.61251130505275,8.950033421705086],[77.61182264290073,8.961272514614905],[77.59064228221558,8.966087196167223],[77.58456824133134,8.982293117933068],[77.59442504028345,8.984773046139196],[77.60127258266363,9.013591955104687],[77.62283429726506,9.014526611513986],[77.61914775046836,9.032788162243946],[77.60017261647312,9.029741533445076],[77.586781079883,9.053811888008283],[77.5640503923118,9.059823080670697],[77.55468072193781,9.082825618007917],[77.53524702453063,9.080461255382659],[77.53369311204756,9.087782179304156],[77.5234383828751,9.049763789467363],[77.48648447198087,9.044502170938472],[77.476708763099,9.024946384268276],[77.42295582215354,9.026882934000241],[77.42670555621652,9.052758182943819],[77.40276875007783,9.04987043287423],[77.41113084611169,9.087397607613525],[77.42854417787157,9.087623594653223],[77.43594704082335,9.078771385191317],[77.46727163997429,9.097572623577776],[77.46337027301973,9.109574032215846],[77.47613575466141,9.119534725347364],[77.47894312692381,9.142633474855018],[77.50406134545477,9.163231218745807],[77.51821365003997,9.16573704922547],[77.51775219710629,9.189127263612363],[77.53268128031687,9.211212600381259],[77.54560542574984,9.211372677906809],[77.5532519995802,9.201956260772874],[77.57066110362706,9.2316219956586],[77.57747447087019,9.221309253019683],[77.60754372346412,9.244751023740776],[77.60398932125025,9.26114384801025],[77.56948666727595,9.25984220345498],[77.57632821117807,9.283424057074626],[77.55201859827974,9.285005457336013],[77.56025025754343,9.304882162581805],[77.58151160397739,9.298232913518177],[77.58593175114947,9.30967985144406],[77.60423653139088,9.306704340133251],[77.60325303729792,9.300820707309867],[77.65567501578943,9.283604247038397],[77.71172932814602,9.291661427033262],[77.72273715049914,9.280149901596758],[77.73938203765096,9.280900281522804],[77.7413578517835,9.26496666008336],[77.75885765785466,9.266864494900574],[77.7702510285622,9.235933431882415],[77.78147403170124,9.239159515898962],[77.79000108588144,9.257853180080247],[77.7734403689779,9.27643622854913],[77.79621415206151,9.273190091449635],[77.79625259178374,9.256382053788798],[77.8075414288939,9.245290823812525],[77.84726311580022,9.244393324692226]]]}},{"id":"655","type":"Feature","properties":{"ST_NAME":"TAMIL NADU","AC_NO":218,"AC_NAME":"Kovilpatti","DIST_NAME":"THOOTHUKKUDI","PC_NAME":"THOOTHUKKUDI"},"geometry":{"type":"Polygon","coordinates":[[[77.84726311580022,9.244393324692226],[77.880158245107,9.245285259707032],[77.88637789612307,9.23279882420644],[77.87480659904537,9.22646303653994],[77.87811008051585,9.208169310765129],[77.9197941393881,9.20285154036634],[77.92876430572818,9.187665037911245],[77.94655096045852,9.190172711101809],[77.95355253422213,9.17797902920887],[77.93616260731852,9.16615258097687],[77.92120884041572,9.180412444478804],[77.90939744323748,9.18062232376127],[77.91264121512006,9.146028515403714],[77.92229178783577,9.145095531733432],[77.92455371228402,9.12967027636222],[77.91624495054407,9.113287724149188],[77.92972564951918,9.105019389633185],[77.93235629690565,9.085665955819252],[77.9429341767709,9.090589669377778],[77.95262328093975,9.083367476627814],[77.96100404510065,9.069979487863122],[77.95648696180388,9.054507113412626],[77.97138267477067,9.055486060533326],[77.9694502888998,9.034766939642623],[77.97758092821732,9.027743218274964],[77.93600364495234,9.017385169589943],[77.93495781075444,8.993420981792951],[77.90891652897471,8.988914340524445],[77.90957017242556,8.968688562527177],[77.85354597746493,8.97531455062608],[77.83932314354831,8.962261108763187],[77.8311719214471,8.971406387494824],[77.82298743612131,8.953348581771706],[77.83639508046866,8.949068256694716],[77.84106483267595,8.930810734028228],[77.82620513935575,8.93360136541071],[77.82323817340301,8.923280123279142],[77.80125104440026,8.916043425363853],[77.78547816418597,8.90150214510794],[77.7890645822647,8.885256960740207],[77.77257153844579,8.88132697196221],[77.76170381248102,8.889214265525993],[77.76147727055962,8.924640276827347],[77.74663908452618,8.933478591763674],[77.73711271268161,8.932011685091254],[77.73619357677222,8.924148814416299],[77.69640023997914,8.927028118952592],[77.69097198876631,8.956674759432644],[77.68105489027101,8.964458872878708],[77.68557102927963,8.978300276436642],[77.6951636478841,8.980985357088628],[77.70281068846253,8.969245920063202],[77.71974697034648,8.967070228008652],[77.72890476674166,8.984852479658286],[77.72322282307488,9.00154666404734],[77.68915086971691,9.001665459093715],[77.68886062881501,9.015028993493331],[77.6963859272688,9.018426196012172],[77.69259633435342,9.031045032402346],[77.71191238065188,9.045300299469318],[77.70168651611988,9.062760416659955],[77.70460295366343,9.073407128835981],[77.73599708120037,9.071730522745497],[77.74490681759562,9.077916513036712],[77.74033750796968,9.105001938288865],[77.67777060752758,9.106459989337111],[77.67401487858382,9.13816999564881],[77.68823208364381,9.132916411663132],[77.70042804801608,9.138183751678866],[77.69002052852466,9.158984137108291],[77.70454943500846,9.16572915317795],[77.7057539554807,9.188496294768242],[77.73683557670057,9.188076678296113],[77.74422342007483,9.162494574165294],[77.78595696324334,9.165513491254671],[77.80520379052257,9.177575002484446],[77.8413529925466,9.168468533096359],[77.84171441658714,9.185381200582015],[77.8537234721606,9.183186638052973],[77.86011386036643,9.196557675496365],[77.84726311580022,9.244393324692226]]]}},{"id":"656","type":"Feature","properties":{"ST_NAME":"TAMIL NADU","AC_NO":221,"AC_NAME":"Kadayanallur","DIST_NAME":"TIRUNELVELI","PC_NAME":"TENKASI (SC)"},"geometry":{"type":"Polygon","coordinates":[[[77.41113084611169,9.087397607613525],[77.40276875007783,9.04987043287423],[77.42670555621652,9.052758182943819],[77.42295582215354,9.026882934000241],[77.39485045238655,8.9957509174709],[77.3870306970091,8.974799320931936],[77.31224430593005,8.990408396830105],[77.30621084875173,9.001957596665818],[77.29922113974385,8.995697482452897],[77.2621761050433,8.99752424294951],[77.26448934480749,8.982712357589264],[77.29771679789195,8.964612237864515],[77.28410127255574,8.968854475753517],[77.26976852709589,8.957935163776824],[77.25030715215343,8.962559234920832],[77.24466112201321,8.956403765821165],[77.25713214852988,8.9573401453315],[77.2421672543154,8.939929827199819],[77.22917084835603,8.946231050322751],[77.21829225948022,8.918304467577173],[77.19322742020933,8.925877215161393],[77.19649107340439,8.954300478184564],[77.1883018099806,8.96807682208771],[77.17817010176884,8.96926768635467],[77.17345145881785,8.991524854788281],[77.1494261836715,9.009775277307256],[77.14666490975782,9.021962277237378],[77.16097831349845,9.029341523092853],[77.16800982209566,9.045553282358128],[77.1975501024553,9.047086359348043],[77.21224309204513,9.100176927123528],[77.24719358051937,9.124688940542228],[77.26736695861831,9.154185829512471],[77.2662380783247,9.181784128234995],[77.25310941446799,9.189242714979343],[77.25671751070462,9.199224037659235],[77.2707772246892,9.202342569054395],[77.31143685682554,9.176519886383687],[77.3277718951569,9.18451318663432],[77.3564131331596,9.169006886158911],[77.39749878224308,9.164037487939765],[77.39668424378289,9.154645772484457],[77.42701997359296,9.151751657013392],[77.42630320582833,9.133810456487424],[77.43673834349983,9.135100781276094],[77.43845707653293,9.128373358643614],[77.41102542038692,9.121511314695454],[77.38962363941948,9.102445802431873],[77.38887060019812,9.09121645997169],[77.41113084611169,9.087397607613525]]]}},{"id":"657","type":"Feature","properties":{"ST_NAME":"TAMIL NADU","AC_NO":222,"AC_NAME":"Tenkasi","DIST_NAME":"TIRUNELVELI","PC_NAME":"TENKASI (SC)"},"geometry":{"type":"Polygon","coordinates":[[[77.6192417332195,8.947727350436935],[77.6126658229694,8.923333698591364],[77.60931041014737,8.939932335409026],[77.5942183733793,8.944202915432243],[77.53831425320027,8.94329340316807],[77.51860364014595,8.92579994451188],[77.51385237878429,8.941012642419537],[77.50859724886402,8.92426953940776],[77.4977590890108,8.921651985250946],[77.51292650875143,8.908824516038635],[77.50243770763416,8.908108673676395],[77.4773049965284,8.91451196895224],[77.47874638943438,8.926034501191339],[77.4639340777955,8.918808148177561],[77.44037151643238,8.926434961204563],[77.4401060491549,8.920913303706072],[77.41169890558007,8.937951796238451],[77.39550220995909,8.930181698726471],[77.38683562056747,8.938494575764082],[77.39371014710565,8.89389570622194],[77.40676304397937,8.893313973461147],[77.4033242019504,8.861777530009078],[77.38763110329285,8.871849177897275],[77.34313765947547,8.868837173896509],[77.29944609705979,8.87969015457702],[77.25632404561827,8.878283036632865],[77.23847684942712,8.884712180223005],[77.23847852846137,8.897723998763581],[77.22157594057722,8.903780852704244],[77.21829225948022,8.918304467577173],[77.22917084835603,8.946231050322751],[77.2421672543154,8.939929827199819],[77.25713214852988,8.9573401453315],[77.24466112201321,8.956403765821165],[77.25030715215343,8.962559234920832],[77.26976852709589,8.957935163776824],[77.28410127255574,8.968854475753517],[77.29771679789195,8.964612237864515],[77.26448934480749,8.982712357589264],[77.2621761050433,8.99752424294951],[77.29922113974385,8.995697482452897],[77.30621084875173,9.001957596665818],[77.31224430593005,8.990408396830105],[77.3870306970091,8.974799320931936],[77.41824499071379,9.026379163467652],[77.476708763099,9.024946384268276],[77.48648447198087,9.044502170938472],[77.51925630153715,9.045754132447314],[77.53369311204756,9.087782179304156],[77.53524702453063,9.080461255382659],[77.55468072193781,9.082825618007917],[77.5640503923118,9.059823080670697],[77.586781079883,9.053811888008283],[77.60017261647312,9.029741533445076],[77.61914775046836,9.032788162243946],[77.62283429726506,9.014526611513986],[77.60127258266363,9.013591955104687],[77.59442504028345,8.984773046139196],[77.58456824133134,8.982293117933068],[77.59064228221558,8.966087196167223],[77.61182264290073,8.961272514614905],[77.6192417332195,8.947727350436935]]]}},{"id":"658","type":"Feature","properties":{"ST_NAME":"TAMIL NADU","AC_NO":217,"AC_NAME":"Ottapidaram(SC)","DIST_NAME":"THOOTHUKKUDI","PC_NAME":"THOOTHUKKUDI"},"geometry":{"type":"MultiPolygon","coordinates":[[[[78.20924595093993,8.833869281742011],[78.20466558414944,8.832064623883355],[78.20390095086822,8.837290034807324],[78.20924595093993,8.833869281742011]]],[[[78.21335031016872,8.834466209448067],[78.20809598604097,8.84012940314949],[78.21257675651214,8.837960456909627],[78.21335031016872,8.834466209448067]]],[[[78.22569402775724,8.872858924100115],[78.22648104336554,8.866404166918812],[78.22073993420065,8.87263702807644],[78.22569402775724,8.872858924100115]]],[[[78.22309829744853,8.88161958617502],[78.21851698007464,8.879910337392232],[78.2177527523877,8.885131348832715],[78.22309829744853,8.88161958617502]]],[[[77.83734960020394,8.971521745332325],[77.83932314354831,8.962261108763187],[77.84858819938597,8.96912294047138],[77.85102405091925,8.95199301386657],[77.91608865556708,8.962997318071814],[77.91699462899896,8.935425348800834],[77.93944874086674,8.930910658600055],[77.94763440340506,8.950167955786583],[77.9622034709135,8.938281812355797],[77.98359275130451,8.943091535945655],[77.98647531048726,8.932282608555568],[77.99745814517729,8.93230465813349],[78.00915734923234,8.933751115121936],[78.00985586615536,8.943243518673512],[78.02646890381692,8.953607546051444],[78.04379981361058,8.955838120133194],[78.06849129393811,8.948962941586558],[78.05667787958055,8.929084771345174],[78.06093968222063,8.917864194576964],[78.08295548970415,8.92155638551884],[78.09514517411054,8.939832841612372],[78.11753275683134,8.919423890600115],[78.12947051505228,8.931467862352008],[78.18498325117616,8.91039592663077],[78.18233782882777,8.891118715756193],[78.17174397520432,8.882861338579971],[78.166609158386,8.826111618256618],[78.16096827236794,8.834658193121186],[78.12933629033756,8.81254812409668],[78.09175863305455,8.826791762030268],[78.08491921964634,8.843050911070748],[78.07007436244191,8.810008053728723],[78.09075921916269,8.785264295810634],[78.10510810565461,8.780683599868269],[78.1050692081775,8.767414148943885],[78.12598103669552,8.76078701690733],[78.11624477657523,8.756370700847242],[78.1213078850509,8.726931620298103],[78.09720699310833,8.729580728068186],[78.09421872761226,8.712688548937422],[78.08266369027712,8.703677067742547],[78.06723084372851,8.704324582313689],[78.06014519504475,8.712954442493583],[78.02632046171999,8.6741476709783],[77.99160230410308,8.698866723620426],[77.99310307474718,8.673943876508758],[78.00408459642705,8.666941450187835],[77.99410166665865,8.659057976944155],[77.97366446254495,8.659816684592386],[77.9804134608126,8.67933995717334],[77.96806068615177,8.688090911966071],[77.96293720978446,8.689162378640901],[77.95989967672875,8.671541707284007],[77.95267761348111,8.675723980177565],[77.94634779281643,8.669052276841171],[77.94128110503902,8.687856142147268],[77.89464069711056,8.699299771467338],[77.89948242847134,8.673720720534845],[77.89229555929268,8.660821556469728],[77.86661499558562,8.668387454817207],[77.84844003697816,8.658440584265577],[77.84427483501565,8.667020779385496],[77.81435823964108,8.663812114337645],[77.82529589508954,8.67326347912632],[77.82451657138273,8.680785621859002],[77.81149722012066,8.681903554705343],[77.82664789718274,8.733430290475553],[77.81676055005937,8.772666910949226],[77.84670324465907,8.787989450252951],[77.85246331063331,8.802961657754338],[77.81968077195012,8.838803938251203],[77.81005564465232,8.873100539558322],[77.7890645822647,8.885256960740207],[77.78547816418597,8.90150214510794],[77.82323817340301,8.923280123279142],[77.82620513935575,8.93360136541071],[77.84106483267595,8.930810734028228],[77.83639508046866,8.949068256694716],[77.82298743612131,8.953348581771706],[77.83734960020394,8.971521745332325]]]]}},{"id":"659","type":"Feature","properties":{"ST_NAME":"TAMIL NADU","AC_NO":224,"AC_NAME":"Tirunelveli","DIST_NAME":"TIRUNELVELI","PC_NAME":"TIRUNELVELI"},"geometry":{"type":"Polygon","coordinates":[[[77.65516284199163,8.953184316103375],[77.65660610278945,8.931822266284598],[77.68670256077462,8.9171321230491],[77.69640023997914,8.927028118952592],[77.73619357677222,8.924148814416299],[77.73711271268161,8.932011685091254],[77.74663908452618,8.933478591763674],[77.76147727055962,8.924640276827347],[77.76170381248102,8.889214265525993],[77.81005564465232,8.873100539558322],[77.81968077195012,8.838803938251203],[77.80629031184844,8.831647781819697],[77.80428820963323,8.783250263189132],[77.76763342404337,8.776374469506209],[77.70921750548354,8.719640849745474],[77.69171176388687,8.719957422796881],[77.67876732435258,8.704246846714625],[77.66651252273482,8.71006652155279],[77.6538491357291,8.692632739209614],[77.65732937894774,8.681488645284787],[77.60577112643637,8.694255547855278],[77.59688829775678,8.68875566384287],[77.56124649323112,8.705102518366573],[77.56505761231904,8.718137841588145],[77.5558523164313,8.744558797350692],[77.5686835942725,8.76326008418556],[77.5559562303958,8.787620616698177],[77.57140673873005,8.789667459285852],[77.57094452766785,8.811945366985128],[77.57456240313246,8.808094323394357],[77.58861060129829,8.827424270513745],[77.59351237949278,8.871971495588127],[77.56604494022184,8.878956493047781],[77.5708012962429,8.891064896727642],[77.56036525655139,8.911290683718107],[77.5923959772926,8.906883654057424],[77.5942183733793,8.944202915432243],[77.60931041014737,8.939932335409026],[77.6126658229694,8.923333698591364],[77.6192417332195,8.947727350436935],[77.65516284199163,8.953184316103375]]]}},{"id":"660","type":"Feature","properties":{"ST_NAME":"TAMIL NADU","AC_NO":223,"AC_NAME":"Alangulam","DIST_NAME":"TIRUNELVELI","PC_NAME":"TENKASI (SC)"},"geometry":{"type":"Polygon","coordinates":[[[77.59389903581189,8.94109083577348],[77.5923959772926,8.906883654057424],[77.56036525655139,8.911290683718107],[77.5708012962429,8.891064896727642],[77.56604494022184,8.878956493047781],[77.59351237949278,8.871971495588127],[77.58861060129829,8.827424270513745],[77.57456240313246,8.808094323394357],[77.57094452766785,8.811945366985128],[77.57140673873005,8.789667459285852],[77.5559562303958,8.787620616698177],[77.5686835942725,8.76326008418556],[77.5558523164313,8.744558797350692],[77.56505761231904,8.718137841588145],[77.56124649323112,8.705102518366573],[77.51353693708006,8.733878597119599],[77.47787553722634,8.726454644166552],[77.44211231343257,8.739725630233693],[77.4245158689123,8.75833448205077],[77.4181518776071,8.749707080617327],[77.39898604506999,8.748116331003928],[77.40218370601326,8.739352229921508],[77.3730631050783,8.752354469783029],[77.3632644050283,8.739240776940335],[77.34487353088878,8.742428044418773],[77.33143154143255,8.752540737365166],[77.32520371108245,8.774858611835498],[77.31310357487013,8.778016024519957],[77.31031787267176,8.767987795000806],[77.30075675192262,8.773880162039916],[77.30059985439982,8.79716364938298],[77.31346239357464,8.804736758494641],[77.3125232045823,8.814017851942367],[77.29218902050695,8.815206267355393],[77.29267666259796,8.828576261585226],[77.30458052986762,8.836736317726945],[77.29945404706666,8.849921741395292],[77.30932239421315,8.856366058346964],[77.29944609705979,8.87969015457702],[77.31433184284032,8.87092057122743],[77.38763110329285,8.871849177897275],[77.4033242019504,8.861777530009078],[77.40676304397937,8.893313973461147],[77.39371014710565,8.89389570622194],[77.38683562056747,8.938494575764082],[77.39550220995909,8.930181698726471],[77.41169890558007,8.937951796238451],[77.4401060491549,8.920913303706072],[77.44037151643238,8.926434961204563],[77.4639340777955,8.918808148177561],[77.47874638943438,8.926034501191339],[77.4773049965284,8.91451196895224],[77.50243770763416,8.908108673676395],[77.51292650875143,8.908824516038635],[77.4977590890108,8.921651985250946],[77.50859724886402,8.92426953940776],[77.51385237878429,8.941012642419537],[77.51860364014595,8.92579994451188],[77.53831425320027,8.94329340316807],[77.59389903581189,8.94109083577348]]]}},{"id":"661","type":"Feature","properties":{"ST_NAME":"TAMIL NADU","AC_NO":225,"AC_NAME":"Ambasamudram","DIST_NAME":"TIRUNELVELI","PC_NAME":"TIRUNELVELI"},"geometry":{"type":"Polygon","coordinates":[[[77.25667308959146,8.878239537324816],[77.29944609705979,8.87969015457702],[77.30932239421315,8.856366058346964],[77.29945404706666,8.849921741395292],[77.30458052986762,8.836736317726945],[77.29267666259796,8.828576261585226],[77.29218902050695,8.815206267355393],[77.3125232045823,8.814017851942367],[77.31346239357464,8.804736758494641],[77.30059985439982,8.79716364938298],[77.30075675192262,8.773880162039916],[77.31031787267176,8.767987795000806],[77.31310357487013,8.778016024519957],[77.32520371108245,8.774858611835498],[77.33143154143255,8.752540737365166],[77.34487353088878,8.742428044418773],[77.3632644050283,8.739240776940335],[77.3730631050783,8.752354469783029],[77.40218370601326,8.739352229921508],[77.39898604506999,8.748116331003928],[77.4181518776071,8.749707080617327],[77.4245158689123,8.75833448205077],[77.44211231343257,8.739725630233693],[77.47787553722634,8.726454644166552],[77.51353693708006,8.733878597119599],[77.55435188213369,8.705679897509299],[77.59688829775678,8.68875566384287],[77.60577112643637,8.694255547855278],[77.65732937894774,8.681488645284787],[77.65455870352139,8.637113213204259],[77.63292834636616,8.643691262941502],[77.61974018066485,8.620459032458427],[77.61174142512675,8.623455916157639],[77.6166560609285,8.608866074309958],[77.60011875337784,8.605559741988543],[77.61407645276614,8.572011973773613],[77.60199733730735,8.575358128974528],[77.60299824946969,8.583107948573002],[77.556393498761,8.596719672474933],[77.48008786046643,8.585554573085119],[77.4639991941076,8.57242507555685],[77.43784819953481,8.59168185293521],[77.43140554902692,8.568552354707435],[77.41218721676671,8.54652192334811],[77.38491630454388,8.552687552088912],[77.36406855721822,8.530361530660173],[77.3510270295738,8.546347560091874],[77.2689887276477,8.578918680752565],[77.24555789538061,8.603518472499559],[77.24606236198849,8.620879764089864],[77.20131686248328,8.668763366036558],[77.20721839361403,8.684987699622695],[77.1706432366961,8.746791938996864],[77.19145228529482,8.742459467630397],[77.19694834898718,8.768385243184468],[77.21795197940037,8.768297376722614],[77.2132360452074,8.779132430317475],[77.22992483186556,8.785247090880603],[77.23208708714941,8.807840487948226],[77.24694721574144,8.814730447752027],[77.26238247427182,8.841706714193549],[77.25667308959146,8.878239537324816]]]}},{"id":"662","type":"Feature","properties":{"ST_NAME":"TAMIL NADU","AC_NO":227,"AC_NAME":"Nanguneri","DIST_NAME":"TIRUNELVELI","PC_NAME":"TIRUNELVELI"},"geometry":{"type":"Polygon","coordinates":[[[77.81968077195012,8.838803938251203],[77.85246331063331,8.802961657754338],[77.84670324465907,8.787989450252951],[77.81676055005937,8.772666910949226],[77.82664789718274,8.733430290475553],[77.81149722012066,8.681903554705343],[77.82451657138273,8.680785621859002],[77.82529589508954,8.67326347912632],[77.81659304413375,8.672305247888914],[77.80541239096914,8.65154625735397],[77.81888017208234,8.65031149897652],[77.81882775419757,8.632859218478188],[77.80494525252146,8.61480288494522],[77.79498139647433,8.614191376530869],[77.78793796466539,8.624308101138013],[77.7807824017865,8.584249698165081],[77.8030898342285,8.576542358942731],[77.79569566862028,8.565684245831335],[77.81228910915513,8.570192423141862],[77.81283999067307,8.5538457862541],[77.82032911659553,8.552424031843657],[77.81773511928037,8.534925399387703],[77.80773203660425,8.53256092884385],[77.82711724526473,8.514615635503219],[77.83049131722055,8.489365440562665],[77.83974111336175,8.484809198086054],[77.83328954337776,8.432524300556054],[77.84926132035372,8.42238579526827],[77.8597156567522,8.400778145994707],[77.85788075199514,8.386946084594172],[77.8349721227653,8.383436894896818],[77.83671587673638,8.372749997414473],[77.82788909650463,8.366970146355243],[77.8006922875191,8.371619020801234],[77.77668450238792,8.366155121361828],[77.75712807270247,8.404425735959023],[77.74368759500658,8.41055717697219],[77.74184567104095,8.396259634574506],[77.72575156468304,8.401332920677817],[77.70567860488376,8.440053705314313],[77.69388584345694,8.441509471185213],[77.68263370228357,8.430333177933846],[77.64467814897745,8.439120036360634],[77.64562277706955,8.425398389224313],[77.66630665263,8.416524256988907],[77.65978819107221,8.409359179282774],[77.66931322922221,8.400216370089481],[77.65074948200305,8.387215518781204],[77.64921298938799,8.39381841678653],[77.64016542739262,8.389584640618693],[77.63162053246168,8.421170529696212],[77.62801637795354,8.405159892115364],[77.62059152567844,8.40620462194579],[77.62214895541001,8.427615618266202],[77.61659284218598,8.416313718503375],[77.59987124196431,8.427015948527242],[77.61076508244264,8.410007763147803],[77.58714405345535,8.420087150601546],[77.58256202291909,8.408323922910768],[77.57061943893603,8.415689422628816],[77.56063021661129,8.405081872330584],[77.55080957939862,8.411466875396059],[77.55597039471797,8.403193677346394],[77.54472360810809,8.39425214092364],[77.54141878305046,8.360443853501067],[77.5347484053147,8.360539803968834],[77.5415753972868,8.37857012101432],[77.5313493528904,8.392378725397919],[77.51943841245281,8.381920422989197],[77.5074596055764,8.386436018807274],[77.49046562319,8.380637170469072],[77.47245980997229,8.401416559426707],[77.46330318719237,8.430400602805605],[77.47252145040466,8.451672941652987],[77.46679038127115,8.468698549598457],[77.44580951539689,8.474533759325595],[77.44629223280037,8.498363341095342],[77.39022774191682,8.522670972787239],[77.37555769762969,8.51669986560637],[77.36406855721822,8.530361530660173],[77.38491630454388,8.552687552088912],[77.41218721676671,8.54652192334811],[77.43140554902692,8.568552354707435],[77.43784819953481,8.59168185293521],[77.4639991941076,8.57242507555685],[77.48008786046643,8.585554573085119],[77.556393498761,8.596719672474933],[77.60299824946969,8.583107948573002],[77.60199733730735,8.575358128974528],[77.61407645276614,8.572011973773613],[77.60011875337784,8.605559741988543],[77.6166560609285,8.608866074309958],[77.61174142512675,8.623455916157639],[77.61974018066485,8.620459032458427],[77.63292834636616,8.643691262941502],[77.65455870352139,8.637113213204259],[77.65955879110538,8.654328518746183],[77.6538491357291,8.692632739209614],[77.66651252273482,8.71006652155279],[77.67876732435258,8.704246846714625],[77.68453520543545,8.713945177927656],[77.69151935303574,8.707822548471881],[77.68356966900507,8.697668315840133],[77.69618856115324,8.697724581923978],[77.70859127426797,8.670507880834066],[77.77226387857519,8.671907238528263],[77.77663105927604,8.688465037131834],[77.7963800383082,8.709437170589013],[77.78255025309176,8.711415971370059],[77.79252919976284,8.732193308974104],[77.77714510726094,8.7441626828616],[77.76252613547285,8.73222626013387],[77.74341447629712,8.748575956515253],[77.74268725301437,8.758687682690436],[77.76763342404337,8.776374469506209],[77.80428820963323,8.783250263189132],[77.80629031184844,8.831647781819697],[77.81968077195012,8.838803938251203]]]}},{"id":"663","type":"Feature","properties":{"ST_NAME":"TAMIL NADU","AC_NO":214,"AC_NAME":"Thoothukkudi","DIST_NAME":"THOOTHUKKUDI","PC_NAME":"THOOTHUKKUDI"},"geometry":{"type":"MultiPolygon","coordinates":[[[[78.16546020972095,8.79738531068358],[78.16497821357376,8.798008596619468],[78.16548700681994,8.798289288519925],[78.16546020972095,8.79738531068358]]],[[[78.09175863305455,8.826791762030268],[78.12933629033756,8.81254812409668],[78.16096827236794,8.834658193121186],[78.16820422564456,8.815932138957123],[78.16028211212983,8.803024483493175],[78.16561927011327,8.763818606343648],[78.16991484139686,8.775779918708338],[78.1690543709625,8.763249748277303],[78.17296852717584,8.774257332310071],[78.19701087055529,8.762673803553241],[78.19796912157773,8.769793029324887],[78.19129006898157,8.767233340246491],[78.20150203179338,8.77710304896658],[78.20045982006468,8.792860091220291],[78.20283603395586,8.763714366824615],[78.15991432628516,8.716265001628585],[78.11113550320096,8.697608068457669],[78.09421872761226,8.712688548937422],[78.09720699310833,8.729580728068186],[78.1213078850509,8.726931620298103],[78.11624477657523,8.756370700847242],[78.12598103669552,8.76078701690733],[78.1050692081775,8.767414148943885],[78.10510810565461,8.780683599868269],[78.09075921916269,8.785264295810634],[78.07007436244191,8.810008053728723],[78.08491921964634,8.843050911070748],[78.09175863305455,8.826791762030268]]]]}},{"id":"664","type":"Feature","properties":{"ST_NAME":"TAMIL NADU","AC_NO":226,"AC_NAME":"Palayamkottai","DIST_NAME":"TIRUNELVELI","PC_NAME":"TIRUNELVELI"},"geometry":{"type":"Polygon","coordinates":[[[77.74268725301437,8.758687682690436],[77.74341447629712,8.748575956515253],[77.76252613547285,8.73222626013387],[77.77204262826473,8.74382147558066],[77.78691762624749,8.738555672506322],[77.79252919976284,8.732193308974104],[77.78255025309176,8.711415971370059],[77.7963800383082,8.709437170589013],[77.77663105927604,8.688465037131834],[77.77226387857519,8.671907238528263],[77.70859127426797,8.670507880834066],[77.69618856115324,8.697724581923978],[77.68356966900507,8.697668315840133],[77.69151935303574,8.707822548471881],[77.68453520543545,8.713945177927656],[77.70921750548354,8.719640849745474],[77.74268725301437,8.758687682690436]]]}},{"id":"665","type":"Feature","properties":{"ST_NAME":"TAMIL NADU","AC_NO":216,"AC_NAME":"Srivaikuntam","DIST_NAME":"THOOTHUKKUDI","PC_NAME":"THOOTHUKKUDI"},"geometry":{"type":"Polygon","coordinates":[[[78.15991432628516,8.716265001628585],[78.13852612777862,8.680180242324354],[78.13794871895828,8.65340268468617],[78.10388352760276,8.64790084644693],[78.10299612247314,8.63570107254651],[78.08640134284775,8.635912891666692],[78.05886591123289,8.619587946426634],[77.99063541599173,8.61558621513177],[77.97509708796031,8.602878726272252],[77.97810468708172,8.592927233205273],[77.96935779003002,8.59283084027112],[77.96740933147555,8.575238850092887],[77.97325613885977,8.575281814304333],[77.96614701427336,8.57339139439739],[77.96265606282708,8.549576524636961],[77.95497279935529,8.549920887638905],[77.95239130891184,8.540708481711135],[77.97117164075866,8.531942265423254],[77.98701115264265,8.491135220913748],[77.96463187606031,8.507083865528045],[77.97128887907854,8.488635954585675],[77.96716909018141,8.464896867096797],[77.97579793952337,8.464583468652222],[77.96295776918578,8.45060023571233],[77.98366621962037,8.435252397580143],[77.97601102039232,8.422259894678461],[77.98662470856351,8.416217485648474],[77.99415401619495,8.39326765757636],[77.99883504680002,8.387073135416927],[78.00433907848571,8.392755422624703],[78.00658097233406,8.35592092640968],[77.97353021984384,8.337474174693455],[77.91305384385987,8.323551722434104],[77.89126005560712,8.325641403328177],[77.88525006713695,8.350245583766707],[77.85778195337451,8.34456174073182],[77.86019136304105,8.35771445875531],[77.8478761674512,8.355386191319724],[77.8492243977878,8.36417537899058],[77.84209404470448,8.364996463615967],[77.85392779183417,8.37611910331401],[77.8349721227653,8.383436894896818],[77.85957192260622,8.392628104703306],[77.84926132035372,8.42238579526827],[77.83328954337776,8.432524300556054],[77.83974111336175,8.484809198086054],[77.83049131722055,8.489365440562665],[77.82711724526473,8.514615635503219],[77.80773203660425,8.53256092884385],[77.81773511928037,8.534925399387703],[77.82032911659553,8.552424031843657],[77.81283999067307,8.5538457862541],[77.81228910915513,8.570192423141862],[77.79569566862028,8.565684245831335],[77.8030898342285,8.576542358942731],[77.7807824017865,8.584249698165081],[77.78793796466539,8.624308101138013],[77.79498139647433,8.614191376530869],[77.80494525252146,8.61480288494522],[77.81882775419757,8.632859218478188],[77.81888017208234,8.65031149897652],[77.80541239096914,8.65154625735397],[77.81435823964108,8.663812114337645],[77.84427483501565,8.667020779385496],[77.84844003697816,8.658440584265577],[77.86661499558562,8.668387454817207],[77.89229555929268,8.660821556469728],[77.89948242847134,8.673720720534845],[77.89464069711056,8.699299771467338],[77.94128110503902,8.687856142147268],[77.94634779281643,8.669052276841171],[77.95267761348111,8.675723980177565],[77.95989967672875,8.671541707284007],[77.96293720978446,8.689162378640901],[77.96806068615177,8.688090911966071],[77.9804134608126,8.67933995717334],[77.97366446254495,8.659816684592386],[77.99410166665865,8.659057976944155],[78.00408459642705,8.666941450187835],[77.99310307474718,8.673943876508758],[77.99160230410308,8.698866723620426],[78.02632046171999,8.6741476709783],[78.06014519504475,8.712954442493583],[78.06723084372851,8.704324582313689],[78.08266369027712,8.703677067742547],[78.09421872761226,8.712688548937422],[78.11113550320096,8.697608068457669],[78.15991432628516,8.716265001628585]]]}},{"id":"666","type":"Feature","properties":{"ST_NAME":"TAMIL NADU","AC_NO":215,"AC_NAME":"Tiruchendur","DIST_NAME":"THOOTHUKKUDI","PC_NAME":"THOOTHUKKUDI"},"geometry":{"type":"Polygon","coordinates":[[[78.1316545123459,8.657373315626046],[78.13794871895828,8.65340268468617],[78.13497572395056,8.616160983542613],[78.1447009269063,8.598022916924151],[78.13062196293328,8.547913706052725],[78.14327432425074,8.501672381275398],[78.06366501562803,8.41243641560817],[78.0567070257087,8.384604130376374],[78.06643374672007,8.373792415087962],[78.00658097233406,8.35592092640968],[78.00433907848571,8.392755422624703],[77.99883504680002,8.387073135416927],[77.99415401619495,8.39326765757636],[77.98662470856351,8.416217485648474],[77.97601102039232,8.422259894678461],[77.98366621962037,8.435252397580143],[77.96295776918578,8.45060023571233],[77.97579793952337,8.464583468652222],[77.96716909018141,8.464896867096797],[77.97128887907854,8.488635954585675],[77.96463187606031,8.507083865528045],[77.98701115264265,8.491135220913748],[77.97117164075866,8.531942265423254],[77.95239130891184,8.540708481711135],[77.95497279935529,8.549920887638905],[77.96265606282708,8.549576524636961],[77.96614701427336,8.57339139439739],[77.97325613885977,8.575281814304333],[77.96740933147555,8.575238850092887],[77.96935779003002,8.59283084027112],[77.97810468708172,8.592927233205273],[77.97509708796031,8.602878726272252],[77.99063541599173,8.61558621513177],[78.05886591123289,8.619587946426634],[78.08640134284775,8.635912891666692],[78.10299612247314,8.63570107254651],[78.10388352760276,8.64790084644693],[78.11642023070914,8.646850579490717],[78.1316545123459,8.657373315626046]]]}},{"id":"667","type":"Feature","properties":{"ST_NAME":"TAMIL NADU","AC_NO":233,"AC_NAME":"Vilavancode","DIST_NAME":"KANNIYAKUMARI","PC_NAME":"KANNIYAKUMARI"},"geometry":{"type":"Polygon","coordinates":[[[77.33407467590564,8.553237508204461],[77.33354915526934,8.541469919701058],[77.31460737443086,8.539299485982554],[77.30361965912005,8.51071529827243],[77.30418914491315,8.472881138154037],[77.3126167583568,8.458351753230886],[77.30468702668497,8.43424534394751],[77.25980043074532,8.395687526358302],[77.25922074574089,8.354929050635235],[77.24706811070479,8.34752877413365],[77.25378821825171,8.342762067815215],[77.24664651842215,8.333865628795763],[77.25480825449739,8.295975618080377],[77.24982360107839,8.271982613306989],[77.23085475244494,8.269638533991213],[77.21885272867053,8.280747326827736],[77.18330996108591,8.277939723439545],[77.17571574218783,8.293790993059929],[77.18817993475625,8.30980397157606],[77.16667015420433,8.342708165149759],[77.17394621004962,8.358640151621728],[77.16792462931824,8.363584824779878],[77.15207718631314,8.354795295366614],[77.16069368346677,8.374135900351575],[77.15142215970496,8.384764606301587],[77.1607155621735,8.389853474058611],[77.16823934257167,8.384478051720748],[77.18191302886322,8.396238689364054],[77.20629106038416,8.444643969143897],[77.22741736012313,8.447638965166163],[77.2022119154476,8.50183560822677],[77.21400571019541,8.512774177386405],[77.22955933119823,8.509177863167906],[77.23935359669122,8.49664650023584],[77.26185659570541,8.50650087371639],[77.2837449090004,8.54698825600326],[77.2689887276477,8.578918680752565],[77.33407467590564,8.553237508204461]]]}},{"id":"668","type":"Feature","properties":{"ST_NAME":"TAMIL NADU","AC_NO":232,"AC_NAME":"Padmanabhapuram","DIST_NAME":"KANNIYAKUMARI","PC_NAME":"KANNIYAKUMARI"},"geometry":{"type":"MultiPolygon","coordinates":[[[[77.31735273394156,8.121501806363312],[77.31712504358597,8.12164150075472],[77.31731554337767,8.121881178173908],[77.31735273394156,8.121501806363312]]],[[[77.32263159067543,8.122580112382309],[77.32291778912474,8.122391226873674],[77.32248806607146,8.122001396847054],[77.32263159067543,8.122580112382309]]],[[[77.3250280456079,8.123116153287867],[77.32461356516399,8.123607506881001],[77.3251038998252,8.123617619757397],[77.3250280456079,8.123116153287867]]],[[[77.31064242181037,8.125854332611425],[77.31083084956413,8.124987679338005],[77.31019058892457,8.125392602686532],[77.31064242181037,8.125854332611425]]],[[[77.309794967264,8.125851762348987],[77.30508258809101,8.129040226825055],[77.30975046161456,8.126949897519808],[77.309794967264,8.125851762348987]]],[[[77.32543155522217,8.169430069542102],[77.33721870757734,8.1259093216579],[77.31552378719306,8.12210626499217],[77.31095226343626,8.126727523956106],[77.3037185152973,8.131611455104633],[77.31742761059581,8.153251230859667],[77.31598348914679,8.17058604820761],[77.32543155522217,8.169430069542102]],[[77.3239641296409,8.125326814580887],[77.32475359500245,8.126634794859967],[77.32326404430029,8.125988743485777],[77.3239641296409,8.125326814580887]]],[[[77.33407467590564,8.553237508204461],[77.36074563150572,8.540709551005023],[77.37555769762969,8.51669986560637],[77.39022774191682,8.522670972787239],[77.43972267626054,8.505705461138177],[77.44868790891991,8.487044576346193],[77.44229513571202,8.442297602852136],[77.40356056896513,8.411216478957385],[77.40601167300036,8.401340485774824],[77.39065344410125,8.373912798337017],[77.4049189562449,8.34330350375376],[77.38340497765768,8.3139300467343],[77.39464015671791,8.29905250007289],[77.38089076369783,8.292347628840048],[77.37941211907412,8.272429088032027],[77.39531354208634,8.25255425337616],[77.35315811975147,8.228148225060579],[77.33144594317577,8.240207497877748],[77.32556327532495,8.22763845694925],[77.27056592447786,8.21323406430065],[77.2762159044405,8.236662268748773],[77.29593939039063,8.246141717566275],[77.29621523944178,8.262783240354281],[77.27545278112103,8.28862975326058],[77.25329541944808,8.301846586650697],[77.24664651842215,8.333865628795763],[77.25378821825171,8.342762067815215],[77.24706811070479,8.34752877413365],[77.25922074574089,8.354929049735915],[77.26170777139657,8.399820490323407],[77.27563898215334,8.403144049158584],[77.30468702668497,8.43424534394751],[77.3126167583568,8.458351753230886],[77.30418914491315,8.472881138154037],[77.30361965912005,8.51071529827243],[77.31460737443086,8.539299485982554],[77.33354915526934,8.541469919701058],[77.33407467590564,8.553237508204461]]]]}},{"id":"669","type":"Feature","properties":{"ST_NAME":"TAMIL NADU","AC_NO":229,"AC_NAME":"Kanniyakumari","DIST_NAME":"KANNIYAKUMARI","PC_NAME":"KANNIYAKUMARI"},"geometry":{"type":"Polygon","coordinates":[[[77.49046562319,8.380637170469072],[77.51943841245281,8.381920422989197],[77.5313493528904,8.392378725397919],[77.5415753972868,8.37857012101432],[77.53370133814627,8.367885477233017],[77.5417931816101,8.335557458609856],[77.53250917166099,8.33566590965404],[77.53078591413868,8.319052899871508],[77.56410947147498,8.279252410770198],[77.55332878279717,8.276722500942697],[77.56266628352222,8.275362429232757],[77.5583123165602,8.26952076776928],[77.57672899584657,8.244187649040839],[77.5484499579992,8.244830215542038],[77.54169323545449,8.23190613755827],[77.54057881805807,8.22163970191076],[77.5499074406759,8.220202826299442],[77.54549417781413,8.195774550555086],[77.55292994875816,8.191909294078698],[77.54177587145938,8.185337128605624],[77.54693182504377,8.179652615575776],[77.53840688337101,8.174315927937755],[77.539222817579,8.162719948067206],[77.58354724101241,8.154741074740855],[77.58983033200428,8.140320150754405],[77.56589103744147,8.117369204824968],[77.57115911040466,8.093323419740102],[77.55593421499208,8.076644669515929],[77.41152565748314,8.103571107220887],[77.4252537581545,8.15326631159104],[77.45278454567028,8.150336270002924],[77.4509960899976,8.16604455820982],[77.45927565344869,8.169956982328927],[77.46888286894932,8.205215356403642],[77.45483937783507,8.207671352750765],[77.44573759661284,8.199874209027598],[77.439939782495,8.232712653166459],[77.43560155366885,8.219515596767451],[77.42515464027451,8.226699301231804],[77.41823441558586,8.219357178491066],[77.3947827424297,8.227241010564228],[77.39531354208634,8.25255425337616],[77.37941211907412,8.272429088032027],[77.38089076369783,8.292347628840048],[77.39464015671791,8.29905250007289],[77.38340497765768,8.3139300467343],[77.4049189562449,8.34330350375376],[77.39065344410125,8.373912798337017],[77.40601167300036,8.401340485774824],[77.40356056896513,8.411216478957385],[77.43772934333458,8.433403572217117],[77.44580951539689,8.474533759325595],[77.46679038127115,8.468698549598457],[77.47252145040466,8.451672941652987],[77.46330318719237,8.430400602805605],[77.47245980997229,8.401416559426707],[77.49046562319,8.380637170469072]]]}},{"id":"670","type":"Feature","properties":{"ST_NAME":"TAMIL NADU","AC_NO":228,"AC_NAME":"Radhapuram","DIST_NAME":"TIRUNELVELI","PC_NAME":"TIRUNELVELI"},"geometry":{"type":"Polygon","coordinates":[[[77.71123879113736,8.431605336417192],[77.72575156468304,8.401332920677817],[77.74184567104095,8.396259634574506],[77.74368759500658,8.41055717697219],[77.75712807270247,8.404425735959023],[77.77668450238792,8.366155121361828],[77.8006922875191,8.371619020801234],[77.82788909650463,8.366970146355243],[77.8378117986756,8.380199311249271],[77.85392779183417,8.37611910331401],[77.84209404470448,8.364996463615967],[77.8492243977878,8.36417537899058],[77.8478761674512,8.355386191319724],[77.86019136304105,8.35771445875531],[77.86237706634859,8.342078628925606],[77.8734617222807,8.352455244114253],[77.88525006713695,8.350245583766707],[77.89126005560712,8.325641403328177],[77.91305384385987,8.323551722434104],[77.97353021984384,8.337474174693455],[77.89088375048476,8.270485887813493],[77.84108011755342,8.251660829084017],[77.83255706085976,8.229070669575776],[77.80454942041945,8.202954540819462],[77.80569785377298,8.180545966123475],[77.79369050781077,8.16231516321426],[77.75796443141343,8.145306632495135],[77.72955638222135,8.16413960346],[77.58983033200428,8.140320150754405],[77.58354724101241,8.154741074740855],[77.539222817579,8.162719948067206],[77.53840688337101,8.174315927937755],[77.54693182504377,8.179652615575776],[77.54177587145938,8.185337128605624],[77.55292994875816,8.191909294078698],[77.5438405422073,8.205688462752391],[77.5499074406759,8.220202826299442],[77.54057881805807,8.22163970191076],[77.5453060207563,8.240400095787834],[77.56976255589728,8.24850014016937],[77.57672899584657,8.244187649040839],[77.5583123165602,8.26952076776928],[77.56266628352222,8.275362429232757],[77.55332878279717,8.276722500942697],[77.56410947147498,8.279252410770198],[77.53078591413868,8.319052899871508],[77.53250917166099,8.33566590965404],[77.5417931816101,8.335557458609856],[77.5347484053147,8.360539803968834],[77.54141878305046,8.360443853501067],[77.54472360810809,8.39425214092364],[77.55597039471797,8.403193677346394],[77.55080957939862,8.411466875396059],[77.56063021661129,8.405081872330584],[77.57061943893603,8.415689422628816],[77.58256202291909,8.408323922910768],[77.58714405345535,8.420087150601546],[77.61076508244264,8.410007763147803],[77.59987124196431,8.427015948527242],[77.61659284218598,8.416313718503375],[77.62214895541001,8.427615618266202],[77.62059152567844,8.40620462194579],[77.62801637795354,8.405159892115364],[77.63162053246168,8.421170529696212],[77.64016542739262,8.389584640618693],[77.64921298938799,8.39381841678653],[77.65074948200305,8.387215518781204],[77.66931322922221,8.400216370089481],[77.65978819107221,8.409359179282774],[77.66630665263,8.416524256988907],[77.64562277706955,8.425398389224313],[77.64467814897745,8.439120036360634],[77.68263370228357,8.430333177933846],[77.69388584345694,8.441509471185213],[77.71123879113736,8.431605336417192]]]}},{"id":"671","type":"Feature","properties":{"ST_NAME":"TAMIL NADU","AC_NO":234,"AC_NAME":"Killiyoor","DIST_NAME":"KANNIYAKUMARI","PC_NAME":"KANNIYAKUMARI"},"geometry":{"type":"Polygon","coordinates":[[[77.17328667154271,8.319380067835937],[77.18290965125948,8.32497733223812],[77.18817993475625,8.30980397157606],[77.17571574218783,8.293790993059929],[77.18330996108591,8.277939723439545],[77.21885272867053,8.280747326827736],[77.2461847588196,8.267849746468698],[77.24298708258783,8.24156126713882],[77.25338339562728,8.230652164266019],[77.27228947248125,8.231034052379641],[77.27056592447786,8.21323406430065],[77.23896683605068,8.20821195321912],[77.2274505271202,8.189991163361526],[77.09779810599787,8.292488678509756],[77.10299521795503,8.306960829678587],[77.12242511572657,8.309442264249128],[77.11898229329825,8.321382338224396],[77.14841500664727,8.332237594189678],[77.15400863958712,8.327636869445996],[77.16852297165786,8.33418603295911],[77.17328667154271,8.319380067835937]]]}},{"id":"672","type":"Feature","properties":{"ST_NAME":"TAMIL NADU","AC_NO":231,"AC_NAME":"Colachel","DIST_NAME":"KANNIYAKUMARI","PC_NAME":"KANNIYAKUMARI"},"geometry":{"type":"MultiPolygon","coordinates":[[[[77.30176418057255,8.14015318622063],[77.30135552953413,8.140599698717153],[77.3018228829198,8.140465206004478],[77.30176418057255,8.14015318622063]]],[[[77.3016405031068,8.140749205611371],[77.3014634940451,8.140839451679426],[77.30157164651433,8.141006973792855],[77.3016405031068,8.140749205611371]]],[[[77.30113722720131,8.14065745317896],[77.30062950954431,8.140665017376705],[77.30089592290858,8.141135646992552],[77.30113722720131,8.14065745317896]]],[[[77.30170724269516,8.141187632303456],[77.30153495057755,8.1412369160509],[77.30156069816775,8.141467267500445],[77.30170724269516,8.141187632303456]]],[[[77.30137975547137,8.141408460831826],[77.30091670893904,8.141447518388304],[77.30119721737776,8.141963627619361],[77.30137975547137,8.141408460831826]]],[[[77.25095191749705,8.167938010630735],[77.25032531845875,8.168224838605454],[77.25071363402702,8.168781974908256],[77.25095191749705,8.167938010630735]]],[[[77.24630156996153,8.171649726753515],[77.2450919800109,8.169716660095844],[77.24331075039089,8.170826588076636],[77.24630156996153,8.171649726753515]]],[[[77.23732115224942,8.176155857207107],[77.24027373534466,8.174457966861723],[77.23558603356867,8.17560772581595],[77.23732115224942,8.176155857207107]]],[[[77.22728875617122,8.187268345357893],[77.2268336794308,8.187461401922235],[77.22714849970356,8.188275733538319],[77.22728875617122,8.187268345357893]]],[[[77.39790292228207,8.23418404475791],[77.38929773590183,8.214846354475753],[77.39834766940947,8.196126349151768],[77.39343156141746,8.183559258852767],[77.38030557124517,8.175074381977197],[77.37763355864189,8.18764692396644],[77.37066334243934,8.183576070779111],[77.35096348797464,8.16344180869254],[77.35387154473608,8.151615721088717],[77.33063513870076,8.13591806196905],[77.32543155522217,8.169430069542102],[77.31598348914679,8.17058604820761],[77.31742761059581,8.153251230859667],[77.30420736517783,8.13669977517452],[77.29957011986522,8.145722071616376],[77.28126855200213,8.158919217947584],[77.24742963187208,8.171676000447121],[77.23283058636252,8.180333979729426],[77.2274505271202,8.189991163361526],[77.23896683605068,8.20821195321912],[77.32556327532495,8.22763845694925],[77.33144594317577,8.240207497877748],[77.35315811975147,8.228148225060579],[77.39531354208634,8.25255425337616],[77.39790292228207,8.23418404475791]],[[77.24486158539389,8.173750427939922],[77.24466356547123,8.174359557647506],[77.2441298475145,8.174208766521417],[77.24486158539389,8.173750427939922]]],[[[77.29593939039063,8.246141717566275],[77.25338339562728,8.230652164266019],[77.24298708258783,8.24156126713882],[77.25329541944808,8.301846586650697],[77.27545278112103,8.28862975326058],[77.29621523944178,8.262783240354281],[77.29593939039063,8.246141717566275]]]]}},{"id":"673","type":"Feature","properties":{"ST_NAME":"TAMIL NADU","AC_NO":230,"AC_NAME":"Nagercoil","DIST_NAME":"KANNIYAKUMARI","PC_NAME":"KANNIYAKUMARI"},"geometry":{"type":"Polygon","coordinates":[[[77.439939782495,8.232712653166459],[77.44573759661284,8.199874209027598],[77.46185909632027,8.207836359460487],[77.4685361182473,8.197122754811346],[77.45927565344869,8.169956982328927],[77.4509960899976,8.16604455820982],[77.45278454567028,8.150336270002924],[77.4252537581545,8.15326631159104],[77.41152565748314,8.103571107220887],[77.33721870757734,8.1259093216579],[77.33063513870076,8.13591806196905],[77.35387154473608,8.151615721088717],[77.35096348797464,8.16344180869254],[77.37763355864189,8.18764692396644],[77.38030557124517,8.175074381977197],[77.39343156141746,8.183559258852767],[77.39834766940947,8.196126349151768],[77.38929773590183,8.214846354475753],[77.3947827424297,8.227241010564228],[77.41823441558586,8.219357178491066],[77.42515464027451,8.226699301231804],[77.43560155366885,8.219515596767451],[77.439939782495,8.232712653166459]]]}},{"id":"4181","type":"Feature","properties":{"ST_NAME":"TAMIL NADU","AC_NO":169,"AC_NAME":"Nannilam","DIST_NAME":"THIRUVARUR","PC_NAME":"NAGAPATTINAM (SC)"},"geometry":{"type":"Polygon","coordinates":[[[79.74810744410331,10.996376225582367],[79.76269977257652,10.962134920889923],[79.74504398629097,10.956648387313294],[79.74615807453557,10.96505138091652],[79.71922800716686,10.968466086041076],[79.71977007982537,10.952248607087597],[79.73235698308838,10.95122430805543],[79.73450288959674,10.957545638220665],[79.73727914981299,10.952461970343677],[79.72398885979811,10.941888252540878],[79.72476320216009,10.929025895928419],[79.74288204217254,10.924347006609139],[79.74492800162602,10.914583201153846],[79.73666371765648,10.909787659872677],[79.7252583661807,10.92141098003276],[79.71621720016373,10.913244768931008],[79.70401115798859,10.925025692581698],[79.69621769608983,10.918968583233607],[79.68097378091534,10.927824810866355],[79.67989350628034,10.91389355154621],[79.66820578476921,10.913820746030638],[79.66522497195496,10.90020734579241],[79.64989346641039,10.886294721324361],[79.65216615664286,10.874767475738452],[79.63648049447931,10.868635740646937],[79.63889488818859,10.860801239085959],[79.62748386019206,10.865898391397707],[79.62556941759459,10.85990387576328],[79.6541893596513,10.840238335830577],[79.65133009470816,10.823773382335787],[79.62968097319839,10.82237215674968],[79.63709559028933,10.81088342732835],[79.62089849536932,10.810739606847449],[79.61253534353136,10.798725348695939],[79.59932679019926,10.821328428764048],[79.56961206474506,10.829246722858045],[79.566412206758,10.841836915841043],[79.55452260543393,10.833728011338678],[79.52050509613332,10.83960084780091],[79.52488580893299,10.832867234235493],[79.50565504444478,10.825165430340405],[79.47414154719468,10.832079206889944],[79.47381651332148,10.824434085464702],[79.45369261502225,10.822098947208701],[79.44731887596544,10.831057232605247],[79.46426987165734,10.807099581980196],[79.45101480898632,10.804420083420155],[79.45614030343233,10.790441845314945],[79.4475535612479,10.782411332017432],[79.43864389679845,10.785015322599122],[79.44054941362458,10.775482290375464],[79.41719867048232,10.774681587984958],[79.40437958385075,10.790579000920218],[79.3689153792414,10.807840955195957],[79.3246497912549,10.809808116951103],[79.3206436110139,10.818989726494749],[79.28740020305696,10.832941142319896],[79.29094370099108,10.863342085568831],[79.27096803974331,10.873474305494824],[79.28190486152022,10.910817174972692],[79.2906828112628,10.910470748026626],[79.28849939403187,10.935990619071845],[79.33110424986131,10.921744518794583],[79.32779179315679,10.916566322278015],[79.36830263875584,10.894051909967743],[79.40576381045156,10.892949886128406],[79.45675531380675,10.86361610270103],[79.47191378169572,10.872602378596923],[79.48566466848973,10.869231933606898],[79.48819692464843,10.889434693456394],[79.50607494330404,10.893563466580758],[79.50628401949194,10.903983750150019],[79.49259382434559,10.905780988601805],[79.493449192926,10.916505934601275],[79.48422286909022,10.920980533025215],[79.50125285583471,10.941531590410591],[79.5185730070387,10.94621339083534],[79.51499339862653,10.970815239331898],[79.529726010547,10.969148036552667],[79.52812337279545,10.959521098020332],[79.5328666310902,10.968207610992522],[79.5533748034045,10.967487682110914],[79.56318407498514,10.976871269493529],[79.57432656451937,10.970739871647822],[79.57709795310808,10.982501047085691],[79.58513090896435,10.983324258607695],[79.60327406754425,10.971720915987532],[79.6039406333536,10.982500740416867],[79.63253017202987,10.980997820393156],[79.64224380161022,11.010099254077375],[79.67127529591824,11.017242980079516],[79.70092320624104,11.015285190159432],[79.73148422251893,10.994599421526118],[79.74810744410331,10.996376225582367]],[[79.72162485150574,10.935038758631833],[79.72229550563316,10.937355811521513],[79.72025881818996,10.937197918449215],[79.72162485150574,10.935038758631833]],[[79.73882803598514,10.920128859759132],[79.73970673567737,10.920151232193632],[79.73944799982542,10.921378331944538],[79.73882803598514,10.920128859759132]]]}}]}